Semana,Ciudad,Marca,Store ID,Store Name,Cocina,Avg RTWT (limpio),Current Size (m),Final Size (m)
4/5/2026,Bogotá,Brunch & Munch - Turbo,CO900488275,Brunch & Munch Arrecife - Turbo,Arrecife,0.17,3000.0,3000.0
4/5/2026,Bogotá,Brunch & Munch - Turbo,CO900420519,Brunch And Munch - Kennedy - Turbo,Kennedy,9.15,2400.0,2400.0
4/5/2026,Bogotá,Desayuno Mi Tierrita - Turbo,CO900465166,Desayuno Mi Tierrita - Colina - Turbo,Colina,9.14,2400.0,2400.0
4/5/2026,Bogotá,Foodology Court - Turbo,CO900465151,Foodology Usaquen - Turbo Cl. 120a #3,Usaquén,8.93,1200.0,1500.0
4/5/2026,Bogotá,Desayunos de la Abuela - Turbo,CO900446320,Desayunos de la Abuela Chico - Turbo,Chicó,8.91,1200.0,1500.0
4/5/2026,Bogotá,The Breakfast Club - Turbo,CO900475286,The Breakfast Club Calle 93 - Turbo,Parque 93 / Castellana,8.73,2400.0,2400.0
4/5/2026,Cali,Desayuno Mi Tierrita - Turbo,CO900465164,Desayuno Mi Tierrita San Fernando Cali - Turbo,San Fernando,8.39,1200.0,1500.0
4/5/2026,Bogotá,Cali Vea - Turbo,CO900415611,Cali Vea Kennedy - Turbo,Kennedy,8.34,1200.0,1500.0
4/5/2026,Bogotá,The Breakfast Club - Turbo,CO900475281,The Breakfast Club Colina - Turbo,Colina,7.56,1200.0,1500.0
4/5/2026,Bogotá,Mr Beast Burger - Turbo,CO900477182,Mr Beast Chico - Turbo,Chicó,7.24,2400.0,2400.0
4/5/2026,Bucaramanga,Dembow - Turbo,CO900473642,Dembow - Cabecera - Turbo,Cabecera (Bga),7.22,2400.0,2400.0
4/5/2026,Bogotá,Selvatiko. - Turbo,CO900475116,Selvatiko. Chapinero - Turbo,Chapinero,7.19,2400.0,2400.0
4/5/2026,Bogotá,Ñamgucheria Sandwiches - Turbo,CO900440314,Ñamgucheria Chicó - Turbo,Chicó,7.18,1200.0,1500.0
4/5/2026,Bogotá,Dembow - Turbo,CO900476018,Dembow Chico - Turbo,Chicó,7.15,2400.0,2400.0
4/5/2026,Bogotá,Dembow - Turbo,CO900475131,Dembow Cl 109 - Turbo,Calle 109,6.96,2400.0,2400.0
4/5/2026,Cali,Cacerola - Turbo,CO900416209,Cacerola Cali - San Fernando - Turbo,San Fernando,6.84,2400.0,2400.0
4/5/2026,Bogotá,Desayunos de la Abuela - Turbo,CO900446310,Desayunos de la Abuela Colina - Turbo,Colina,6.81,1200.0,1500.0
4/5/2026,Bogotá,Desayuno Mi Tierrita - Turbo,CO900476019,Desayuno Mi Tierrita Chico - Turbo,Chicó,6.78,1200.0,1500.0
4/5/2026,Bogotá,Mr Beast Burger - Turbo,CO900475371,Mr Beast Cl 109 - Turbo,Calle 109,6.69,1200.0,1500.0
4/5/2026,Cali,Selvatiko. - Turbo,CO900475114,Selvatiko. Santa Monica - Turbo,Santa Mónica,6.58,1200.0,1500.0
4/5/2026,Bogotá,Almuerzos D´la Casa - Turbo,CO900471212,Almuerzos D´la Casa - Colina - Turbo,Colina,6.47,2400.0,2400.0
4/5/2026,Bogotá,Honest Food Fdl - Turbo,CO900463745,Honest Food Cl 109 - Turbo,Calle 109,6.43,1200.0,1500.0
4/5/2026,Cali,Desayunos de la Abuela - Turbo,CO900446306,Desayunos de la Abuela San Fernando - Turbo,San Fernando,6.39,2400.0,2400.0
4/5/2026,Bogotá,Dembow - Turbo,CO900473654,Dembow - Colina - Turbo,Colina,6.36,2400.0,2400.0
4/5/2026,Bogotá,Burritos & Co - Turbo,CO900476014,Burritos & Co Chico - Turbo,Chicó,6.21,1200.0,1500.0
4/5/2026,Bogotá,Desayuno Mi Tierrita - Turbo,CO900464390,Desayuno Mi Tierrita Cl 109 - Turbo,Calle 109,5.84,2400.0,2400.0
4/5/2026,Valledupar,Helados Popsy - Turbo,CO900484508,POPSY VALLEDUPAR 2 (CC ORBE PLAZA) - Turbo,Otra,5.84,2400.0,2400.0
4/5/2026,Bogotá,la Cuadra Desayunos Caseros - Turbo,CO900464914,la Cuadra - Cl 109 - Turbo,Calle 109,5.81,1200.0,1500.0
4/5/2026,Bogotá,Brunch & Munch - Turbo,CO900410119,Brunch & Munch Villa del Prado  - Turbo,Villa del Prado,5.73,2400.0,2400.0
4/5/2026,Bogotá,Desayunos de la Abuela - Turbo,CO900463744,Desayunos de la Abuela Cl 109 - Turbo,Calle 109,5.72,1200.0,1500.0
4/5/2026,Bogotá,Mañanero Diario - Turbo,CO900476020,Mañanero Diario Chico - Turbo,Chicó,5.69,2400.0,2400.0
4/5/2026,Bogotá,Helados Popsy - Turbo,CO900403153,Popsy Calle 116 - Turbo,Otra,5.67,2400.0,2400.0
4/5/2026,Bogotá,Helados Popsy - Turbo,CO900403155,Popsy Bogotá 82 Cc Calle 82 Andino - Turbo,Otra,5.63,2400.0,2400.0
4/5/2026,Bogotá,Cacerola - Turbo,CO900473676,Cacerola Chico - Turbo,Chicó,5.63,2400.0,2400.0
4/5/2026,Cali,la Cuadra Desayunos Caseros - Turbo,CO900467501,La Cuadra Desayunos Santa Mónica - Turbo,Santa Mónica,5.59,2400.0,2400.0
4/5/2026,Bogotá,Dembow - Turbo,CO900473649,Dembow - Calle 93 - Turbo,Parque 93 / Castellana,5.41,2400.0,2400.0
4/5/2026,Bogotá,Honest Food Fdl - Turbo,CO900472137,Honest Food Chapinero - Turbo,Chapinero,5.41,2400.0,2400.0
4/5/2026,Bogotá,Cinnabon - Turbo,CO900476080,Cinnabon Colina - Turbo,Colina,5.38,2400.0,2400.0
4/5/2026,Bucaramanga,Burrito Cantina - Turbo,CO900467384,Burrito Cantina Bucaramanga - Turbo,Cabecera (Bga),5.36,2400.0,2400.0
4/5/2026,Bogotá,Desayuno Mi Tierrita - Turbo,CO900465162,Desayunos Mi Tierrita - Villa del prado - Turbo,Villa del Prado,5.23,2400.0,2400.0
4/5/2026,Bogotá,Acpm Corrientazo - Turbo,CO900464913,Acpm Corrientazo Cl 109 - Turbo,Calle 109,5.19,1200.0,1500.0
4/5/2026,Bucaramanga,The Breakfast Club - Turbo,CO900475208,The Breakfast Club Cabecera - Turbo,Cabecera (Bga),5.14,2400.0,2400.0
4/5/2026,Bogotá,Helados Popsy - Turbo,CO900403154,Popsy Calle 109 - Turbo,Calle 109,4.98,2400.0,2400.0
4/5/2026,Cali,House Of Salads - Turbo,CO900445681,House Of Salad Santa Monica - Turbo,Santa Mónica,4.93,2400.0,2400.0
4/5/2026,Bucaramanga,Brunch & Munch - Turbo,CO900426741,Brunch & Munch Bucaramanga - Turbo,Cabecera (Bga),4.92,2400.0,2400.0
4/5/2026,Bogotá,Brunch & Munch - Turbo,CO900420483,Brunch & Munch - Chicó - Turbo,Chicó,4.91,1200.0,1800.0
4/5/2026,Bogotá,House Of Salads - Turbo,CO900445682,House Of Salad Chico - Turbo,Chicó,4.88,1200.0,1500.0
4/5/2026,Bogotá,Bottaniko - Turbo,CO900464153,Bottaniko Cl 109 - Turbo,Calle 109,4.87,2400.0,2400.0
4/5/2026,Bogotá,The Cookie Jaar - Turbo,CO900429948,Cookie Jaar - Popsy Cc Calle 82 Andino - Turbo,Otra,4.87,2400.0,2400.0
4/5/2026,Bogotá,The Breakfast Club - Turbo,CO900475213,The Breakfast Club Chico - Turbo,Chicó,4.85,1200.0,1800.0
4/5/2026,Cali,Burrito Cantina - Turbo,CO900467382,Burrito Cantina Santa Mónica (Cali Norte) - Turbo,Santa Mónica,4.83,2400.0,2400.0
4/5/2026,Bogotá,Pret Sandwich Bistro - Turbo,CO900464394,Pret Sandwich Bistro Cl 109 - Turbo,Calle 109,4.81,1200.0,1500.0
4/5/2026,Bogotá,The Cookie Jaar - Turbo,CO900429947,Cookie Jaar 116 - Turbo,Otra,4.71,2400.0,2400.0
4/5/2026,Cali,Little Caesars Turbo,CO900377938,Little Caesar's Turbo Av Sexta,Otra,4.65,2400.0,2400.0
4/5/2026,Cali,Mr Beast Burger - Turbo,CO900405272,Mr Beast San Fernando - Turbo,San Fernando,4.63,2400.0,2400.0
4/5/2026,Bogotá,Cali Mio Express - Turbo,CO900398577,Cali Mio Margaritas - Turbo,Otra,4.62,1200.0,1500.0
4/5/2026,Bogotá,Cali Vea - Turbo,CO900433507,Cali Vea Calle 67 - Turbo,Otra,4.61,1200.0,1500.0
4/5/2026,Cali,Desayunos de la Abuela - Turbo,CO900446316,Desayunos de la Abuela Santa Monica - Turbo,Santa Mónica,4.53,2400.0,2400.0
4/5/2026,Cali,Selvatiko. - Turbo,CO900475120,Selvatiko. San Fernando - Turbo,San Fernando,4.47,2400.0,2400.0
4/5/2026,Bogotá,Helados Popsy - Turbo,CO900450310,POPSY BOGOTA 79 (CINEMATECA) - Turbo,Otra,4.45,2400.0,2400.0
4/5/2026,Bogotá,Honest Food Fdl - Turbo,CO900472138,Honest Food Calle 93 - Turbo,Parque 93 / Castellana,4.45,1200.0,1500.0
4/5/2026,Cali,Monteverde - Turbo,CO900450778,Monteverde Santa Monica - Turbo,Santa Mónica,4.45,1200.0,1500.0
4/5/2026,Cali,Acpm Corrientazo - Turbo,CO900467509,Acpm Corrientazo Santa Mónica (Cali Norte) - Turbo,Santa Mónica,4.41,2400.0,2400.0
4/5/2026,Bogotá,Monteverde - Turbo,CO900463719,Monteverde Cl 109 - Turbo,Calle 109,4.37,1200.0,1500.0
4/5/2026,Bucaramanga,Cacerola - Turbo,CO900473672,Cacerola - Cabecera - Turbo,Cabecera (Bga),4.36,2400.0,2400.0
4/5/2026,Cali,la Cuadra Desayunos Caseros - Turbo,CO900467495,La Cuadra Desayunos San Fernando - Turbo,San Fernando,4.35,3000.0,3000.0
4/5/2026,Bogotá,Poke Turbo,CO900399568,Poke Las Aguas Turbo,Otra,4.33,2400.0,2400.0
4/5/2026,Bogotá,Cacerola - Turbo,CO900473673,Cacerola - Colina - Turbo,Colina,4.32,2400.0,2400.0
4/5/2026,Bogotá,Helados Popsy - Turbo,CO900464651,Popsy Bogota 32 (cc Galerias) - Turbo,Otra,4.29,2400.0,2400.0
4/5/2026,Bucaramanga,Desayunos de la Abuela - Turbo,CO900446313,Desayunos de la Abuela Cabecera - Turbo,Cabecera (Bga),4.29,2400.0,2400.0
4/5/2026,Bogotá,Little Caesars Turbo,CO900377949,Little Caesars Pizza  Turbo Calle 170,Otra,4.28,2400.0,2400.0
4/5/2026,Cali,Little Caesars Turbo,CO900377942,Little Caesars Turbo - Rooselvet,Otra,4.28,2400.0,2400.0
4/5/2026,Bogotá,Alba Vegetarian - Turbo,CO900475346,Alba Vegetarian Chico - Turbo,Chicó,4.26,2700.0,2700.0
4/5/2026,Bogotá,Cinnabon - Turbo,CO900415448,Cinnabon Chicó - Turbo,Chicó,4.24,2700.0,2700.0
4/5/2026,Bogotá,Poke Turbo,CO900378807,Poke Turbo - Calle 140,Otra,4.19,3000.0,3000.0
4/5/2026,Bogotá,Honest Food Fdl - Turbo,CO900472142,Honest Food Colina - Turbo,Colina,4.19,1200.0,1500.0
4/5/2026,Cali,Mañanero Diario - Turbo,CO900443493,Mañanero diario San Fernando - Turbo,San Fernando,4.19,2400.0,2400.0
4/5/2026,Bogotá,La Cuadra - Turbo,CO900416198,La Cuadra - Villa del Prado - Turbo,Villa del Prado,4.16,1200.0,1500.0
4/5/2026,Cali,Sanduches el Jefe - Turbo,CO900419504,Sandwich el Jefe Santa Monica - Turbo Poke Cali 2639,Santa Mónica,4.14,1200.0,1500.0
4/5/2026,Bogotá,Avocalia Turbo,CO900420305,Avocalia - Colina - Turbo,Colina,4.13,1200.0,1500.0
4/5/2026,Bogotá,The Breakfast Club - Turbo,CO900475287,The Breakfast Club Villa Del Prado - Turbo,Villa del Prado,3.94,2400.0,2400.0
4/5/2026,Cali,Desayuno Mi Tierrita - Turbo,CO900465165,Desayuno Mi Tierrita Santa Monica Cali - Turbo,Santa Mónica,3.93,1200.0,1500.0
4/5/2026,Bogotá,Selvatiko. - Turbo,CO900465173,Selvatiko. 93 - Turbo,Parque 93 / Castellana,3.92,1200.0,1800.0
4/5/2026,Bogotá,Little Caesars Turbo,CO900072170,Little Caesars Turbo 134,Otra,3.91,2400.0,2400.0
4/5/2026,Bogotá,Dembow - Turbo,CO900473656,Dembow - Usaquen - Turbo,Usaquén,3.89,2400.0,2400.0
4/5/2026,Bogotá,House Of Salads - Turbo,CO900445676,House Of Salad Colina - Turbo,Colina,3.89,2400.0,2400.0
4/5/2026,Bogotá,Dembow - Turbo,CO900473650,Dembow - Andes - Turbo,Andes,3.89,2400.0,2400.0
4/5/2026,Bogotá,Poke Turbo,CO900399569,Poke Parque Central Bavaria Turbo,Otra,3.88,2400.0,2400.0
4/5/2026,Bogotá,Señor Burrito. - Turbo,CO900467426,Señor Burrito Chapinero - Turbo,Chapinero,3.88,2400.0,2400.0
4/5/2026,Bogotá,Avocalia Turbo,CO900464312,Avocalia Cl 109 - Turbo,Calle 109,3.87,2400.0,2400.0
4/5/2026,Bogotá,The Breakfast Club - Turbo,CO900475284,The Breakfast Club Chapinero - Turbo,Chapinero,3.84,1200.0,1500.0
4/5/2026,Barranquilla,Helados Popsy - Turbo,CO900403151,Popsy Distrito 90 PH - Turbo,Barranquilla,3.83,2400.0,2400.0
4/5/2026,Bogotá,Foodology Court - Turbo,CO900465148,Foodology 93 - Turbo Calle 93 #45a-16,Parque 93 / Castellana,3.78,2400.0,2400.0
4/5/2026,Bogotá,Bottaniko - Turbo,CO900443508,Bottaniko - Cll 93 - Turbo,Parque 93 / Castellana,3.78,1000,1000.0
4/5/2026,Cali,Foodology Court - Turbo,CO900465152,Foodology Santa Mónica Clo - Turbo Calle 34 Norte 2bn 33,Santa Mónica,3.78,2400.0,2400.0
4/5/2026,Bogotá,The Breakfast Club - Turbo,CO900475207,The Breakfast Club Kennedy - Turbo,Kennedy,3.76,2400.0,2400.0
4/5/2026,Bogotá,Sanduches el Jefe - Turbo,CO900420513,Sandwich el Jefe Kennedy - Turbo,Kennedy,3.75,2700.0,2700.0
4/5/2026,Cali,The Breakfast Club - Turbo,CO900475288,The Breakfast Club San Fernando - Turbo,San Fernando,3.69,1200.0,1500.0
4/5/2026,Bogotá,House Of Salads - Turbo,CO900445607,House Of Salad Calle 93 - Turbo,Parque 93 / Castellana,3.67,2400.0,2400.0
4/5/2026,Bogotá,Foodology Court - Turbo,CO900471303,Foodology Andes - Turbo,Andes,3.66,2400.0,2400.0
4/5/2026,Cartagena,Mr Beast Burger - Turbo,CO900481990,Mr Beast Cartagena - Turbo,Cartagena,3.62,2400.0,2400.0
4/5/2026,Bogotá,Poke Turbo,CO900405086,Poke 4 - Usaquén - Turbo,Usaquén,3.61,2400.0,2400.0
4/5/2026,Cali,La Cuadra - Turbo,CO900416195,La Cuadra Santa Monica - Cali - Turbo,Santa Mónica,3.56,2400.0,2700.0
4/5/2026,Bogotá,Little Caesars Turbo,CO900377943,Little Caesars Turbo - Javeriana,Otra,3.55,2400.0,2400.0
4/5/2026,Bogotá,Señor Burrito. - Turbo,CO900467422,Señor Burrito Colina - Turbo,Colina,3.55,2400.0,2700.0
4/5/2026,Bogotá,Cali Vea - Turbo,CO900415618,Cali Vea Ilarco - Turbo,Otra,3.54,2400.0,2400.0
4/5/2026,Bogotá,La Brasa Roja - Turbo,CO900433330,La Brasa Roja Chapinero Calle 67 - Turbo,Chapinero,3.54,2400.0,2400.0
4/5/2026,Bogotá,Little Caesars Turbo,CO900377944,Little Caesars Turbo Pizza Kennedy,Kennedy,3.54,2400.0,2400.0
4/5/2026,Bogotá,Desayunos de la Abuela - Turbo,CO900473561,Desayunos de la Abuela Andes - Turbo,Andes,3.54,2400.0,2400.0
4/5/2026,Bogotá,Cali Mio Express - Turbo,CO900419809,Cali Mio Villas - Turbo,Villa del Prado,3.53,2400.0,2400.0
4/5/2026,Bogotá,La Brasa Roja - Turbo,CO900405532,La Brasa Roja Contador - Turbo,Otra,3.52,3000.0,3000.0
4/5/2026,Bogotá,Cali Mio Express - Turbo,CO900384539,Cali Mio Express Turbo - Contador,Otra,3.51,3000.0,3000.0
4/5/2026,Barranquilla,Mañanero Diario - Turbo,CO900443503,Mañanero diario Barranquilla Norte - Turbo CHURNEADO,Barranquilla,3.48,2400.0,2400.0
4/5/2026,Cali,Alba Vegetarian - Turbo,CO900443011,Alba Vegetarian - Santa Monica - Turbo,Santa Mónica,3.47,2400.0,2400.0
4/5/2026,Bogotá,Cali Mio Express - Turbo,CO900398582,Cali Mio Ilarco - Turbo,Otra,3.44,2400.0,2400.0
4/5/2026,Bogotá,Foodology Court - Turbo,CO900465145,Foodology Colina - Turbo Carrera 53 #137a-26,Colina,3.44,2400.0,2400.0
4/5/2026,Bucaramanga,Honest Food Fdl - Turbo,CO900472134,Honest Food Cabecera - Turbo,Cabecera (Bga),3.44,3000.0,3000.0
4/5/2026,Bogotá,Mañanero Diario - Turbo,CO900443500,Mañanero diario Chapinero - Turbo,Chapinero,3.43,2400.0,2400.0
4/5/2026,Bogotá,Poke Turbo,CO900387429,Poke Rosales Turbo,Otra,3.41,2700.0,2700.0
4/5/2026,Bogotá,Cali Vea - Turbo,CO900419805,Cali Vea Villas - Turbo,Villa del Prado,3.38,2400.0,2400.0
4/5/2026,Bogotá,Desayuno Mi Tierrita - Turbo,CO900470918,Desayuno Mi Tierrita Andes - Turbo,Andes,3.38,2400.0,2400.0
4/5/2026,Bogotá,The Cookie Jaar - Turbo,CO900429946,Cookie Jaar - Popsy Calle 109 - Turbo,Calle 109,3.37,2400.0,2700.0
4/5/2026,Bogotá,Little Caesars Turbo,CO900483013,Little Caesars Pizza Andes - Turbo,Andes,3.35,2700.0,2700.0
4/5/2026,Bogotá,Acpm Corrientazo - Turbo,CO900467513,Acpm Corrientazo Colina - Turbo,Colina,3.33,2400.0,2400.0
4/5/2026,Cali,Green House Fd - Turbo,CO900438444,Green House San Fernando - Turbo,San Fernando,3.33,2400.0,2400.0
4/5/2026,Bogotá,Dembow - Turbo,CO900473653,Dembow - Kennedy - Turbo,Kennedy,3.31,2400.0,2400.0
4/5/2026,Bucaramanga,Cinnabon - Turbo,CO900426807,Cinnabon Bucaramanga - Turbo,Cabecera (Bga),3.28,3000.0,3000.0
4/5/2026,Cali,The Breakfast Club - Turbo,CO900475210,The Breakfast Club Santa Monica - Turbo,Santa Mónica,3.27,2400.0,2400.0
4/5/2026,Bogotá,Cacerola - Turbo,CO900473674,Cacerola - Kennedy - Turbo,Kennedy,3.26,2400.0,2400.0
4/5/2026,Bucaramanga,Señor Burrito. - Turbo,CO900467424,Señor Burrito Cabecera - Turbo,Cabecera (Bga),3.26,2700.0,2700.0
4/5/2026,Cali,Honest Food Fdl - Turbo,CO900472139,Honest Food San Fernando - Turbo,San Fernando,3.26,2700.0,2700.0
4/5/2026,Bogotá,Cacerola - Turbo,CO900416214,Cacerola Castellana - Turbo,Parque 93 / Castellana,3.25,1200.0,1500.0
4/5/2026,Bogotá,Mr Beast Burger - Turbo,CO900405271,Mr Beast Villa Del Prado - Turbo,Villa del Prado,3.24,1200.0,1500.0
4/5/2026,Bogotá,La Brasa Roja - Turbo,CO900406331,La Brasa Roja Ilarco - Turbo,Otra,3.24,2400.0,2400.0
4/5/2026,Bogotá,Monteverde - Turbo,CO900450767,Monteverde Colina - Turbo,Colina,3.22,1200.0,1500.0
4/5/2026,Medellín,Poke Turbo,CO900387428,Poke Poblado Turbo,Otra,3.19,2400.0,2400.0
4/5/2026,Bogotá,Cinnabon - Turbo,CO900463784,Cinnabon Cl 109 - Turbo,Calle 109,3.18,2700.0,2700.0
4/5/2026,Bogotá,Honest Food Fdl - Turbo,CO900475462,Honest Food Kennedy - Turbo,Kennedy,3.17,2400.0,2400.0
4/5/2026,Bogotá,Cali Mio Express - Turbo,CO900398581,Cali Mio Express Turbo Colina,Colina,3.14,2700.0,2700.0
4/5/2026,Cali,Avocalia Turbo,CO900405544,Avocalia Cali - San Fernando - Turbo,San Fernando,3.14,2400.0,2400.0
4/5/2026,Bogotá,Almuerzos D´la Casa - Turbo,CO900471206,Almuerzos D` la Casa - Villa del Prado - Turbo,Villa del Prado,21.26,2400.0,2400.0
4/5/2026,Bogotá,Cali Vea - Turbo,CO900415614,Cali Vea Santa Paula - Turbo,Otra,2.95,2700.0,2700.0
4/5/2026,Bogotá,Burritos & Co - Turbo,CO900464311,Burritos & Co Cl 109 - Turbo,Calle 109,2.94,1200.0,1500.0
4/5/2026,Cali,Local Cocina Consciente - Turbo,CO900477097,Local - Cocina Consciente San Fernando - Turbo,San Fernando,2.94,2400.0,2400.0
4/5/2026,Cali,Alba Vegetarian - Turbo,CO900443016,Alba Vegetarian - San Fernando - Turbo,San Fernando,2.93,2700.0,2400.0
4/5/2026,Bogotá,Sanduches el Jefe - Turbo,CO900419505,Sandwich el Jefe Usaquen - Turbo Calle 120A #3A11 236,Usaquén,2.91,2400.0,2400.0
4/5/2026,Cali,Bottaniko - Turbo,CO900443505,Bottaniko Cali - San Fernando - Turbo,San Fernando,2.89,2700.0,2400.0
4/5/2026,Bogotá,Sanduches el Jefe - Turbo,CO900419501,Sandwich el Jefe Villa Del Prado - Turbo Carrera 55  243,Villa del Prado,2.88,2400.0,2400.0
4/5/2026,Bogotá,Honest Food Fdl - Turbo,CO900472133,Honest Food Villa Del Prado - Turbo,Villa del Prado,2.86,2400.0,2400.0
4/5/2026,Bogotá,Cali Mio Express - Turbo,CO900398576,Cali Mio Express Turbo Galerías,Otra,2.86,2400.0,2400.0
4/5/2026,Bogotá,Selvatiko. - Turbo,CO900475121,Selvatiko. Andes - Turbo,Andes,2.86,2400.0,2700.0
4/5/2026,Bucaramanga,Green House Fd - Turbo,CO900438445,Green House Bucaramanga - Turbo,Cabecera (Bga),2.86,2700.0,2700.0
4/5/2026,Bogotá,Mr Beast Burger - Turbo,CO900428938,Mr Beast Andes - Turbo,Andes,2.85,2400.0,2700.0
4/5/2026,Bogotá,Burritos & Co - Turbo,CO900420641,Burritos And Co - Colina - Turbo,Colina,2.84,2400.0,2400.0
4/5/2026,Cali,House Of Salads - Turbo,CO900445671,House Of Salad San Fernando - Turbo,San Fernando,2.84,2400.0,2700.0
4/5/2026,Bucaramanga,Mañanero Diario - Turbo,CO900443504,Mañanero diario Bucaramanga - Turbo,Cabecera (Bga),2.83,2400.0,2700.0
4/5/2026,Bogotá,Avocalia Turbo,CO900405546,Avocalia - Villa Del Prado - Turbo,Villa del Prado,2.82,2400.0,2400.0
4/5/2026,Bogotá,Mr Beast Burger - Turbo,CO900409679,Mr Beast Usaquén - Turbo,Usaquén,2.79,1200.0,1500.0
4/5/2026,Bogotá,Desayunos de la Abuela - Turbo,CO900446276,Desayunos de la Abuela Calle 93 - Turbo,Parque 93 / Castellana,2.78,2400.0,2700.0
4/5/2026,Bogotá,Mañanero Diario - Turbo,CO900443497,Mañanero diario Colina - Turbo,Colina,2.76,2700.0,2700.0
4/5/2026,Bogotá,Burrito Cantina - Turbo,CO900465172,Burrito Cantina Cl 109 - Turbo,Calle 109,2.76,2400.0,2400.0
4/5/2026,Medellín,Poke Turbo,CO900384757,Poke Laureles Turbo,Laureles,2.75,2700.0,2700.0
4/5/2026,Cartagena,Brunch & Munch - Turbo,CO900481032,Brunch & Munch - Cartagena - Turbo,Cartagena,2.74,2400.0,2400.0
4/5/2026,Bogotá,Alba Vegetarian - Turbo,CO900443017,Alba Vegetarian - Calle 93 - Turbo,Parque 93 / Castellana,2.72,2400.0,2700.0
4/5/2026,Cartagena,Pret Sandwich Bistro - Turbo,CO900481996,Pret Sandwich Bistro Cartagena - Turbo,Cartagena,2.69,2400.0,2400.0
4/5/2026,Bogotá,Burrito Cantina - Turbo,CO900467387,Burrito Cantina Castellana - Turbo,Parque 93 / Castellana,2.65,2400.0,2400.0
4/5/2026,Bogotá,Pret Sandwich Bistro - Turbo,CO900470306,Pret Sandwich Bistro Chico - Turbo,Chicó,2.63,2700.0,2700.0
4/5/2026,Bogotá,La Brasa Roja - Turbo,CO900405526,La Brasa Roja Galerías - Turbo,Otra,2.62,2400.0,2400.0
4/5/2026,Bogotá,La Brasa Roja - Turbo,CO900405527,La Brasa Roja Colina Campestre - Turbo,Colina,2.62,2700.0,2700.0
4/5/2026,Medellín,Dembow - Turbo,CO900473643,Dembow - Laureles - Turbo,Laureles,2.61,2700.0,2700.0
4/5/2026,Bogotá,Desayuno Mi Tierrita - Turbo,CO900465163,Desayuno Mi Tierrita Chapinero - Turbo,Chapinero,2.59,1200.0,1500.0
4/5/2026,Bogotá,La Brasa Roja - Turbo,CO900405531,La Brasa Roja Santa Paula - Turbo,Otra,2.58,3000.0,3000.0
4/5/2026,Barranquilla,The Breakfast Club - Turbo,CO900475211,The Breakfast Club Barranquilla - Turbo,Barranquilla,2.57,2400.0,2400.0
4/5/2026,Barranquilla,Brunch & Munch - Turbo,CO900405255,Brunch & Munch Barranquilla - Turbo,Barranquilla,2.57,1200.0,1800.0
4/5/2026,Medellín,Dembow - Turbo,CO900473644,Dembow - Manila - Turbo,Manila,2.57,2700.0,2700.0
4/5/2026,Barranquilla,Burrito Cantina - Turbo,CO900467386,Burrito Cantina Barranquilla Norte - Turbo,Barranquilla,2.56,2400.0,2400.0
4/5/2026,Barranquilla,Desayunos de la Abuela - Turbo,CO900446308,Desayunos de la Abuela Barranquilla - Turbo CHURNEADO,Barranquilla,2.56,2400.0,2400.0
4/5/2026,Bogotá,Cali Mio Express - Turbo,CO900437041,Cali Mio Calle 67 - Turbo,Otra,2.56,2400.0,2400.0
4/5/2026,Bogotá,La Cuadra - Turbo,CO900416199,La Cuadra - Chapinero - Turbo,Chapinero,2.56,2400.0,2400.0
4/5/2026,Cali,Helados San Jerónimo - Turbo,CO900407396,Heladería San Jerónimo Santa Mónica (Cali Norte) - Turbo,Santa Mónica,2.56,2400.0,2400.0
4/5/2026,Bogotá,Ñamgucheria Sandwiches - Turbo,CO900473582,Ñamguchería Kennedy - Turbo,Kennedy,2.55,2400.0,2400.0
4/5/2026,Bogotá,Selvatiko. - Turbo,CO900475124,Selvatiko. Colina - Turbo,Colina,2.54,2400.0,2700.0
4/5/2026,Cali,Burritos & Co - Turbo,CO900410569,Burritos & CO Cali - San Fernando - Turbo,San Fernando,2.54,2400.0,2400.0
4/5/2026,Bogotá,Desayunos de la Abuela - Turbo,CO900446318,Desayunos de la Abuela Villa Del Prado - Turbo,Villa del Prado,2.53,1200.0,1800.0
4/5/2026,Bogotá,Frost By Oreo - Turbo,CO900419498,Frost By Oreo Chico - Turbo,Chicó,2.52,3000.0,3000.0
4/5/2026,Bogotá,Cacerola - Turbo,CO900416212,Cacerola Chapinero - Turbo,Chapinero,2.51,2400.0,2400.0
4/5/2026,Bogotá,Ñamgucheria Sandwiches - Turbo,CO900439226,Ñamguchería Usaquen - Turbo,Usaquén,2.49,2700.0,2700.0
4/5/2026,Cali,Honest Food Fdl - Turbo,CO900472144,Honest Food Santa Monica - Turbo,Santa Mónica,2.49,1200.0,1500.0
4/5/2026,Bogotá,Pret Sandwich Bistro - Turbo,CO900442051,Pret Sandwich Bistro Colina - Turbo,Colina,2.48,2400.0,2400.0
4/5/2026,Medellín,Mr Beast Burger - Turbo,CO900405270,Mr Beast Laureles - Turbo,Laureles,2.48,2700.0,2700.0
4/5/2026,Bogotá,Señor Burrito. - Turbo,CO900467418,Señor Burrito 93 - Turbo,Parque 93 / Castellana,2.47,2400.0,2400.0
4/5/2026,Bogotá,Avocalia Turbo,CO900409671,Avocalia Chapinero - Turbo,Chapinero,2.47,2400.0,2400.0
4/5/2026,Bogotá,Señor Burrito. - Turbo,CO900467416,Señor Burrito Usaquen - Turbo,Usaquén,2.46,2400.0,2400.0
4/5/2026,Bogotá,Acpm Corrientazo - Turbo,CO900470917,Acpm Corrientazo Kennedy - Turbo,Kennedy,2.45,2700.0,3000.0
4/5/2026,Bogotá,Cali Vea - Turbo,CO900415615,Cali Vea Galerias - Turbo,Otra,2.43,2400.0,2400.0
4/5/2026,Bucaramanga,Pret Sandwich Bistro - Turbo,CO900442050,Pret Sandwich Bistro Cabecera - Turbo,Cabecera (Bga),2.43,3000.0,3000.0
4/5/2026,Cali,Vicio - Turbo,CO900407402,Vicio Santa Mónica (Cali Norte) - Turbo,Santa Mónica,2.43,3000.0,3000.0
4/5/2026,Bogotá,Brunch & Munch - Turbo,CO900409674,Brunch & Munch Usaquen - Turbo,Usaquén,2.42,2400.0,2400.0
4/5/2026,Bogotá,Cali Mio Express - Turbo,CO900419810,Cali Mio Chapinero Cll 41 - Turbo,Chapinero,2.41,2400.0,2400.0
4/5/2026,Bogotá,Mr Beast Burger - Turbo,CO900420303,Mr Beast Kennedy - Turbo,Kennedy,2.41,2400.0,2400.0
4/5/2026,Bogotá,Cali Mio Express - Turbo,CO900398578,Cali Mio Castellana - Turbo,Parque 93 / Castellana,2.41,2700.0,2700.0
4/5/2026,Cali,Cinnabon - Turbo,CO900405124,Cinnabon San Fernando - Turbo,San Fernando,2.41,2700.0,2700.0
4/5/2026,Medellín,Brunch & Munch - Turbo,CO900405253,Brunch & Munch Laureles - Turbo,Laureles,2.41,2700.0,2700.0
4/5/2026,Barranquilla,House Of Salads - Turbo,CO900445675,House Of Salad Barranquilla - Turbo,Barranquilla,2.39,2400.0,2400.0
4/5/2026,Medellín,Desayunos de la Abuela - Turbo,CO900446317,Desayunos de la Abuela Laureles - Turbo,Laureles,2.39,2400.0,2700.0
4/5/2026,Cali,La Cuadra - Turbo,CO900416200,La Cuadra Cali - San Fernando - Turbo,San Fernando,2.38,2700.0,2700.0
4/5/2026,Medellín,The Breakfast Club - Turbo,CO900475214,The Breakfast Club Laurele - Turbo,Laureles,2.38,2700.0,2700.0
4/5/2026,Bogotá,House Of Salads - Turbo,CO900445677,House Of Salad Villa del Prado - Turbo,Villa del Prado,2.36,2400.0,2400.0
4/5/2026,Bogotá,Green House Fd - Turbo,CO900438446,Green House Kennedy - Turbo,Kennedy,2.36,2400.0,2400.0
4/5/2026,Bogotá,La Cuadra - Turbo,CO900416194,La Cuadra - Usaquén - Turbo,Usaquén,2.35,2700.0,2700.0
4/5/2026,Bogotá,Poke Turbo,CO900382778,Poke Colina Turbo,Colina,2.35,2400.0,2400.0
4/5/2026,Bogotá,La Brasa Roja - Turbo,CO900419801,La Brasa Roja Chapinero Calle 41 - Turbo,Chapinero,2.33,2400.0,2400.0
4/5/2026,Bogotá,La Brasa Roja - Turbo,CO900417321,La Brasa Roja Castellana - Turbo,Parque 93 / Castellana,2.33,2400.0,2400.0
4/5/2026,Cartagena,Selvatiko. - Turbo,CO900482001,Selvatiko. Cartagena - Turbo,Cartagena,2.32,2400.0,2400.0
4/5/2026,Barranquilla,Burritos & Co - Turbo,CO900410570,Burritos & Co Barranquilla - Turbo,Barranquilla,2.31,2400.0,2400.0
4/5/2026,Medellín,la Cuadra Desayunos Caseros - Turbo,CO900470909,La Cuadra Desayunos Caseros Laureles - Turbo,Laureles,2.31,2700.0,2700.0
4/5/2026,Medellín,Green House Fd - Turbo,CO900438443,Green House Laureles - Turbo,Laureles,2.29,2700.0,2700.0
4/5/2026,Bucaramanga,Avocalia Turbo,CO900427112,Avocalia Bucaramanga - Turbo,Cabecera (Bga),2.28,3000.0,3000.0
4/5/2026,Barranquilla,Bottaniko - Turbo,CO900443515,Bottaniko Barranquilla - Turbo,Barranquilla,2.27,3000.0,3000.0
4/5/2026,Bogotá,Cali Mio Express - Turbo,CO900381506,Cali Mío Express Turbo - Santa Bárbara,Otra,2.26,3000.0,3000.0
4/5/2026,Bogotá,Vicio - Turbo,CO900400178,Vicio Castellana - Turbo,Parque 93 / Castellana,2.25,2400.0,2400.0
4/5/2026,Bucaramanga,Desayuno Mi Tierrita - Turbo,CO900465167,Desayuno Mi Tierrita - Cabecera - Turbo,Cabecera (Bga),2.25,2400.0,2400.0
4/5/2026,Cali,Frost By Oreo - Turbo,CO900407399,Frost By Oreo Santa Mónica (Cali Norte) - Turbo,Santa Mónica,2.25,3000.0,3000.0
4/5/2026,Barranquilla,Selvatiko. - Turbo,CO900475115,Selvatiko. Barranquilla Norte - Turbo,Barranquilla,2.24,2400.0,2400.0
4/5/2026,Cartagena,Ñamgucheria Sandwiches - Turbo,CO900481992,Ñamguchería Cartagena - Turbo,Cartagena,2.23,2400.0,2400.0
4/5/2026,Bogotá,Green House Fd - Turbo,CO900438447,Green House Villa Del Prado - Turbo Cra. 55  243,Villa del Prado,2.19,2400.0,2700.0
4/5/2026,Bogotá,Acpm Corrientazo - Turbo,CO900467510,Acpm Corrientazo Villa Del Prado - Turbo,Villa del Prado,2.18,2400.0,2400.0
4/5/2026,Bucaramanga,Monteverde - Turbo,CO900450765,Monteverde Cabecera - Turbo,Cabecera (Bga),2.18,3000.0,3000.0
4/5/2026,Medellín,Sanduches el Jefe - Turbo,CO900419500,Sandwich El Jefe Laureles - Turbo,Laureles,2.18,2700.0,2700.0
4/5/2026,Medellín,Desayuno Mi Tierrita - Turbo,CO900465157,Desayuno Mi Tierrita Laureles - Turbo,Laureles,2.18,2400.0,2700.0
4/5/2026,Bogotá,La Brasa Roja - Turbo,CO900405529,La Brasa Roja Santa Bárbara - Turbo,Otra,2.17,3000.0,3000.0
4/5/2026,Medellín,Honest Food Fdl - Turbo,CO900472132,Honest Food Laureles - Turbo,Laureles,2.17,2400.0,2400.0
4/5/2026,Barranquilla,La Cuadra - Turbo,CO900416197,La Cuadra Barranquilla Norte - Turbo,Barranquilla,2.16,2400.0,2700.0
4/5/2026,Cali,Cinnabon - Turbo,CO900407398,Cinnabon Santa Mónica (Cali Norte) - Turbo,Santa Mónica,2.16,1200.0,1800.0
4/5/2026,Bogotá,Selvatiko. - Turbo,CO900475122,Selvatiko. Usaquén - Turbo,Usaquén,2.15,1200.0,1500.0
4/5/2026,Bogotá,Green House Fd - Turbo,CO900438448,Green House Usaquen - Turbo,Usaquén,2.15,2700.0,2700.0
4/5/2026,Medellín,Cacerola - Turbo,CO900416206,Cacerola Manila - Medellin - Turbo,Manila,2.15,2700.0,2700.0
4/5/2026,Medellín,Ñamgucheria Sandwiches - Turbo,CO900439222,Ñamguchería Laureles - Turbo,Laureles,2.15,2700.0,2700.0
4/5/2026,Cali,Brunch & Munch - Turbo,CO900407412,Brunch And Munch Santa Monica - Cali - Turbo,Santa Mónica,19.44,1200.0,1500.0
4/5/2026,Barranquilla,Green House Fd - Turbo,CO900438451,Green House Barranquilla - Turbo,Barranquilla,16.83,1000,1000.0
4/5/2026,Bogotá,Burrito Cantina - Turbo,CO900467378,Burrito Cantina Colina - Turbo,Colina,12.88,1200.0,1500.0
4/5/2026,Bogotá,Mr Beast Burger - Turbo,CO900409678,Mr Beast Chapinero - Turbo,Chapinero,11.84,1200.0,1500.0
4/5/2026,Bogotá,La Cuadra - Turbo,CO900464605,La Cuadra Cl 109 - Turbo,Calle 109,10.87,1000,1000.0
4/5/2026,Bogotá,Burritos & Co - Turbo,CO900410575,Burritos & Co Usaquen - Turbo,Usaquén,1.99,2700.0,2700.0
4/5/2026,Bucaramanga,Burritos & Co - Turbo,CO900426541,Burritos & Co Bucaramanga - Turbo,Cabecera (Bga),1.99,3000.0,3000.0
4/5/2026,Bogotá,Cacerola - Turbo,CO900473675,Cacerola - Andes - Turbo,Andes,1.97,2400.0,2400.0
4/5/2026,Bucaramanga,La Cuadra - Turbo,CO900426535,La Cuadra - Bucaramanga - Turbo,Cabecera (Bga),1.97,3000.0,3000.0
4/5/2026,Medellín,Ñamgucheria Sandwiches - Turbo,CO900439223,Ñamguchería Manila - Turbo,Manila,1.97,2400.0,2700.0
4/5/2026,Bogotá,Bottaniko - Turbo,CO900443516,Bottaniko - Colina - Turbo,Colina,1.96,2400.0,2400.0
4/5/2026,Bogotá,House Of Salads - Turbo,CO900445673,House Of Salad Chapinero - Turbo,Chapinero,1.95,2400.0,2400.0
4/5/2026,Bogotá,Cali Vea - Turbo,CO900415613,Cali Vea Country - Turbo,Otra,1.94,2400.0,2400.0
4/5/2026,Cartagena,Foodology Court - Turbo,CO900481814,Foodology Cartagena - Turbo,Cartagena,1.94,2400.0,2400.0
4/5/2026,Bogotá,La Brasa Roja - Turbo,CO900405525,La Brasa Roja Cedritos - Turbo,Otra,1.93,3000.0,3000.0
4/5/2026,Bogotá,La Cuadra - Turbo,CO900420509,La Cuadra - Kennedy - Turbo,Kennedy,1.92,2400.0,2400.0
4/5/2026,Barranquilla,Cinnabon - Turbo,CO900414571,Cinnabon Barranquilla Norte - Turbo,Barranquilla,1.91,2400.0,2400.0
4/5/2026,Bogotá,Dembow - Turbo,CO900473645,Dembow - Chapinero - Turbo,Chapinero,1.91,2400.0,2400.0
4/5/2026,Bucaramanga,Selvatiko. - Turbo,CO900475119,Selvatiko. Cabecera - Turbo,Cabecera (Bga),1.91,3000.0,3000.0
4/5/2026,Medellín,Burrito Cantina - Turbo,CO900467377,Burrito Cantina Manila - Turbo,Manila,1.91,2400.0,2700.0
4/5/2026,Bogotá,Monteverde - Turbo,CO900450773,Monteverde Villa Del Prado - Turbo,Villa del Prado,1.89,2400.0,2400.0
4/5/2026,Bogotá,Burritos & Co - Turbo,CO900410574,Burritos And Co - Calle 174 - Turbo,Otra,1.89,2400.0,2400.0
4/5/2026,Cali,Acpm Corrientazo - Turbo,CO900467504,Acpm Corrientazo San Fernando - Turbo,San Fernando,1.89,2400.0,2400.0
4/5/2026,Cali,Señor Burrito. - Turbo,CO900467417,Señor Burrito Santa Monica - Turbo,Santa Mónica,1.89,2400.0,3000.0
4/5/2026,Barranquilla,Foodology Court - Turbo,CO900465150,Foodology Barranquilla Nte - Turbo Cra. 45 #85-168,Barranquilla,1.88,2400.0,2700.0
4/5/2026,Bogotá,Pret Sandwich Bistro - Turbo,CO900416175,Pret Sándwich Bistro Usaquen - Turbo,Usaquén,1.87,3000.0,3000.0
4/5/2026,Medellín,Desayunos de la Abuela - Turbo,CO900446309,Desayunos de la Abuela Manila - Turbo,Manila,1.87,2700.0,2700.0
4/5/2026,Medellín,Cacerola - Turbo,CO900416211,Cacerola Laureles - Turbo,Laureles,1.87,2700.0,2700.0
4/5/2026,Bogotá,Avocalia Turbo,CO900401243,Avocalia Usaquén - Turbo,Usaquén,1.86,3000.0,3000.0
4/5/2026,Bogotá,Monteverde - Turbo,CO900476065,Monteverde Kennedy - Turbo,Kennedy,1.85,2400.0,2400.0
4/5/2026,Bogotá,The Breakfast Club - Turbo,CO900475212,The Breakfast Club Andes - Turbo,Andes,1.83,2400.0,2400.0
4/5/2026,Bucaramanga,Acpm Corrientazo - Turbo,CO900467507,Acpm Corrientazo Bucaramanga - Turbo,Cabecera (Bga),1.83,2400.0,2700.0
4/5/2026,Bogotá,Almuerzos D´la Casa - Turbo,CO900464931,Almuerzos D´la Casa - Usaquen - Turbo,Usaquén,1.82,2400.0,2400.0
4/5/2026,Medellín,la Cuadra Desayunos Caseros - Turbo,CO900467500,La Cuadra Desayunos Caseros Manila - Turbo,Manila,1.81,2400.0,2700.0
4/5/2026,Bogotá,Alba Vegetarian - Turbo,CO900473540,Alba Vegetarian - Kennedy Calle 26 Sur #72c 258 - Turbo,Kennedy,1.79,2400.0,2400.0
4/5/2026,Cartagena,Vicio - Turbo,CO900482006,Vicio Cartagena - Turbo,Cartagena,1.79,2700.0,3000.0
4/5/2026,Bogotá,Honest Food Fdl - Turbo,CO900475459,Honest Food Andes - Turbo,Andes,1.78,2400.0,2400.0
4/5/2026,Bogotá,Cinnabon Foodology - Turbo,CO900410068,Cinnabon Chapinero - Turbo,Chapinero,1.78,2400.0,2400.0
4/5/2026,Bogotá,la Cuadra Desayunos Caseros - Turbo,CO900470911,La Cuadra Desayunos Caseros Andes - Turbo,Andes,1.77,2400.0,2400.0
4/5/2026,Cali,Sanduches el Jefe - Turbo,CO900419506,Sandwich El Jefe San Fernando - Turbo,San Fernando,1.77,2400.0,3000.0
4/5/2026,Bogotá,Doritos Locos By Dorito - Turbo,CO900473565,Doritos Locos By Dorito Kennedy - Turbo,Kennedy,1.76,2400.0,2400.0
4/5/2026,Bogotá,Bottaniko - Turbo,CO900475791,Bottaniko - Andes - Turbo,Andes,1.76,2400.0,2400.0
4/5/2026,Bogotá,Doritos Locos By Dorito - Turbo,CO900472107,Doritos Locos By Dorito Calle 93 - Turbo,Parque 93 / Castellana,1.76,2400.0,2400.0
4/5/2026,Cali,Pret Sandwich Bistro - Turbo,CO900416171,Pret Sandwich Bistro San Fernando - Turbo,San Fernando,1.76,2400.0,2400.0
4/5/2026,Medellín,Burritos & Co - Turbo,CO900410568,Burritos And Co Laureles - Turbo,Laureles,1.76,2700.0,2700.0
4/5/2026,Medellín,La Cuadra - Turbo,CO900416193,La Cuadra - Laureles - Turbo,Laureles,1.76,2700.0,2700.0
4/5/2026,Bogotá,House Of Salads - Turbo,CO900445678,House Of Salad Usaquen - Turbo,Usaquén,1.75,2400.0,2400.0
4/5/2026,Medellín,Avocalia Turbo,CO900405766,Avocalia Laureles - Turbo,Laureles,1.75,2700.0,2700.0
4/5/2026,Bogotá,Cali Mio Express - Turbo,CO900381505,Cali Mio Express Turbo - Country,Otra,1.73,2400.0,2400.0
4/5/2026,Bogotá,Alba Vegetarian - Turbo,CO900475221,Alba Vegetarian - Andes - Turbo,Andes,1.72,2400.0,2400.0
4/5/2026,Cali,Dembow - Turbo,CO900473655,Dembow - San Fernando - Turbo,San Fernando,1.72,2400.0,2400.0
4/5/2026,Bogotá,Cacerola - Turbo,CO900416208,Cacerola - Villa del Prado  - Turbo,Villa del Prado,1.71,2400.0,2400.0
4/5/2026,Bogotá,Vicio - Turbo,CO900426529,Vicio Andes - Turbo,Andes,1.69,3000.0,3000.0
4/5/2026,Bogotá,Foodology Court - Turbo,CO900471304,Foodology Kennedy - Turbo,Kennedy,1.68,2400.0,2400.0
4/5/2026,Medellín,Alba Vegetarian - Turbo,CO900443008,Alba Vegetarian - Laureles - Turbo,Laureles,1.67,2400.0,2700.0
4/5/2026,Barranquilla,Monteverde - Turbo,CO900450774,Monteverde Barranquilla - Turbo,Barranquilla,1.66,2400.0,2700.0
4/5/2026,Bogotá,Cinnabon - Turbo,CO900402238,Cinnabon Usaquén - Turbo,Usaquén,1.66,3000.0,3000.0
4/5/2026,Bogotá,Monteverde - Turbo,CO900476066,Monteverde Andes - Turbo,Andes,1.65,2400.0,2400.0
4/5/2026,Bogotá,Señor Burrito. - Turbo,CO900471311,Señor Burrito Andes - Turbo,Andes,1.65,2400.0,2400.0
4/5/2026,Cali,Almuerzos D´la Casa - Turbo,CO900471211,Almuerzos D´la Casa - San Fernando - Turbo,San Fernando,1.65,2700.0,3000.0
4/5/2026,Cartagena,Acpm Corrientazo - Turbo,CO900479517,Acpm Corrientazo Cartagena - Turbo,Cartagena,1.65,2400.0,2400.0
4/5/2026,Medellín,Cinnabon - Turbo,CO900396466,Cinnabon Laureles - Turbo,Laureles,1.64,2700.0,2700.0
4/5/2026,Bogotá,Selvatiko. - Turbo,CO900475113,Selvatiko. Kennedy - Turbo,Kennedy,1.63,2700.0,2700.0
4/5/2026,Bogotá,Burritos & Co - Turbo,CO900420642,Burritos And Co - Kennedy - Turbo,Kennedy,1.57,2400.0,2400.0
4/5/2026,Medellín,Monteverde - Turbo,CO900450764,Monteverde Laureles - Turbo Calle 32F,Laureles,1.57,2700.0,2700.0
4/5/2026,Medellín,Selvatiko. - Turbo,CO900475123,Selvatiko. Laureles - Turbo,Laureles,1.56,2700.0,2700.0
4/5/2026,Bogotá,Doritos Locos By Dorito - Turbo,CO900472112,Doritos Locos By Dorito Chapinero - Turbo,Chapinero,1.55,2400.0,2400.0
4/5/2026,Bogotá,La Brasa Roja - Turbo,CO900405528,La Brasa Roja Country - Turbo,Otra,1.55,2700.0,2700.0
4/5/2026,Medellín,Brunch & Munch - Turbo,CO900405254,Brunch & Munch Manila - Medellin - Turbo,Manila,1.55,2700.0,2700.0
4/5/2026,Bogotá,Cali Vea - Turbo,CO900417319,Cali Vea Castellana - Turbo,Parque 93 / Castellana,1.54,2700.0,2700.0
4/5/2026,Bogotá,Alba Vegetarian - Turbo,CO900476064,Alba Vegetarian Villa Del Prado - Turbo,Villa del Prado,1.53,2400.0,2400.0
4/5/2026,Bogotá,Almuerzos D´la Casa - Turbo,CO900471210,Almuerzos D´la Casa - Chapinero - Turbo,Chapinero,1.53,2400.0,2400.0
4/5/2026,Medellín,Pret Sandwich Bistro - Turbo,CO900416173,Pret Sándwich Bistro Laureles - Turbo Calle,Laureles,1.52,2400.0,2700.0
4/5/2026,Bogotá,Burrito Cantina - Turbo,CO900467379,Burrito Cantina Villa del Prado - Turbo,Villa del Prado,1.49,2400.0,2700.0
4/5/2026,Bogotá,Avocalia Turbo,CO900420304,Avocalia - Kennedy - Turbo,Kennedy,1.49,2400.0,2400.0
4/5/2026,Medellín,The Breakfast Club - Turbo,CO900475283,The Breakfast Club Manila - Turbo,Manila,1.48,2700.0,2700.0
4/5/2026,Bogotá,Avocalia Turbo,CO900473671,Avocalia Andes Mp - Turbo,Andes,1.46,2400.0,2400.0
4/5/2026,Medellín,Pret Sandwich Bistro - Turbo,CO900416174,Pret Sándwich Bistro Manila - Turbo,Manila,1.46,2700.0,2700.0
4/5/2026,Medellín,Señor Burrito. - Turbo,CO900467427,Señor Burrito Manila - Turbo,Manila,1.45,2400.0,2400.0
4/5/2026,Bogotá,Vicio - Turbo,CO900420289,Vicio Colina - Turbo,Colina,1.44,2700.0,2700.0
4/5/2026,Cartagena,Avocalia Turbo,CO900480008,Avocalia - Cartagena - Turbo,Cartagena,1.44,2400.0,2400.0
4/5/2026,Medellín,La Cuadra - Turbo,CO900416201,La Cuadra Manila - Medellin - Turbo,Manila,1.43,2400.0,2400.0
4/5/2026,Bogotá,Mañanero Diario - Turbo,CO900475200,Mañanero Andes - Turbo,Andes,1.41,2400.0,2700.0
4/5/2026,Medellín,Burrito Cantina - Turbo,CO900467385,Burrito Cantina Laureles - Turbo,Laureles,1.41,2700.0,2700.0
4/5/2026,Bogotá,Burrito Cantina - Turbo,CO900470961,Burrito Cantina Andes - Turbo,Andes,1.39,2400.0,2400.0
4/5/2026,Medellín,House Of Salads - Turbo,CO900445683,House Of Salad Manila - Turbo,Manila,1.36,2400.0,2700.0
4/5/2026,Barranquilla,Alba Vegetarian - Turbo,CO900443015,Alba Vegetarian - Norte - Turbo,Barranquilla,1.35,2400.0,2700.0
4/5/2026,Medellín,Foodology Court - Turbo,CO900465147,Foodology Manila - Turbo Cra. 42 #10-65,Manila,1.33,2400.0,2700.0
4/5/2026,Bogotá,Cinnabon - Turbo,CO900416553,Cinnabon Villa Del Prado - Turbo,Villa del Prado,1.32,2700.0,2700.0
4/5/2026,Bogotá,Acpm Corrientazo - Turbo,CO900467506,Acpm Corrientazo Usaquén - Turbo,Usaquén,1.32,2400.0,2700.0
4/5/2026,Bogotá,Señor Burrito. - Turbo,CO900471310,Señor Burrito Kennedy - Turbo,Kennedy,1.32,2400.0,2400.0
4/5/2026,Medellín,Vicio - Turbo,CO900405130,Vicio Manila - Turbo,Manila,1.32,2700.0,2700.0
4/5/2026,Bogotá,Cacerola - Turbo,CO900416213,Cacerola Usaquen - Turbo,Usaquén,1.31,2400.0,2400.0
4/5/2026,Cartagena,Honest Food Fdl - Turbo,CO900481826,Honest Food Cartagena - Turbo,Cartagena,1.29,1200.0,1500.0
4/5/2026,Medellín,Burritos & Co - Turbo,CO900410576,Burritos & Co Manila - Medellin - Turbo,Manila,1.29,2400.0,2400.0
4/5/2026,Bogotá,Selvatiko. - Turbo,CO900475118,Selvatiko. Villa del prado - Turbo,Villa del Prado,1.28,2700.0,3000.0
4/5/2026,Cartagena,Burritos & Co - Turbo,CO900481037,Burritos & Co - Cartagena - Turbo,Cartagena,1.27,2400.0,2400.0
4/5/2026,Cartagena,Monteverde - Turbo,CO900482005,Monteverde Cartagena - Turbo,Cartagena,1.27,2400.0,2400.0
4/5/2026,Medellín,Monteverde - Turbo,CO900450776,Monteverde Manila - Turbo,Manila,1.24,2400.0,2400.0
4/5/2026,Bogotá,la Cuadra Desayunos Caseros - Turbo,CO900467499,La Cuadra Desayunos Caceros - Villa del Prado - Turbo,Villa del Prado,1.23,2400.0,2400.0
4/5/2026,Bogotá,La Cuadra - Turbo,CO900426536,La Cuadra - Andes - Turbo,Andes,1.22,2700.0,2700.0
4/5/2026,Medellín,Almuerzos D´la Casa - Turbo,CO900471213,Almuerzos D´la Casa - Manila - Turbo,Manila,1.22,2400.0,2400.0
4/5/2026,Medellín,Honest Food Fdl - Turbo,CO900472143,Honest Food Manila - Turbo,Manila,1.19,2400.0,2700.0
4/5/2026,Medellín,Avocalia Turbo,CO900405545,Avocalia - Manila - Turbo,Manila,1.17,2700.0,2700.0
4/5/2026,Cartagena,House Of Salads - Turbo,CO900481978,House Of Salads Cartagena - Turbo,Cartagena,0.98,2400.0,2400.0
4/5/2026,Cartagena,Alba Vegetarian - Turbo,CO900479519,Alba Vegetarian - Cartagena Calle 24a 329 - Turbo,Cartagena,0.98,2400.0,2400.0
4/5/2026,Bogotá,Frost By Oreo - Turbo,CO900420276,Frost by Oreo Colina - Turbo,Colina,0.97,3000.0,3000.0
4/5/2026,Bucaramanga,Almuerzos D´la Casa - Turbo,CO900471204,Almuerzos D´la Casa - Cabecera - Turbo,Cabecera (Bga),0.97,2700.0,2700.0
4/5/2026,Medellín,Acpm Corrientazo - Turbo,CO900467505,Acpm Corrientazo Laureles - Turbo,Laureles,0.93,2700.0,2700.0
4/5/2026,Cali,Vicio - Turbo,CO900405131,Vicio San Fernando - Turbo,San Fernando,0.91,2400.0,2400.0
4/5/2026,Cali,Frost By Oreo - Turbo,CO900405217,Frost By Oreo San Fernando - Turbo,San Fernando,0.87,2700.0,2700.0
4/5/2026,Medellín,Mañanero Diario - Turbo,CO900443494,Mañanero diario Laureles - Turbo,Laureles,0.87,2700.0,2700.0
4/5/2026,Medellín,Foodology Court - Turbo,CO900465144,Foodology Laureles - Turbo Calle 32f #66b-254,Laureles,0.82,2700.0,2700.0
4/5/2026,Bogotá,Foodology Court - Turbo,CO900465146,Foodology Chapinero - Turbo Cra. 8 #66-88,Chapinero,0.81,2400.0,3000.0
4/5/2026,Bogotá,Acpm Corrientazo - Turbo,CO900470916,Acpm Corrientazo Andes - Turbo,Andes,0.8,2700.0,2700.0
4/5/2026,Bogotá,Helados San Jerónimo - Turbo,CO900400749,San Jeronimo - Usaquén - Turbo,Usaquén,0.79,3000.0,3000.0
4/5/2026,Bogotá,Mañanero Diario - Turbo,CO900475199,Mañanero Kennedy - Turbo,Kennedy,0.77,2400.0,2400.0
4/5/2026,Bucaramanga,Frost By Oreo - Turbo,CO900426531,Frost by Oreo Bucaramanga - Turbo,Cabecera (Bga),0.77,3000.0,3000.0
4/5/2026,Medellín,Mañanero Diario - Turbo,CO900443495,Mañanero diario Manila - Turbo,Manila,0.76,2700.0,2700.0
4/5/2026,Bogotá,Frost By Oreo - Turbo,CO900400262,Frost By Oreo Castellana - Turbo,Parque 93 / Castellana,0.74,2400.0,2400.0
4/5/2026,Bogotá,Frost By Oreo - Turbo,CO900409684,Frost By Oreo Chapinero - Turbo,Chapinero,0.73,2700.0,2700.0
4/5/2026,Bogotá,Frost By Oreo - Turbo,CO900400261,Frost By Oreo Usaquén - Turbo,Usaquén,0.72,3000.0,3000.0
4/5/2026,Bogotá,Doritos Locos By Dorito - Turbo,CO900472102,Doritos Locos By Dorito Usaquen - Turbo,Usaquén,0.72,2400.0,2400.0
4/5/2026,Barranquilla,Sanduches el Jefe - Turbo,CO900419499,Sandwich el Jefe Barranquilla - Turbo Cra. 45  353,Barranquilla,0.68,1200.0,1500.0
4/5/2026,Bogotá,Mañanero Diario - Turbo,CO900443496,Mañanero Diario Usaquén - Turbo,Usaquén,0.68,2400.0,2400.0
4/5/2026,Medellín,Alba Vegetarian - Turbo,CO900443014,Alba Vegetarian - Manila - Turbo,Manila,0.68,2400.0,2700.0
4/5/2026,Bogotá,Helados San Jerónimo - Turbo,CO900414572,Heladería San Jerónimo Villa Del Prado - Turbo,Villa del Prado,0.67,3000.0,3000.0
4/5/2026,Barranquilla,Helados San Jerónimo - Turbo,CO900410462,Heladería San Jerónimo Barranquilla Norte - Turbo,Barranquilla,0.66,3000.0,3000.0
4/5/2026,Bogotá,Helados San Jerónimo - Turbo,CO900420291,Heladería San Jerónimo Kennedy - Turbo,Kennedy,0.66,3000.0,3000.0
4/5/2026,Bogotá,Bottaniko - Turbo,CO900443507,Bottaniko Chapinero - Turbo,Chapinero,0.66,2400.0,2400.0
4/5/2026,Medellín,Bottaniko - Turbo,CO900443512,Bottaniko Manila - Medellin - Turbo,Manila,0.64,2400.0,2700.0
4/5/2026,Barranquilla,la Cuadra Desayunos Caseros - Turbo,CO900467494,La Cuadra Desayunos Caseros Barranquilla Norte - Turbo,Barranquilla,0.63,2400.0,2400.0
4/5/2026,Bogotá,Vicio - Turbo,CO900409686,Vicio Chapinero - Turbo,Chapinero,0.6,2400.0,2400.0
4/5/2026,Bucaramanga,Bottaniko - Turbo,CO900443514,Bottaniko - Bucaramanga - Turbo,Cabecera (Bga),0.6,2400.0,2700.0
4/5/2026,Bogotá,Señor Burrito. - Turbo,CO900467421,Señor Burrito - Villa del Prado - Turbo,Villa del Prado,0.58,2400.0,2400.0
4/5/2026,Bogotá,Vicio - Turbo,CO900420288,Vicio Kennedy - Turbo,Kennedy,0.58,2400.0,3000.0
4/5/2026,Bogotá,Pret Sandwich Bistro - Turbo,CO900473669,Pret Sandwich Bistro Kennedy - Turbo,Kennedy,0.57,2400.0,2400.0
4/5/2026,Bogotá,Helados San Jerónimo - Turbo,CO900409698,Heladería San Jerónimo Chapinero - Turbo,Chapinero,0.57,2700.0,3000.0
4/5/2026,Barranquilla,Pret Sandwich Bistro - Turbo,CO900416176,Pret Sandwich Bistro Barranquilla Nte - Turbo,Barranquilla,0.53,2400.0,2700.0
4/5/2026,Bogotá,Bottaniko - Turbo,CO900475790,Bottaniko - Kennedy - Turbo,Kennedy,0.53,2400.0,2700.0
4/5/2026,Bogotá,Helados San Jerónimo - Turbo,CO900400750,Heladería San Jerónimo Castellana - Turbo Calle 93  247,Parque 93 / Castellana,0.53,3000.0,3000.0
4/5/2026,Barranquilla,Vicio - Turbo,CO900410120,Vicio Barranquilla Norte - Turbo,Barranquilla,0.52,3000.0,3000.0
4/5/2026,Bogotá,Doritos Locos By Dorito - Turbo,CO900473563,Doritos Locos By Dorito Andes - Turbo,Andes,0.43,2400.0,2400.0
4/5/2026,Barranquilla,Frost By Oreo - Turbo,CO900410135,Frost By Oreo Barranquilla Norte - Turbo,Barranquilla,0.42,2700.0,3000.0
4/5/2026,Bogotá,Burrito Cantina - Turbo,CO900470960,Burrito Cantina Kennedy - Turbo,Kennedy,0.42,2400.0,2400.0
4/5/2026,Bogotá,Frost By Oreo - Turbo,CO900420277,Frost By Oreo Kennedy - Turbo,Kennedy,0.4,2400.0,2400.0
4/5/2026,Bogotá,Frost By Oreo - Turbo,CO900426530,Frost by Oreo Andes - Turbo,Andes,0.4,3000.0,3000.0
4/5/2026,Medellín,Frost By Oreo - Turbo,CO900396768,Frost By Oreo Laureles - Turbo,Laureles,0.4,2700.0,2700.0
4/5/2026,Medellín,Vicio - Turbo,CO900396759,Vicio Laureles - Turbo,Laureles,0.4,2700.0,2700.0
4/5/2026,Medellín,Helados San Jerónimo - Turbo,CO900405135,Heladería San Jerónimo Laureles - Turbo,Laureles,0.39,2700.0,2700.0
4/5/2026,Bucaramanga,Alba Vegetarian - Turbo,CO900443010,Alba Vegetarian - Cabecera - Turbo,Cabecera (Bga),0.38,3000.0,3000.0
4/5/2026,Cartagena,Helados San Jerónimo - Turbo,CO900481999,Heladería San Jerónimo Cartagena - Turbo,Cartagena,0.38,2400.0,2400.0
4/5/2026,Bogotá,Helados San Jerónimo - Turbo,CO900426595,Heladería San Jerónimo Andes - Turbo,Andes,0.36,3000.0,3000.0
4/5/2026,Cartagena,la Cuadra Desayunos Caseros - Turbo,CO900481966,La Cuadra Desayunos Caseros Cartagena - Turbo,Cartagena,0.33,2400.0,2400.0
4/5/2026,Bogotá,Frost By Oreo - Turbo,CO900405219,Frost By Oreo Villa Del Prado - Turbo,Villa del Prado,0.31,3000.0,3000.0
4/5/2026,Medellín,Helados San Jerónimo - Turbo,CO900405137,Heladería San Jerónimo Manila - Turbo,Manila,0.29,2700.0,2700.0
4/5/2026,Medellín,Frost By Oreo - Turbo,CO900405218,Frost By Oreo Manila - Turbo,Manila,0.29,2700.0,2700.0
4/5/2026,Barranquilla,Almuerzos D´la Casa - Turbo,CO900471203,Almuerzos D´la Casa - Barranquilla Norte - Turbo,Barranquilla,0.23,2400.0,2700.0
4/5/2026,Bogotá,Mañanero Diario - Turbo,CO900443502,Mañanero diario Villa del Prado - Turbo,Villa del Prado,0.23,2700.0,2700.0
4/5/2026,Bogotá,Pret Sandwich Bistro - Turbo,CO900416549,Pret Sandwich Bistro 93 - Turbo,Parque 93 / Castellana,0.2,1200.0,2400.0
4/5/2026,Cali,Helados San Jerónimo - Turbo,CO900405136,Heladería San Jerónimo San Fernando - Turbo,San Fernando,0.17,2700.0,3000.0
4/5/2026,Bogotá,Burrito Cantina - Turbo,CO900467381,Burrito Cantina Usaquén - Turbo,Usaquén,,2400.0,2400.0
4/5/2026,Bogotá,Pret Sandwich Bistro - Turbo,CO900416177,Pret Sandwich Bistro Villa del Prado - Turbo,Villa del Prado,,2700.0,2700.0
4/5/2026,Bogotá,Desayunos de la Abuela - Turbo,CO900473560,Desayunos de la Abuela Kennedy - Turbo,Kennedy,,2400.0,2400.0
4/5/2026,Bogotá,Acpm Corrientazo - Turbo,CO900464911,Acpm Corrientazo Chapinero - Turbo,Chapinero,,2400.0,2400.0
4/5/2026,Barranquilla,Acpm Corrientazo - Turbo,CO900467508,Acpm Corrientazo Barranquilla Norte - Turbo,Barranquilla,,2700.0,2700.0
4/5/2026,Bogotá,Helados San Jerónimo - Turbo,CO900420290,San Jeronomio - Colina - Turbo,Colina,,3000.0,3000.0
4/5/2026,Bogotá,The Cookie Jaar - Turbo,CO900476119,COOKIE JAAR-POPSY BOGOTA 79 (CINEMATECA) - Turbo,Otra,,2400.0,2400.0
4/5/2026,Cartagena,Bottaniko - Turbo,CO900480013,Bottaniko - Cartagena - Turbo,Cartagena,,2400.0,2400.0
4/5/2026,Bogotá,Dembow - Turbo,CO900473651,Dembow - Villa Del Prado - Turbo,Villa del Prado,,2400.0,2400.0
4/5/2026,Bogotá,la Cuadra Desayunos Caseros - Turbo,CO900470908,La Cuadra Desayunos Caseros Kennedy - Turbo,Kennedy,,2400.0,2400.0
4/5/2026,Bogotá,Señor Burrito. - Turbo,CO900464393,Señor Burrito 109 - Turbo,Calle 109,,2400.0,2700.0
4/5/2026,Bogotá,Cali Vea - Turbo,CO900419804,Cali Vea Chapinero Calle 41 - Turbo,Chapinero,,2400.0,2400.0
4/5/2026,Barranquilla,Dembow - Turbo,CO900473647,Dembow - Barranquilla Nte - Turbo,Barranquilla,,2400.0,2700.0
4/5/2026,Bogotá,Avocalia Turbo,CO900410780,Avocalia Chicó - Turbo,Chicó,,2400.0,2700.0
4/5/2026,Bogotá,Brunch & Munch - Turbo,CO900426740,Brunch & Munch Andes - Turbo,Andes,,2400.0,2400.0
4/5/2026,Medellín,Bottaniko - Turbo,CO900443506,Bottaniko Laureles - Turbo,Laureles,,2400.0,2400.0
4/5/2026,Bogotá,Numa Cocina Mediterranea - Turbo,CO900476062,Cocina Mediterranea Kennedy - Turbo,Kennedy,,2400.0,2400.0
4/5/2026,Bogotá,Alba Vegetarian - Turbo,CO900475345,Alba Vegetarian Cl 109 - Turbo,Calle 109,,2400.0,2400.0
4/5/2026,Bogotá,Cali Vea - Turbo,CO900415620,Cali Vea Contador - Turbo,Otra,,3000.0,3000.0
4/5/2026,Bogotá,Poke Turbo,CO900399566,Poke el Lago Turbo Cra. 12A  28,Otra,,2400.0,2400.0
4/5/2026,Barranquilla,Ñamgucheria Sandwiches - Turbo,CO900439221,Ñamguchería Barranquilla Norte - Turbo,Barranquilla,,1200.0,2400.0
4/5/2026,Bogotá,Almuerzos D´la Casa - Turbo,CO900477128,Almuerzos D´la Casa Cl 109 - Turbo,Calle 109,,1200.0,1500.0
4/5/2026,Bogotá,The Breakfast Club - Turbo,CO900475289,The Breakfast Club Usaquen - Turbo,Usaquén,,2400.0,2400.0
4/5/2026,Cartagena,Almuerzos D´la Casa - Turbo,CO900479595,Almuerzos D´la Casa - Cartagena - Turbo,Cartagena,,2400.0,2400.0
4/5/2026,Bogotá,Green House Fd - Turbo,CO900438452,Green House Chapinero - Turbo,Chapinero,,2400.0,2400.0
4/5/2026,Cali,Pret Sandwich Bistro - Turbo,CO900416178,Pret Sándwich Bistro Santa Monica - Turbo,Santa Mónica,,2700.0,2700.0
4/5/2026,Cali,Little Caesars Turbo,CO900377937,Little Caesar's Plaza Toros - Turbo,Otra,,2400.0,2400.0
4/5/2026,Medellín,Desayuno Mi Tierrita - Turbo,CO900465160,Desayuno Mi Tierrita Manila - Turbo,Manila,,2400.0,2400.0
4/5/2026,Barranquilla,Señor Burrito. - Turbo,CO900467425,Señor Burrito Barranquilla Norte - Turbo,Barranquilla,,2400.0,2400.0
4/5/2026,Bogotá,Monteverde - Turbo,CO900450766,Monteverde Usaquen - Turbo,Usaquén,,2700.0,2700.0
4/5/2026,Bogotá,Desayuno Mi Tierrita - Turbo,CO900465158,Desayuno Mi Tierrita Usaquén - Turbo,Usaquén,,1200.0,1500.0
4/5/2026,Cali,Cacerola - Turbo,CO900416207,Cacerola Santa Monica - Cali - Turbo,Santa Mónica,,2400.0,2400.0
4/5/2026,Bogotá,Desayunos de la Abuela - Turbo,CO900446311,Desayunos de la Abuela Chapinero - Turbo,Chapinero,,1200.0,1500.0
4/5/2026,Bucaramanga,Sanduches el Jefe - Turbo,CO900427117,Sandwich El Jefe Bucaramanga - Turbo,Cabecera (Bga),,2400.0,2400.0
4/5/2026,Cali,Burritos & Co - Turbo,CO900410573,Burritos And Co Cali - Turbo,Otra,,1200.0,1800.0
4/5/2026,Barranquilla,Mr Beast Burger - Turbo,CO900405269,Mr Beast Barranquilla Norte - Turbo Urgencias Eps Sanitas 284,Barranquilla,,1200.0,1800.0
4/5/2026,Bogotá,Cali Mio Express - Turbo,CO900381507,Cali Mio Express Turbo - Santa Paula,Otra,,3000.0,3000.0
4/5/2026,Bogotá,Frost By Oreo - Turbo,CO900475372,Frost By Oreo Cl 109 - Turbo,Calle 109,,3000.0,3000.0
4/5/2026,Bogotá,House Of Salads - Turbo,CO900476070,House Of Salads Andes - Turbo,Andes,,2400.0,2400.0
4/5/2026,Cali,Avocalia Turbo,CO900407400,Avocalia Santa Monica - Cali - Turbo,Santa Mónica,,2400.0,2400.0
4/5/2026,Cali,Almuerzos D´la Casa - Turbo,CO900471208,Almuerzos D´la Casa - Santa Monica - Turbo,Santa Mónica,,2400.0,2700.0
4/5/2026,Cartagena,La Cuadra - Turbo,CO900481970,La Cuadra - Cartagena - Turbo,Cartagena,,2400.0,2400.0
4/5/2026,Cartagena,Green House Fd - Turbo,CO900481820,Green House Cartagena - Turbo,Cartagena,,2400.0,2400.0
4/5/2026,Bogotá,Little Caesars Turbo,CO900377941,Little Caesar's Calle 127,Otra,,1200.0,1500.0
4/5/2026,Bogotá,Cali Vea - Turbo,CO900415616,Cali Vea Santa Barbara - Turbo,Otra,,3000.0,3000.0
4/5/2026,Bogotá,Cali Vea - Turbo,CO900415612,Cali Vea Colina Campestre - Turbo,Colina,,3000.0,3000.0
4/5/2026,Bogotá,Acpm Corrientazo - Turbo,CO900467511,Acpm Corrientazo Castellana - Turbo,Parque 93 / Castellana,,2400.0,2400.0
4/5/2026,Bogotá,Brunch & Munch - Turbo,CO900409672,Brunch & Munch Chapinero - Turbo,Chapinero,,2400.0,2400.0
4/5/2026,Cali,Burrito Cantina - Turbo,CO900467383,Burrito Cantina San Fernando - Turbo,San Fernando,,2400.0,2400.0
4/5/2026,Bogotá,Cali Mio Express - Turbo,CO900398580,Cali Mio Express Turbo Cedritos,Otra,,3000.0,3000.0
4/5/2026,Bogotá,Poke Turbo,CO900487043,Poke Maloka - Turbo,Otra,,2400.0,2400.0
4/5/2026,Cali,Foodology Court - Turbo,CO900465149,Foodology San Fernando - Turbo Carrera 38 #5e-9,San Fernando,,1200.0,1800.0
4/5/2026,Medellín,House Of Salads - Turbo,CO900445679,House Of Salad Laureles - Turbo,Laureles,,2700.0,2700.0
4/5/2026,Bogotá,Vicio - Turbo,CO900405129,Vicio Villa Del Prado - Turbo,Villa del Prado,,3000.0,3000.0
4/5/2026,Bogotá,Selvatiko. - Turbo,CO900475359,Selvatiko Cl 109 - Turbo,Calle 109,,1200.0,1500.0
4/5/2026,Cali,Dembow - Turbo,CO900473646,Dembow - Santa Mónica - Turbo,Santa Mónica,,2400.0,2400.0
4/5/2026,Cali,Ñamgucheria Sandwiches - Turbo,CO900439224,Ñamguchería Santa Monica - Turbo,Santa Mónica,,2400.0,2400.0
4/5/2026,Bogotá,Numa Cocina Mediterranea - Turbo,CO900476061,Cocina Mediterranea Andes - Turbo,Andes,,2400.0,2400.0
4/5/2026,Cali,Señor Burrito. - Turbo,CO900467419,Señor Burrito San Fernando - Turbo,San Fernando,,2400.0,2400.0
4/5/2026,Barranquilla,Honest Food Fdl - Turbo,CO900472141,Honest Food Barranquilla - Turbo,Barranquilla,,1200.0,1800.0
4/5/2026,Bogotá,Almuerzos D´la Casa - Turbo,CO900471209,Almuerzos D´la Casa - 93 - Turbo,Parque 93 / Castellana,,2400.0,2400.0
4/5/2026,Bogotá,Honest Food Fdl - Turbo,CO900472136,Honest Food Usaquen - Turbo,Usaquén,,2400.0,2400.0
4/5/2026,Bogotá,Monteverde - Turbo,CO900450779,Monteverde Chapinero - Turbo,Chapinero,,2400.0,2400.0
4/5/2026,Bucaramanga,la Cuadra Desayunos Caseros - Turbo,CO900470910,La Cuadra Desayunos Caseros Cabecera - Turbo,Cabecera (Bga),,3000.0,3000.0
4/5/2026,Bogotá,Almuerzos D´la Casa - Turbo,CO900473543,Almuerzos D´la Casa - Andes - Turbo,Andes,,2700.0,2700.0
4/5/2026,Bogotá,La Cuadra - Turbo,CO900420510,La Cuadra - Colina - Turbo,Colina,,1200.0,1500.0
4/5/2026,Bogotá,Brunch & Munch - Turbo,CO900465171,Brunch & Munch Cl 109 - Turbo,Calle 109,,1200.0,1500.0
4/5/2026,Bogotá,Local Cocina Consciente - Turbo,CO900477107,Local - Cocina Consciente Calle 93 - Turbo,Parque 93 / Castellana,,2400.0,2400.0
4/5/2026,Bucaramanga,Mr Beast Burger - Turbo,CO900428937,Mr Beast Bucaramanga - Turbo,Cabecera (Bga),,2400.0,2400.0
4/5/2026,Bogotá,La Brasa Roja - Turbo,CO900419800,La Brasa Roja Villas - Turbo,Villa del Prado,,2400.0,2400.0
4/5/2026,Bogotá,Ñamgucheria Sandwiches - Turbo,CO900473584,Ñamguchería Andes - Turbo,Andes,,1200.0,1800.0
4/5/2026,Barranquilla,Cacerola - Turbo,CO900416210,Cacerola Barranquilla - Turbo,Barranquilla,,2400.0,2400.0
4/5/2026,Bogotá,la Cuadra Desayunos Caseros - Turbo,CO900467493,La Cuadra Desayunos Caseros Usaquen - Turbo,Usaquén,,2400.0,2400.0
4/5/2026,Cartagena,Señor Burrito. - Turbo,CO900482004,Señor Burrito Cartagena - Turbo,Cartagena,,2400.0,2400.0
4/5/2026,Cartagena,Burrito Cantina - Turbo,CO900481034,Burrito Cantina Cartagena - Turbo,Cartagena,,2400.0,2400.0
4/5/2026,Medellín,Sanduches el Jefe - Turbo,CO900419507,Sandwich El Jefe Manila - Turbo,Manila,,2700.0,2700.0
4/5/2026,Medellín,Almuerzos D´la Casa - Turbo,CO900471207,Almuerzos D´la Casa - Laureles - Turbo,Laureles,,2400.0,2700.0
4/5/2026,Bogotá,Burritos & Co - Turbo,CO900426540,Burritos & Co Andes - Turbo,Andes,,2700.0,2700.0
4/5/2026,Bogotá,Pret Sandwich Bistro - Turbo,CO900473670,Pret Sandwich Bistro Andes - Turbo,Andes,,2400.0,3000.0
4/5/2026,Bogotá,Alba Vegetarian - Turbo,CO900443009,Alba Vegetarian - Chapinero - Turbo,Chapinero,,2400.0,2400.0
4/5/2026,Bucaramanga,Helados San Jerónimo - Turbo,CO900426594,Heladería San Jerónimo Bucaramanga - Turbo,Cabecera (Bga),,3000.0,3000.0
4/5/2026,Medellín,Señor Burrito. - Turbo,CO900467423,Señor Burrito Laureles - Turbo,Laureles,,2700.0,2700.0
4/5/2026,Bogotá,Selvatiko. - Turbo,CO900476479,Selvatiko Chico - Turbo,Chicó,,1200.0,1500.0
4/5/2026,Cali,Monteverde - Turbo,CO900450772,Monteverde San Fernando - Turbo,San Fernando,,2400.0,2400.0
4/5/2026,Bogotá,Bottaniko - Turbo,CO900443511,Bottaniko - Villa del Prado - Turbo,Villa del Prado,,2400.0,2400.0
4/5/2026,Bogotá,Pret Sandwich Bistro - Turbo,CO900416172,Pret Sandwich Bistro Chapinero - Turbo,Chapinero,,2400.0,2400.0
4/5/2026,Bucaramanga,House Of Salads - Turbo,CO900476073,House Of Salads Cabecera - Turbo,Cabecera (Bga),,3000.0,3000.0
4/5/2026,Bogotá,Vicio - Turbo,CO900400179,Vicio Usaquén - Turbo,Usaquén,,3000.0,3000.0
4/5/2026,Bogotá,Almuerzos D´la Casa - Turbo,CO900475129,Almuerzos D` La Casa - Kennedy - Turbo,Kennedy,,2400.0,2400.0
4/5/2026,Bogotá,Desayuno Mi Tierrita - Turbo,CO900470919,Desayunos Mi Tierrita - Kennedy - Turbo,Kennedy,,1200.0,2400.0
4/5/2026,Medellín,Acpm Corrientazo - Turbo,CO900467512,Acpm Corrientazo Manila - Turbo,Manila,,2700.0,2700.0
4/5/2026,Bogotá,Foodology Court - Turbo,CO900465138,Foodology Cl 109 - Turbo Cl. 109 #15-28,Calle 109,,1200.0,1500.0
4/5/2026,Bogotá,Burritos & Co - Turbo,CO900410572,Burritos And Co 93 - Turbo,Parque 93 / Castellana,,2400.0,2400.0
4/5/2026,Bogotá,Burritos & Co - Turbo,CO900410665,Burritos And Co Chapinero - Turbo,Chapinero,,2400.0,2400.0
4/5/2026,Medellín,Selvatiko. - Turbo,CO900475117,Selvatiko. Manila - Turbo,Manila,,2400.0,2700.0
4/5/2026,Medellín,Cinnabon - Turbo,CO900405125,Cinnabon Manila - Turbo,Manila,,2700.0,2700.0
4/5/2026,Cali,Brunch & Munch - Turbo,CO900405252,Brunch & Munch Cali - San Fernando - Turbo,San Fernando,,1200.0,1500.0
4/5/2026,Bogotá,la Cuadra Desayunos Caseros - Turbo,CO900467497,La Cuadra Desayunos Caseros 93 - Turbo,Parque 93 / Castellana,3.0,2400.0,2700.0
4/5/2026,Bogotá,La Cuadra - Turbo,CO900416192,La Cuadra - Castellana - Turbo,Parque 93 / Castellana,3.0,2400.0,2400.0
4/5/2026,Bucaramanga,Foodology Court - Turbo,CO900465153,Foodology Cabecera - Turbo,Cabecera (Bga),3.0,3000.0,3000.0
4/5/2026,Cali,Bottaniko - Turbo,CO900443509,Bottaniko Santa Monica - Cali - Turbo,Santa Mónica,0.0,2400.0,3000.0
4/5/2026,Barrancabermeja,Frost By Oreo - Turbo,CO900428417,Frost by Oreo Bucaramanga - Turbo. CHURNEADO,Cabecera (Bga),,1000,1000.0
4/5/2026,Barranquilla,Ihop - Turbo,CO900420705,Ihop Barranquilla Norte - Turbo,Barranquilla,,2400.0,2400.0
4/5/2026,Barranquilla,Doritos Locos By Dorito - Turbo,CO900472105,Doritos Locos By Dorito Barranquilla - Turbo,Barranquilla,,2400.0,2400.0
4/5/2026,Barranquilla,Desayuno Mi Tierrita - Turbo,CO900465156,Desayuno Mi Tierrita Barranquilla - Turbo,Barranquilla,,1200.0,1500.0
4/5/2026,Barranquilla,Avocalia Turbo,CO900405547,Avocalia Barranquilla - Turbo,Barranquilla,,1000,1000.0
4/5/2026,Barranquilla,Local Cocina Consciente - Turbo,CO900477106,Local - Cocina Consciente Barranquilla - Turbo,Barranquilla,,2400.0,2400.0
4/5/2026,Barranquilla,The Cookie Jaar - Turbo,CO900476120,COOKIE JAAR DISTRITO 90 - Turbo,Barranquilla,,1000,1000.0
4/5/2026,Barranquilla,la Panquequeria - Turbo,CO900482236,La Panquequería Barranquilla Norte - Turbo,Barranquilla,,2400.0,2400.0
4/5/2026,Barranquilla,The Crunch Pizza - Turbo,CO900416204,The Crunch Barranquilla Turbo,Barranquilla,,2400.0,2400.0
4/5/2026,Barranquilla,Numa Cocina Mediterranea - Turbo,CO900463755,Cocina Mediterranea Barranquilla - Turbo,Barranquilla,,2400.0,2400.0
4/5/2026,Barranquilla,Get Smashed Burgers - Turbo,CO900416438,Get Smash Barranquilla Nte - Turbo,Barranquilla,,2400.0,2400.0
4/5/2026,Barranquilla,Helados Popsy - Turbo,CO900403152,Popsy Barranquilla 4 Buenavista 2 - Turbo,Barranquilla,,2400.0,2400.0
4/5/2026,Bogotá,Doritos Locos By Dorito - Turbo,CO900472111,Doritos Locos By Dorito Cl 109 - Turbo,Calle 109,,2400.0,2400.0
4/5/2026,Bogotá,Helados San Jerónimo - Turbo,CO900464391,Helados San Jerónimo Cl 109 - Turbo,Calle 109,,2400.0,2400.0
4/5/2026,Bogotá,Numa Cocina Mediterranea - Turbo,CO900463768,Numa Cocina Consciente Cl 109 - Turbo,Calle 109,,2400.0,2400.0
4/5/2026,Bogotá,Ñamgucheria Sandwiches - Turbo,CO900463788,Ñamgucheria Cl 109 - Turbo,Calle 109,,1000,1000.0
4/5/2026,Bogotá,The Breakfast Club - Turbo,CO900463743,The Breakfast Club Cl 109 - Turbo,Calle 109,,1000,1000.0
4/5/2026,Bogotá,Cacerola - Turbo,CO900464389,Cacerola Cl 109 - Turbo,Calle 109,,1000,1000.0
4/5/2026,Bogotá,Local Cocina Consciente - Turbo,CO900477101,Local Cocina Consciente Cl 109 - Turbo,Calle 109,,2400.0,2400.0
4/5/2026,Bogotá,Green House Fd - Turbo,CO900463819,Green House Cl 109 - Turbo,Calle 109,,1000,1000.0
4/5/2026,Bogotá,Ihop - Turbo,CO900463765,Ihop® - Cl 109 - Turbo,Calle 109,,2400.0,2400.0
4/5/2026,Bogotá,Mañanero Diario - Turbo,CO900475202,Mañanero Diario Cl 109 - Turbo,Calle 109,,1200.0,1500.0
4/5/2026,Bogotá,Que Chicken By Robegrill - Turbo,CO900463820,Que Chicken Cl 109 - Turbo,Calle 109,,2400.0,2400.0
4/5/2026,Bogotá,Burrito Cantina - Turbo,CO900467515,Burrito Cantina Cl 109 - Turbo Cl. 109 #15-28,Calle 109,,2400.0,2400.0
4/5/2026,Bogotá,Ñamgucheria Sandwiches - Turbo,CO900439230,Ñamguchería Villa del Prado - Turbo,Villa del Prado,,1000,1000.0
4/5/2026,Bogotá,Doritos Locos By Dorito - Turbo,CO900472110,Doritos Locos By Dorito Villa Del Prado - Turbo,Villa del Prado,,2400.0,2400.0
4/5/2026,Bogotá,Foodology Court - Turbo,CO900465154,Foodology Villa Del Prado - Turbo Cra. 55 #172-27,Villa del Prado,,2400.0,2400.0
4/5/2026,Bogotá,Ihop - Turbo,CO900420703,Ihop Villa del prado - Turbo,Villa del Prado,,2400.0,2400.0
4/5/2026,Bogotá,Cali Vea - Turbo,CO900415617,Cali Vea Lourdes - Turbo,Otra,,2700.0,2700.0
4/5/2026,Bogotá,Cali Mio Express - Turbo,CO900398579,Cali Mio Express Turbo Lourdes,Otra,,2400.0,2400.0
4/5/2026,Bogotá,La Brasa Roja - Turbo,CO900405524,La Brasa Roja Lourdes - Turbo,Otra,,2400.0,2400.0
4/5/2026,Bogotá,Desayunos de la Abuela - Turbo,CO900446319,Desayunos de la Abuela Usaquen - Turbo,Usaquén,,2400.0,2400.0
4/5/2026,Bogotá,Alba Vegetarian - Turbo,CO900443012,Alba Vegetarian - Usaquen - Turbo,Usaquén,,2700.0,2700.0
4/5/2026,Bogotá,Bottaniko - Turbo,CO900443510,Bottaniko Usaquen - Turbo,Usaquén,,2400.0,2400.0
4/5/2026,Bogotá,Ihop - Turbo,CO900420702,Ihop Usaquén - Turbo,Usaquén,,2400.0,2400.0
4/5/2026,Bogotá,Local Cocina Consciente - Turbo,CO900477110,Local - Cocina Consciente Usaquen - Turbo,Usaquén,,3000.0,3000.0
4/5/2026,Bogotá,Vicio - Turbo,CO900415608,Vicio Chicó - Turbo,Chicó,,2400.0,2400.0
4/5/2026,Bogotá,Green House Fd - Turbo,CO900438441,Green House Chico - Turbo,Chicó,,2400.0,2400.0
4/5/2026,Bogotá,Acpm Corrientazo - Turbo,CO900476074,Acpm Corrientazo Chico - Turbo,Chicó,,2400.0,2400.0
4/5/2026,Bogotá,Burrito Cantina - Turbo,CO900475794,Burrito Cantina Chico - Turbo,Chicó,,2400.0,2400.0
4/5/2026,Bogotá,Monteverde - Turbo,CO900450762,Monteverde Chico - Turbo,Chicó,,2400.0,2400.0
4/5/2026,Bogotá,Helados San Jerónimo - Turbo,CO900415622,San Jerónimo Chicó - Turbo,Chicó,,2400.0,2400.0
4/5/2026,Bogotá,Doritos Locos By Dorito - Turbo,CO900472113,Doritos Locos By Dorito Chico - Turbo,Chicó,,2400.0,2400.0
4/5/2026,Bogotá,Honest Food Fdl - Turbo,CO900472140,Honest Food Chico - Turbo,Chicó,,2400.0,2400.0
4/5/2026,Bogotá,Foodology Court - Turbo,CO900476023,Foodology Chico - Turbo,Chicó,,3000.0,3000.0
4/5/2026,Bogotá,Local Cocina Consciente - Turbo,CO900477105,Local - Cocina Consciente Chico - Turbo,Chicó,,2400.0,2400.0
4/5/2026,Bogotá,Green House Fd - Turbo,CO900438442,Green House Colina - Turbo,Colina,,1000,1000.0
4/5/2026,Bogotá,Brunch & Munch - Turbo,CO900420520,Brunch And Munch - Colina - Turbo,Colina,,1000,1000.0
4/5/2026,Bogotá,Doritos Locos By Dorito - Turbo,CO900472104,Doritos Locos By Dorito Colina - Turbo,Colina,,2400.0,2400.0
4/5/2026,Bogotá,Alba Vegetarian - Turbo,CO900443013,Alba Vegetarian - Colina - Turbo Carrera 53  264,Colina,,1200.0,1500.0
4/5/2026,Bogotá,la Cuadra Desayunos Caseros - Turbo,CO900467498,La Cuadra Desayunos Caseros Colina - Turbo,Colina,,2400.0,2400.0
4/5/2026,Bogotá,Mr Beast Burger - Turbo,CO900420302,Mr Beast Colina - Turbo,Colina,,1000,1000.0
4/5/2026,Bogotá,Local Cocina Consciente - Turbo,CO900477102,Local - Cocina Consciente Colina - Turbo,Colina,,2400.0,2400.0
4/5/2026,Bogotá,Ñamgucheria Sandwiches - Turbo,CO900439228,Ñamguchería Colina - Turbo,Colina,,1000,1000.0
4/5/2026,Bogotá,Sanduches el Jefe - Turbo,CO900420512,Sandwich el Jefe Colina - Turbo,Colina,,1000,1000.0
4/5/2026,Bogotá,La Brasa Roja - Turbo,CO900405530,La Brasa Roja Kennedy - Turbo,Kennedy,,1000,1000.0
4/5/2026,Bogotá,Cinnabon - Turbo,CO900476079,Cinnabon Kennedy - Turbo,Kennedy,,2400.0,2400.0
4/5/2026,Bogotá,House Of Salads - Turbo,CO900476071,House Of Salads Kennedy - Turbo,Kennedy,,2400.0,2400.0
4/5/2026,Bogotá,Local Cocina Consciente - Turbo,CO900477103,Local - Cocina Consciente Kennedy - Turbo,Kennedy,,2400.0,2400.0
4/5/2026,Bogotá,Cali Mio Express - Turbo,CO900384538,Cali Mio Express Turbo Kennedy,Kennedy,,1200.0,1500.0
4/5/2026,Bogotá,Cinnabon - Turbo,CO900475096,Cinnabon Andes - Turbo,Andes,,2400.0,2400.0
4/5/2026,Bogotá,Little Caesars Turbo,CO900488338,Little Caesars Pizza Turbo Suba,Otra,,2400.0,2400.0
4/5/2026,Bogotá,Avocalia Turbo,CO900401242,Avocalia - Castellana - Turbo,Parque 93 / Castellana,,1000,1000.0
4/5/2026,Bogotá,Cinnabon - Turbo,CO900476017,Cinnabon Calle 93 - Turbo,Parque 93 / Castellana,,2400.0,2400.0
4/5/2026,Bogotá,Brunch & Munch - Turbo,CO900409673,Brunch & Munch Castellana - Turbo,Parque 93 / Castellana,,1000,1000.0
4/5/2026,Bogotá,Desayuno Mi Tierrita - Turbo,CO900465161,Desayuno Mi Tierrita - 93 - Turbo,Parque 93 / Castellana,,2400.0,2400.0
4/5/2026,Bogotá,Mr Beast Burger - Turbo,CO900409677,Mr Beast Castellana - Turbo,Parque 93 / Castellana,,1000,1000.0
4/5/2026,Bogotá,Monteverde - Turbo,CO900449821,MonteVerde Calle 93 - Turbo,Parque 93 / Castellana,,1000,1000.0
4/5/2026,Bogotá,Sanduches el Jefe - Turbo,CO900419503,Sandwich El Jefe Castellana - Turbo,Parque 93 / Castellana,,1200.0,1500.0
4/5/2026,Bogotá,Cinnabon - Turbo,CO900402239,Cinnabon Castellana   - Turbo,Parque 93 / Castellana,,2700.0,2700.0
4/5/2026,Bogotá,Green House Fd - Turbo,CO900438449,Green House Parque 93 - Turbo,Parque 93 / Castellana,,1000,1000.0
4/5/2026,Bogotá,Ñamgucheria Sandwiches - Turbo,CO900439229,Ñamguchería Castellana - Turbo,Parque 93 / Castellana,,1000,1000.0
4/5/2026,Bogotá,Mañanero Diario - Turbo,CO900443501,Mañanero diario Castellana - Turbo,Parque 93 / Castellana,,1200.0,1500.0
4/5/2026,Bogotá,Ihop - Turbo,CO900420704,Ihop Chapinero- Turbo,Chapinero,,2400.0,2400.0
4/5/2026,Bogotá,Sanduches el Jefe - Turbo,CO900419502,Sandwich El Jefe Chapinero - Turbo,Chapinero,,1000,1000.0
4/5/2026,Bogotá,Merci - Turbo,CO900398591,Merci - Turbo,Otra,,2400.0,2400.0
4/5/2026,Bogotá,Local Cocina Consciente - Turbo,CO900477104,Local - Cocina Consciente Chapinero - Turbo,Chapinero,,2400.0,2400.0
4/5/2026,Bogotá,Ñamgucheria Sandwiches - Turbo,CO900439225,Ñamguchería Chapinero - Turbo,Chapinero,,1000,1000.0
4/5/2026,Bogotá,Burritos & Co - Turbo,CO900464310,Burritos & Co Plaza Claro - Turbo,Plaza Claro,,2400.0,2400.0
4/5/2026,Bogotá,Merci - Turbo,CO900418833,Merci - Turbo (copy),Otra,,2400.0,2400.0
4/5/2026,Bogotá,la Panquequeria - Turbo,CO900482242,La Panquequería Villa del Prado - Turbo,Villa del Prado,,2400.0,2400.0
4/5/2026,Bogotá,Burger Lane - Turbo,CO900442991,Burger Lane Villa del Prado - Turbo,Villa del Prado,,2400.0,2400.0
4/5/2026,Bogotá,la Cuadra Desayunos Caseros - Turbo,CO900478974,la Cuadra Desayunos Plaza Claro - Turbo,Plaza Claro,,2400.0,2400.0
4/5/2026,Bogotá,Mañanero Diario - Turbo,CO900478978,Mañanero Diario Plaza Claro - Turbo,Plaza Claro,,2400.0,2400.0
4/5/2026,Bogotá,House Of Salads - Turbo,CO900477632,House Of Salads Cl 109 - Turbo,Calle 109,,2400.0,2400.0
4/5/2026,Bogotá,Numa Cocina Mediterranea - Turbo,CO900463757,Cocina Mediterranea Chico - Turbo,Chicó,,2400.0,2400.0
4/5/2026,Bogotá,Cacerola - Turbo,CO900478088,Cacerola Plaza Claro - Turbo,Plaza Claro,,2400.0,2400.0
4/5/2026,Bogotá,Alba Vegetarian - Turbo,CO900443007,Alba Vegetarian - Engativa - Turbo,Engativá,,2400.0,2400.0
4/5/2026,Bogotá,la Panquequeria - Turbo,CO900482232,La Panquequería Colina - Turbo,Colina,,2400.0,2400.0
4/5/2026,Bogotá,Numa Cocina Mediterranea - Turbo,CO900463746,Numa Cocina Mediterranea Calle 93 - Turbo,Parque 93 / Castellana,,2400.0,2400.0
4/5/2026,Bogotá,Poke Turbo,CO900387427,Poke Salvio Turbo,Otra,,2400.0,2400.0
4/5/2026,Bogotá,Avocalia Turbo,CO900477834,Avocalia Plaza Claro - Turbo,Plaza Claro,,2400.0,2400.0
4/5/2026,Bogotá,la Cuadra Desayunos Caseros - Turbo,CO900470914,la Cuadra Desayunos Chico - Turbo,Chicó,,2400.0,2400.0
4/5/2026,Bogotá,Foodology Court - Turbo,CO900478306,Foodology Plaza Claro - Turbo,Plaza Claro,,2400.0,2400.0
4/5/2026,Bogotá,Ñamgucheria Sandwiches - Turbo,CO900439231,Ñamguchería Engativá - Turbo,Engativá,,2400.0,2400.0
4/5/2026,Bogotá,Get Smashed Burgers - Turbo,CO900473574,Get Smashed Burgers Andes - Turbo,Andes,,2400.0,2400.0
4/5/2026,Bogotá,Dembow - Turbo,CO900478092,Dembow Plaza Claro - Turbo,Plaza Claro,,2400.0,2400.0
4/5/2026,Bogotá,Green House Fd - Turbo,CO900481564,Green House Engativa - Turbo,Engativá,,2400.0,2400.0
4/5/2026,Bogotá,Get Smashed Burgers - Turbo,CO900473573,Get Smashed Burgers Kennedy - Turbo,Kennedy,,2400.0,2400.0
4/5/2026,Bogotá,Get Smashed Burgers - Turbo,CO900442552,Get Smashed Burgers Colina - Turbo,Colina,,2400.0,2400.0
4/5/2026,Bogotá,The Breakfast Club - Turbo,CO900477830,The Breakfast Club Plaza Claro - Turbo,Plaza Claro,,2400.0,2400.0
4/5/2026,Bogotá,la Panquequeria - Turbo,CO900482238,La Panquequería Chapinero - Turbo,Chapinero,,2400.0,2400.0
4/5/2026,Bogotá,Que Chicken By Robegrill - Turbo,CO900424251,Qué Chicken Usaquen - Turbo,Usaquén,,2400.0,2400.0
4/5/2026,Bogotá,Monteverde - Turbo,CO900478981,Monteverde Plaza Claro - Turbo,Plaza Claro,,2400.0,2400.0
4/5/2026,Bogotá,Numa Cocina Mediterranea - Turbo,CO900463747,Numa Cocina Mediterranea Chapinero - Turbo,Chapinero,,2400.0,2400.0
4/5/2026,Bogotá,The Crunch Pizza - Turbo,CO900416181,The Crunch Usaquen - Turbo,Usaquén,,2400.0,2400.0
4/5/2026,Bogotá,Get Smashed Burgers - Turbo,CO900416431,Get Smash Castellana - Turbo,Parque 93 / Castellana,,2400.0,2400.0
4/5/2026,Bogotá,Dembow - Turbo,CO900473648,Dembow - Engativa - Turbo,Engativá,,2400.0,2400.0
4/5/2026,Bogotá,la Panquequeria - Turbo,CO900482243,La Panquequería Kennedy - Turbo,Kennedy,,2400.0,2400.0
4/5/2026,Bogotá,la Panquequeria - Turbo,CO900482244,La Panquequería Usaquen - Turbo,Usaquén,,2400.0,2400.0
4/5/2026,Bogotá,Desayunos de la Abuela - Turbo,CO900478093,Desayunos de la Abuela Plaza Claro - Turbo,Plaza Claro,,2400.0,2400.0
4/5/2026,Bogotá,Cinnabon - Turbo,CO900428404,Cinnabon Prueba Chapinero - Turbo,Chapinero,,2400.0,2400.0
4/5/2026,Bogotá,Brunch & Munch - Turbo,CO900472746,Brunch & Munch - Engativa - Turbo,Engativá,,2400.0,2400.0
4/5/2026,Bogotá,The Crunch Pizza - Turbo,CO900416179,The Crunch - Villa del Prado - Turbo,Villa del Prado,,2400.0,2400.0
4/5/2026,Bogotá,Acpm Corrientazo - Turbo,CO900467503,Acpm Corrientazo Engativá - Turbo,Engativá,,2400.0,2400.0
4/5/2026,Bogotá,Get Smashed Burgers - Turbo,CO900442551,Get Smashed Burgers Engativa - Turbo,Engativá,,2400.0,2400.0
4/5/2026,Bogotá,Mr Beast Burger - Turbo,CO900476816,Mr Beast Engativá - Turbo,Engativá,,2400.0,2400.0
4/5/2026,Bogotá,The Breakfast Club - Turbo,CO900475285,The Breakfast Club Engativa - Turbo,Engativá,,2400.0,2400.0
4/5/2026,Bogotá,Bottaniko - Turbo,CO900443513,Bottaniko Engativa - Turbo,Engativá,,2400.0,2400.0
4/5/2026,Bogotá,Green House Fd - Turbo,CO900481560,Green House Andes - Turbo,Andes,,2400.0,2400.0
4/5/2026,Bogotá,Numa Cocina Mediterranea - Turbo,CO900463760,Cocina Mediterranea Usaquen - Turbo,Usaquén,,2400.0,2400.0
4/5/2026,Bogotá,Acpm Corrientazo - Turbo,CO900477809,Acpm Corrientazo Plaza Claro - Turbo,Plaza Claro,,2400.0,2400.0
4/5/2026,Bogotá,Señor Burrito. - Turbo,CO900467420,Señor Burrito Engativa - Turbo,Engativá,,2400.0,2400.0
4/5/2026,Bogotá,Vicio - Turbo,CO900473607,Vicio Engativá - Turbo,Engativá,,2400.0,2400.0
4/5/2026,Bogotá,Burger Lane - Turbo,CO900442997,Burger Lane Calle 93 - Turbo,Parque 93 / Castellana,,2400.0,2400.0
4/5/2026,Bogotá,Foodology Court - Turbo,CO900465143,Foodology Engativa - Turbo Cra. 98b #71b-39,Engativá,,2400.0,2400.0
4/5/2026,Bogotá,la Panquequeria - Turbo,CO900482239,La Panquequería Engativa - Turbo,Engativá,,2400.0,2400.0
4/5/2026,Bogotá,Get Smashed Burgers - Turbo,CO900416434,Get Smash Chapinero - Turbo,Chapinero,,2400.0,2400.0
4/5/2026,Bogotá,Señor Burrito. - Turbo,CO900464395,Señor Burrito Plaza Claro - Turbo,Plaza Claro,,2400.0,2400.0
4/5/2026,Bogotá,Frost By Oreo - Turbo,CO900478308,Frost By Oreo Plaza Claro - Turbo,Plaza Claro,,2400.0,2400.0
4/5/2026,Bogotá,Numa Cocina Mediterranea - Turbo,CO900463763,Cocina Mediterranea Engativa - Turbo,Engativá,,2400.0,2400.0
4/5/2026,Bogotá,Cinnabon - Turbo,CO900475097,Cinnabon Engativa - Turbo,Engativá,,2400.0,2400.0
4/5/2026,Bogotá,Desayuno Mi Tierrita - Turbo,CO900478270,Desayuno Mi Tierrita Plaza Claro - Turbo,Plaza Claro,,2400.0,2400.0
4/5/2026,Bogotá,Pret Sandwich Bistro - Turbo,CO900479198,Pret Sandwich Bistro Plaza Claro - Turbo,Plaza Claro,,2400.0,2400.0
4/5/2026,Bogotá,Local Cocina Consciente - Turbo,CO900481554,Local - Cocina Consciente Villa Del Prado - Turbo,Villa del Prado,,2400.0,2400.0
4/5/2026,Bogotá,Honest Food Fdl - Turbo,CO900472135,Honest Food Engativa - Turbo,Engativá,,2400.0,2400.0
4/5/2026,Bogotá,Pret Sandwich Bistro - Turbo,CO900442052,Pret Sandwich Bistro Engativa - Turbo,Engativá,,2400.0,2400.0
4/5/2026,Bogotá,Vicio - Turbo,CO900479208,Vicio Plaza Claro - Turbo,Plaza Claro,,2400.0,2400.0
4/5/2026,Bogotá,Desayunos de la Abuela - Turbo,CO900446314,Desayunos de la Abuela Engativa - Turbo,Engativá,,2400.0,2400.0
4/5/2026,Bogotá,Burger Lane - Turbo,CO900442999,Burger Lane Usaquen - Turbo,Usaquén,,2400.0,2400.0
4/5/2026,Bogotá,Mr Beast Burger - Turbo,CO900478983,Mr Beast Plaza Claro - Turbo,Plaza Claro,,2400.0,2400.0
4/5/2026,Bogotá,La Cuadra - Turbo,CO900473138,la Cuadra - Engativa - Turbo,Engativá,,2400.0,2400.0
4/5/2026,Bogotá,Almuerzos D´la Casa - Turbo,CO900471205,Almuerzos D´la Casa - Engativa - Turbo,Engativá,,2400.0,2400.0
4/5/2026,Bogotá,The Crunch Pizza - Turbo,CO900416182,The Crunch Chapinero - Turbo,Chapinero,,2400.0,2400.0
4/5/2026,Bogotá,Mañanero Diario - Turbo,CO900443499,Mañanero diario Engativá - Turbo,Engativá,,2400.0,2400.0
4/5/2026,Bogotá,Monteverde - Turbo,CO900450777,Monteverde Engativa - Turbo,Engativá,,2400.0,2400.0
4/5/2026,Bogotá,Doritos Locos By Dorito - Turbo,CO900472103,Doritos Locos By Dorito Calle 93 - Turbo,Parque 93 / Castellana,,2400.0,2400.0
4/5/2026,Bogotá,la Cuadra Desayunos Caseros - Turbo,CO900467496,La Cuadra Desayunos Caseros Engativa - Turbo,Engativá,,2400.0,2400.0
4/5/2026,Bogotá,Alba Vegetarian - Turbo,CO900477811,Alba Vegetarian Plaza Claro - Turbo,Plaza Claro,,2400.0,2400.0
4/5/2026,Bogotá,Burger Lane - Turbo,CO900442990,Burger Lane Chapinero - Turbo,Chapinero,,2400.0,2400.0
4/5/2026,Bogotá,Vicio - Turbo,CO900467514,Vicio Cl 109 - Turbo,Calle 109,,2400.0,2400.0
4/5/2026,Bogotá,Bottaniko - Turbo,CO900477812,Bottaniko Plaza Claro - Turbo,Plaza Claro,,2400.0,2400.0
4/5/2026,Bogotá,Avocalia Turbo,CO900472744,Avocalia Calle Engativa - Turbo,Engativá,,2400.0,2400.0
4/5/2026,Bogotá,Get Smashed Burgers - Turbo,CO900476584,Get Smashed Burgers Cl 109 - Turbo,Calle 109,,2400.0,2400.0
4/5/2026,Bogotá,Ihop - Turbo,CO900426538,IHOP® Andes - Turbo,Andes,,2400.0,2400.0
4/5/2026,Bogotá,Brunch & Munch - Turbo,CO900477832,Brunch & Munch Plaza Claro - Turbo,Plaza Claro,,2400.0,2400.0
4/5/2026,Bogotá,Señor Burrito. - Turbo,CO900477635,Señor Burrito Chico - Turbo,Chicó,,2400.0,2400.0
4/5/2026,Bogotá,Burrito Cantina - Turbo,CO900467516,Burrito Cantina Plaza Claro - Turbo,Plaza Claro,,2400.0,2400.0
4/5/2026,Bogotá,Poke Turbo,CO900418830,Poke Rosales Turbo  (copy),Otra,,2400.0,2400.0
4/5/2026,Bogotá,Numa Cocina Mediterranea - Turbo,CO900463764,Numa - Cocina Mediterranea Colina - Turbo,Colina,,2400.0,2400.0
4/5/2026,Bogotá,Numa Cocina Mediterranea - Turbo,CO900463762,Cocina Mediterranea Villa Del Prado - Turbo,Villa del Prado,,2400.0,2400.0
4/5/2026,Bogotá,Selvatiko. - Turbo,CO900472670,Selvatiko. Engativa - Turbo,Engativá,,2400.0,2400.0
4/5/2026,Bogotá,The Crunch Pizza - Turbo,CO900416180,The Crunch Castellana - Turbo,Parque 93 / Castellana,,2400.0,2400.0
4/5/2026,Bogotá,Burger Lane - Turbo,CO900443001,Burger Lane - Salitre - Turbo,Otra,,2400.0,2400.0
4/5/2026,Bogotá,Panquequeria - Turbo,CO900471323,Panquequeria Chico - Turbo,Chicó,,2400.0,2400.0
4/5/2026,Bogotá,Burger Lane - Turbo,CO900443000,Burger Lane Engativa - Turbo,Engativá,,2400.0,2400.0
4/5/2026,Bogotá,Numa Cocina Mediterranea - Turbo,CO900478984,Numa Cocina Mediterranea Plaza Claro - Turbo,Plaza Claro,,2400.0,2400.0
4/5/2026,Bogotá,Get Smashed Burgers - Turbo,CO900476585,Get Smashed Burgers Chico - Turbo,Chicó,,2400.0,2400.0
4/5/2026,Bogotá,Burger Lane - Turbo,CO900442992,Burger Lane Colina - Turbo,Colina,,2400.0,2400.0
4/5/2026,Bogotá,Little Caesars Turbo,CO900377947,Little Caesars Pizza - Av. el Dorado Turbo,Otra,,2400.0,2400.0
4/5/2026,Bogotá,Almuerzos D´la Casa - Turbo,CO900477781,Almuerzos D´la Casa Chico - Turbo,Chicó,,2400.0,2400.0
4/5/2026,Bogotá,House Of Salads - Turbo,CO900478778,House Of Salads Plaza Claro - Turbo,Plaza Claro,,2400.0,2400.0
4/5/2026,Bogotá,Burger Lane - Turbo,CO900442995,Burger Lane Veraguas 2 - Turbo,Otra,,2400.0,2400.0
4/5/2026,Bogotá,Get Smashed Burgers - Turbo,CO900416432,Get Smash Usaquen - Turbo,Usaquén,,2400.0,2400.0
4/5/2026,Bogotá,Sanduches el Jefe - Turbo,CO900479125,Sandwich el Jefe Plaza Claro - Turbo,Plaza Claro,,2400.0,2400.0
4/5/2026,Bogotá,Panquequeria - Turbo,CO900463851,Panquequeria Cl 109 - Turbo,Calle 109,,2400.0,2400.0
4/5/2026,Bogotá,House Of Salads - Turbo,CO900445669,House Of Salad Engativa - Turbo,Engativá,,2400.0,2400.0
4/5/2026,Bogotá,Get Smashed Burgers - Turbo,CO900416433,Get Smash Villa del Prado - Turbo,Villa del Prado,,2400.0,2400.0
4/5/2026,Bogotá,Frost By Oreo - Turbo,CO900475352,Frost By Oreo Engativá - Turbo,Engativá,,2400.0,2400.0
4/5/2026,Bogotá,la Cuadra Desayunos Caseros - Turbo,CO900464912,La Cuadra Desayunos Caseros Chapinero - Turbo,Chapinero,,2400.0,2400.0
4/5/2026,Bogotá,Desayuno Mi Tierrita - Turbo,CO900465159,Desayuno Mi Tierrita Engativa - Turbo,Engativá,,2400.0,2400.0
4/5/2026,Bogotá,la Panquequeria - Turbo,CO900482237,La Panquequería Chicó - Turbo,Chicó,,2400.0,2400.0
4/5/2026,Bogotá,Green House Fd - Turbo,CO900478311,Green House Plaza Claro - Turbo,Plaza Claro,,2400.0,2400.0
4/5/2026,Bogotá,Burritos & Co - Turbo,CO900473555,Burritos & Co - Engativa - Turbo,Engativá,,2400.0,2400.0
4/5/2026,Bogotá,Honest Food Fdl - Turbo,CO900478461,Honest Food Plaza Claro - Turbo,Plaza Claro,,2400.0,2400.0
4/5/2026,Bogotá,Burger Lane - Turbo,CO900442989,Burger Lane Andes - Turbo,Andes,,2400.0,2400.0
4/5/2026,Bogotá,Burrito Cantina - Turbo,CO900467380,Burrito Cantina Engativá - Turbo,Engativá,,2400.0,2400.0
4/5/2026,Bogotá,Selvatiko. - Turbo,CO900479202,Selvatiko Plaza Claro - Turbo,Plaza Claro,,2400.0,2400.0
4/5/2026,Bogotá,House Of Salads - Turbo,CO900488856,House Of Salads Arrecife - Turbo,Arrecife,,3000.0,3000.0
4/5/2026,Bogotá,Panquequeria - Turbo,CO900479096,Panquequeria Plaza Claro - Turbo,Plaza Claro,,2400.0,2400.0
4/5/2026,Bogotá,Cacerola - Turbo,CO900472658,Cacerola - Engativa - Turbo,Engativá,,2400.0,2400.0
4/5/2026,Bogotá,La Cuadra - Turbo,CO900488957,la Cuadra Arrecife - Turbo,Arrecife,,3000.0,3000.0
4/5/2026,Bogotá,La Cuadra - Turbo,CO900464606,la Cuadra Plaza Claro - Turbo,Plaza Claro,,2400.0,2400.0
4/5/2026,Bogotá,Local Cocina Consciente - Turbo,CO900477108,Local - Cocina Consciente Engativa - Turbo,Engativá,,2400.0,2400.0
4/5/2026,Bogotá,Local Cocina Consciente - Turbo,CO900481555,Local - Cocina Consciente Andes - Turbo,Andes,,2400.0,2400.0
4/5/2026,Bogotá,Vicio - Turbo,CO900489022,Vicio Arrecife - Turbo,Arrecife,,3000.0,3000.0
4/5/2026,Bogotá,Honest Food Fdl - Turbo,CO900488848,Honest Food Arrecife - Turbo,Arrecife,,3000.0,3000.0
4/5/2026,Bogotá,Burritos & Co - Turbo,CO900488278,Burritos & Co Arrecife - Turbo,Arrecife,,3000.0,3000.0
4/5/2026,Bogotá,Ihop - Turbo,CO900431789,IHOP® Chicó - Turbo,Chicó,,2400.0,2400.0
4/5/2026,Bogotá,la Panquequeria - Turbo,CO900482241,La Panquequería Calle 93 - Turbo,Parque 93 / Castellana,,2400.0,2400.0
4/5/2026,Bogotá,Cinnabon Foodology,CO900375567,Cinnabon Usaquén,Usaquén,,3000.0,3000.0
4/5/2026,Bucaramanga,Ñamgucheria Sandwiches - Turbo,CO900440620,Ñamguchería Bucaramanga. - Turbo,Cabecera (Bga),,1000,1000.0
4/5/2026,Bucaramanga,Vicio - Turbo,CO900426528,Vicio Bucaramanga - Turbo,Cabecera (Bga),,2400.0,2400.0
4/5/2026,Bucaramanga,Ihop - Turbo,CO900426537,IHOP® Bucaramanga - Turbo,Cabecera (Bga),,2400.0,2400.0
4/5/2026,Bucaramanga,Local Cocina Consciente - Turbo,CO900477109,Local - Cocina Consciente Cabecera - Turbo,Cabecera (Bga),,2400.0,2400.0
4/5/2026,Bucaramanga,Doritos Locos By Dorito - Turbo,CO900472106,Doritos Locos By Dorito Cabecera - Turbo,Cabecera (Bga),,2400.0,2400.0
4/5/2026,Bucaramanga,Helados San Jerónimo - Turbo,CO900428418,Heladería San Jerónimo Bucaramanga - Turbo,Cabecera (Bga),,2400.0,2400.0
4/5/2026,Bucaramanga,Ihop - Turbo,CO900428427,IHOP Bucaramanga - Turbo,Cabecera (Bga),,2400.0,2400.0
4/5/2026,Bucaramanga,Sanduches el Jefe - Turbo,CO900428426,Sandwich El Jefe Bucaramanga - Turbo,Cabecera (Bga),,2400.0,2400.0
4/5/2026,Bucaramanga,Brunch & Munch - Turbo,CO900428485,Brunch And Munch - Bucaramanga - Turbo,Cabecera (Bga),,2400.0,2400.0
4/5/2026,Bucaramanga,Avocalia Turbo,CO900428430,Avocalia - Bucaramanga - Turbo,Cabecera (Bga),,2400.0,2400.0
4/5/2026,Bucaramanga,La Cuadra - Turbo,CO900428403,La Cuadra  Bucaramanga - Turbo,Cabecera (Bga),,2400.0,2400.0
4/5/2026,Bucaramanga,la Panquequeria - Turbo,CO900482245,La Panquequería Cabecera - Turbo,Cabecera (Bga),,2400.0,2400.0
4/5/2026,Bucaramanga,Numa Cocina Mediterranea - Turbo,CO900463748,Cocina Mediterranea Cabecera - Turbo,Cabecera (Bga),,2400.0,2400.0
4/5/2026,Bucaramanga,Get Smashed Burgers - Turbo,CO900442550,Get Smashed Burgers Cabecera Bga - Turbo,Cabecera (Bga),,2400.0,2400.0
4/5/2026,Cali,Doritos Locos By Dorito - Turbo,CO900472109,Doritos Locos By Dorito San Fernando - Turbo,San Fernando,,2400.0,2400.0
4/5/2026,Cali,Ñamgucheria Sandwiches - Turbo,CO900439227,Ñamguchería San Fernando - Turbo,San Fernando,,1000,1000.0
4/5/2026,Cali,Ihop - Turbo,CO900420700,Ihop San Fernando - Turbo,San Fernando,,3000.0,3000.0
4/5/2026,Cali,Green House Fd - Turbo,CO900438450,Green House Santa Monica - Turbo,Santa Mónica,,1000,1000.0
4/5/2026,Cali,Mañanero Diario - Turbo,CO900443498,Mañanero Diario Santa Mónica (Cali Norte) - Turbo,Santa Mónica,,2400.0,2400.0
4/5/2026,Cali,Mr Beast Burger - Turbo,CO900407413,Mr Beast Santa Mónica (Cali Norte) - Turbo,Santa Mónica,,1200.0,1500.0
4/5/2026,Cali,Doritos Locos By Dorito - Turbo,CO900472100,Doritos Locos By Dorito Santa Monica - Turbo,Santa Mónica,,2400.0,2400.0
4/5/2026,Cali,Local Cocina Consciente - Turbo,CO900477100,Local - Cocina Consciente Santa Monica - Turbo,Santa Mónica,,2400.0,2400.0
4/5/2026,Cali,Avocalia Turbo,CO900472745,Avocalia - Ingenio - Turbo,Ingenio,,2400.0,2400.0
4/5/2026,Cali,The Crunch Pizza - Turbo,CO900416186,The Crunch San Fernando Cali - Turbo,San Fernando,,2400.0,2400.0
4/5/2026,Cali,Burrito Cantina - Turbo,CO900473552,Burrito Cantina Ingenio - Turbo,Ingenio,,2400.0,2400.0
4/5/2026,Cali,Desayunos de la Abuela - Turbo,CO900472679,Desayunos de la Abuela Ingenio - Turbo,Ingenio,,2400.0,2400.0
4/5/2026,Cali,Señor Burrito. - Turbo,CO900465170,Señor Burrito Tienda Padre - Turbo,Otra,,2400.0,2400.0
4/5/2026,Cali,la Panquequeria - Turbo,CO900482246,La Panquequería Ingenio Calle 83C - Turbo,Ingenio,,2400.0,2400.0
4/5/2026,Cali,Dembow - Turbo,CO900473657,Dembow - Ingenio - Turbo,Ingenio,,2400.0,2400.0
4/5/2026,Cali,Numa Cocina Mediterranea - Turbo,CO900463759,Cocina Mediterranea Santa Monica - Turbo,Santa Mónica,,3000.0,3000.0
4/5/2026,Cali,Selvatiko. - Turbo,CO900472668,Selvatiko. Ingenio - Turbo,Ingenio,,2400.0,2400.0
4/5/2026,Cali,Green House Fd - Turbo,CO900481561,Green House Ingenio - Turbo,Ingenio,,2400.0,2400.0
4/5/2026,Cali,La Brasa Roja - Turbo,CO900427517,La Brasa Roja  Joaqeuin borrero - Turbo,Otra,,2400.0,2400.0
4/5/2026,Cali,Almuerzos D´la Casa - Turbo,CO900475128,Almuerzos D` la Casa - Ingenio - Turbo,Ingenio,,2400.0,2400.0
4/5/2026,Cali,Get Smashed Burgers - Turbo,CO900416430,Get Smash Santa Monica - Turbo,Santa Mónica,,2400.0,2400.0
4/5/2026,Cali,Frost By Oreo - Turbo,CO900475353,Frost By Oreo Ingenio - Turbo,Ingenio,,2400.0,2400.0
4/5/2026,Cali,The Breakfast Club - Turbo,CO900475209,The Breakfast Club Ingenio - Turbo,Ingenio,,2400.0,2400.0
4/5/2026,Cali,Get Smashed Burgers - Turbo,CO900473576,Get Smashed Burgers Ingenio - Turbo,Ingenio,,2400.0,2400.0
4/5/2026,Cali,la Panquequeria - Turbo,CO900482247,La Panquequería Santa Monica - Turbo,Santa Mónica,,2400.0,2400.0
4/5/2026,Cali,Honest Food Fdl - Turbo,CO900475461,Honest Food Ingenio - Turbo,Ingenio,,2400.0,2400.0
4/5/2026,Cali,Monteverde - Turbo,CO900476067,Monteverde Ingenio - Turbo,Ingenio,,2400.0,2400.0
4/5/2026,Cali,Mr Beast Burger - Turbo,CO900476815,Mr Beast Ingenio - Turbo,Ingenio,,2400.0,2400.0
4/5/2026,Cali,Get Smashed Burgers - Turbo,CO900416435,Get Smash San Fernando - Turbo,San Fernando,,2400.0,2400.0
4/5/2026,Cali,Numa Cocina Mediterranea - Turbo,CO900476060,Cocina Mediterranea Ingenio - Turbo,Ingenio,,2400.0,2400.0
4/5/2026,Cali,Doritos Locos By Dorito - Turbo,CO900473562,Doritos Locos By Dorito Ingenio - Turbo,Ingenio,,2400.0,2400.0
4/5/2026,Cali,Pret Sandwich Bistro - Turbo,CO900472664,Pret Sandwich Bistro Ingenio - Turbo,Ingenio,,2400.0,2400.0
4/5/2026,Cali,The Crunch Pizza - Turbo,CO900416185,The Crunch Santa Monica - Turbo,Santa Mónica,,2400.0,2400.0
4/5/2026,Cali,Señor Burrito. - Turbo,CO900473587,Señor Burrito - Ingenio - Turbo,Ingenio,,2400.0,2400.0
4/5/2026,Cali,Burger Lane - Turbo,CO900442998,Burger Lane Cali Norte - Turbo Calle 34 Norte 2Bn 33 358,Otra,,2400.0,2400.0
4/5/2026,Cali,Bottaniko - Turbo,CO900472880,Bottaniko - Ingenio - Turbo,Ingenio,,2400.0,2400.0
4/5/2026,Cali,Ñamgucheria Sandwiches - Turbo,CO900473581,Ñamguchería Ingenio Calle 83c - Turbo,Ingenio,,2400.0,2400.0
4/5/2026,Cali,La Cuadra - Turbo,CO900473137,la Cuadra - Ingenio - Turbo,Ingenio,,2400.0,2400.0
4/5/2026,Cali,House Of Salads - Turbo,CO900476069,House Of Salads Ingenio - Turbo,Ingenio,,2400.0,2400.0
4/5/2026,Cali,Burritos & Co - Turbo,CO900473554,Burritos & Co - Ingenio - Turbo,Ingenio,,2400.0,2400.0
4/5/2026,Cali,Foodology Court - Turbo,CO900473569,Foodology Ingenio - Turbo,Ingenio,,2400.0,2400.0
4/5/2026,Cali,la Panquequeria - Turbo,CO900482235,La Panquequería San Fernando - Turbo,San Fernando,,2400.0,2400.0
4/5/2026,Cali,Vicio - Turbo,CO900473606,Vicio Ingenio - Turbo,Ingenio,,2400.0,2400.0
4/5/2026,Cali,la Cuadra Desayunos Caseros - Turbo,CO900473694,la Cuadra Desayunos Caceros - Ingenio - Turbo,Ingenio,,2400.0,2400.0
4/5/2026,Cali,Acpm Corrientazo - Turbo,CO900473537,Acpm Corrientazo Ingenio - Turbo,Ingenio,,2400.0,2400.0
4/5/2026,Cali,La Brasa Roja - Turbo,CO900418613,La Brasa Roja Cc el Lago - Turbo,Otra,,2400.0,2400.0
4/5/2026,Cali,Little Caesars Turbo,CO900377940,Little Caesar's Caney,Otra,,2400.0,2400.0
4/5/2026,Cali,Numa Cocina Mediterranea - Turbo,CO900463758,Cocina Mediterranea San Fernando - Turbo,San Fernando,,2400.0,2400.0
4/5/2026,Cali,Local Cocina Consciente - Turbo,CO900481556,Local - Cocina Consciente Ingenio - Turbo,Ingenio,,2400.0,2400.0
4/5/2026,Cali,Cacerola - Turbo,CO900472659,Cacerola - Ingenio - Turbo,Ingenio,,2400.0,2400.0
4/5/2026,Cali,Mañanero Diario - Turbo,CO900475198,Mañanero Ingenio - Turbo,Ingenio,,2400.0,2400.0
4/5/2026,Cali,Brunch & Munch - Turbo,CO900472747,Brunch & Munch - Ingenio - Turbo,Ingenio,,2400.0,2400.0
4/5/2026,Cali,Alba Vegetarian - Turbo,CO900472649,Alba Vegetarian - Ingenio - Turbo,Ingenio,,2400.0,2400.0
4/5/2026,Cali,Cinnabon - Turbo,CO900475098,Cinnabon Ingenio - Turbo,Ingenio,,2400.0,2400.0
4/5/2026,Cali,Burger Lane - Turbo,CO900442993,Burger Lane San Fernando - Turbo,San Fernando,,2400.0,2400.0
4/5/2026,Cali,Desayuno Mi Tierrita - Turbo,CO900473558,Desayunos Mi Tierrita - Ingenio - Turbo,Ingenio,,2400.0,2400.0
4/5/2026,Cartagena,Cacerola - Turbo,CO900481042,Cacerola - Cartagena - Turbo,Cartagena,,2400.0,2400.0
4/5/2026,Cartagena,Desayuno Mi Tierrita - Turbo,CO900481379,Desayuno Mi Tierrita Cartagena - Turbo,Cartagena,,2400.0,2400.0
4/5/2026,Cartagena,Mañanero Diario - Turbo,CO900481971,Mañanero Cartagena - Turbo,Cartagena,,2400.0,2400.0
4/5/2026,Cartagena,Dembow - Turbo,CO900481376,Dembow - Cartagena - Turbo,Cartagena,,3000.0,3000.0
4/5/2026,Cartagena,Get Smashed Burgers - Turbo,CO900481818,Get Smashed Burgers Cartagena - Turbo,Cartagena,,3000.0,3000.0
4/5/2026,Cartagena,Local Cocina Consciente - Turbo,CO900481977,Local - Cocina Consciente Cartagena - Turbo,Cartagena,,3000.0,3000.0
4/5/2026,Cartagena,Sanduches el Jefe - Turbo,CO900483661,Sandwich el Jefe Cartagena - Turbo,Cartagena,,2400.0,2400.0
4/5/2026,Chía,Little Caesars Turbo,CO900377945,Little Caesars Chia - Turbo,Otra,,1000,1000.0
4/5/2026,Medellín,Doritos Locos By Dorito - Turbo,CO900472108,Doritos Locos By Dorito Manila - Turbo,Manila,,2400.0,2400.0
4/5/2026,Medellín,Ihop - Turbo,CO900420701,Ihop Manila - Turbo,Manila,,2400.0,2400.0
4/5/2026,Medellín,Mr Beast Burger - Turbo,CO900405268,Mr Beast Manila - Turbo,Manila,,1000,1000.0
4/5/2026,Medellín,Cali Vea - Turbo,CO900415619,Cali Vea Laureles - Turbo,Laureles,,2400.0,2400.0
4/5/2026,Medellín,Ihop - Turbo,CO900420699,Ihop Laureles - Turbo,Laureles,,2400.0,2400.0
4/5/2026,Medellín,Local Cocina Consciente - Turbo,CO900477099,Local - Cocina Consciente Laureles - Turbo,Laureles,,2400.0,2400.0
4/5/2026,Medellín,Doritos Locos By Dorito - Turbo,CO900472101,Doritos Locos By Dorito Laureles - Turbo,Laureles,,2400.0,2400.0
4/5/2026,Medellín,La Brasa Roja - Turbo,CO900405533,La Brasa Roja Laureles - Turbo,Laureles,,2400.0,2400.0
4/5/2026,Medellín,Cali Mio Express - Turbo,CO900384537,Cali Mio Express Turbo Laureles,Laureles,,2400.0,2400.0
4/5/2026,Medellín,Pret Sandwich Bistro - Turbo,CO900472665,Pret Sandwich Bistro Envigado - Turbo,Envigado,,2400.0,2400.0
4/5/2026,Medellín,The Crunch Pizza - Turbo,CO900416184,The Crunch Laureles - Turbo,Laureles,,2400.0,2400.0
4/5/2026,Medellín,Acpm Corrientazo - Turbo,CO900473538,Acpm Corrientazo Envigado - Turbo,Envigado,,2400.0,2400.0
4/5/2026,Medellín,Green House Fd - Turbo,CO900481563,Green House Manila - Turbo,Manila,,2400.0,2400.0
4/5/2026,Medellín,The Breakfast Club - Turbo,CO900475282,The Breakfast Club Envigado - Turbo,Envigado,,2400.0,2400.0
4/5/2026,Medellín,la Cuadra Desayunos Caseros - Turbo,CO900473693,la Cuadra Desayunos Caseros Envigado - Turbo,Envigado,,2400.0,2400.0
4/5/2026,Medellín,Get Smashed Burgers - Turbo,CO900416436,Get Smash Laureles - Turbo,Laureles,,2400.0,2400.0
4/5/2026,Medellín,Foodology Court - Turbo,CO900473568,Foodology Envigado - Turbo,Envigado,,2400.0,2400.0
4/5/2026,Medellín,Desayunos de la Abuela - Turbo,CO900472678,Desayunos de la Abuela Envigado - Turbo,Envigado,,2400.0,2400.0
4/5/2026,Medellín,Honest Food Fdl - Turbo,CO900475460,Honest Food Envigado - Turbo,Envigado,,2400.0,2400.0
4/5/2026,Medellín,Cacerola - Turbo,CO900472657,Cacerola - Envigado - Turbo,Envigado,,2400.0,2400.0
4/5/2026,Medellín,la Panquequeria - Turbo,CO900482233,La Panquequería Manila - Turbo,Manila,,2400.0,2400.0
4/5/2026,Medellín,la Panquequeria - Turbo,CO900482240,La Panquequería Laureles - Turbo,Laureles,,2400.0,2400.0
4/5/2026,Medellín,Numa Cocina Mediterranea - Turbo,CO900463756,Cocina Mediterranea Manila - Turbo,Manila,,2400.0,2400.0
4/5/2026,Medellín,Vicio - Turbo,CO900428425,Vicio Envigado - Turbo,Envigado,,2400.0,2400.0
4/5/2026,Medellín,House Of Salads - Turbo,CO900476072,House Of Salads Envigado - Turbo,Envigado,,2400.0,2400.0
4/5/2026,Medellín,Green House Fd - Turbo,CO900481562,Green House Envigado - Turbo,Envigado,,2400.0,2400.0
4/5/2026,Medellín,Bottaniko - Turbo,CO900472879,Bottaniko - Envigado - Turbo,Envigado,,2400.0,2400.0
4/5/2026,Medellín,Mr Beast Burger - Turbo,CO900428939,Mr Beast Envigado - Turbo,Envigado,,2400.0,2400.0
4/5/2026,Medellín,Numa Cocina Mediterranea - Turbo,CO900463749,Cocina Mediterranea Laureles - Turbo,Laureles,,2400.0,2400.0
4/5/2026,Medellín,la Panquequeria - Turbo,CO900482234,La Panquequería Envigado - Turbo,Envigado,,2400.0,2400.0
4/5/2026,Medellín,Señor Burrito. - Turbo,CO900473588,Señor Burrito Envigado - Turbo,Envigado,,2400.0,2400.0
4/5/2026,Medellín,Local Cocina Consciente - Turbo,CO900477098,Local - Cocina Consciente Envigado - Turbo,Envigado,,2400.0,2400.0
4/5/2026,Medellín,Alba Vegetarian - Turbo,CO900472648,Alba Vegetarian - Envigado Carrera 42 #40C 301 - Turbo,Envigado,,2400.0,2400.0
4/5/2026,Medellín,Get Smashed Burgers - Turbo,CO900473575,Get Smashed Burgers Envigado - Turbo,Envigado,,2400.0,2400.0
4/5/2026,Medellín,Mañanero Diario - Turbo,CO900475201,Mañanero Envigado - Turbo,Envigado,,2400.0,2400.0
4/5/2026,Medellín,Dembow - Turbo,CO900473652,Dembow - Envigado - Turbo Carrera 42 #40c Sur-29,Envigado,,2400.0,2400.0
4/5/2026,Medellín,Ñamgucheria Sandwiches - Turbo,CO900473583,Ñamguchería Envigado - Turbo,Envigado,,2400.0,2400.0
4/5/2026,Medellín,Almuerzos D´la Casa - Turbo,CO900483393,Almuerzos D´la Casa - Envigado - Turbo,Envigado,,2400.0,2400.0
4/5/2026,Medellín,Get Smashed Burgers - Turbo,CO900416437,Get Smash Manila - Turbo,Manila,,2400.0,2400.0
4/5/2026,Medellín,Que Chicken By Robegrill - Turbo,CO900424250,Qué Chicken Manila - Turbo,Manila,,2400.0,2400.0
4/5/2026,Medellín,Monteverde - Turbo,CO900476068,Monteverde Envigado - Turbo,Envigado,,2400.0,2400.0
4/5/2026,Medellín,The Crunch Pizza - Turbo,CO900416183,The Crunch Manila - Turbo,Manila,,2400.0,2400.0
4/5/2026,Medellín,Selvatiko. - Turbo,CO900472669,Selvatiko. Envigado - Turbo,Envigado,,2400.0,2400.0
4/5/2026,Medellín,Numa Cocina Mediterranea - Turbo,CO900476059,Cocina Mediterranea Envigado - Turbo,Envigado,,2400.0,2400.0
4/5/2026,Medellín,Cinnabon - Turbo,CO900475802,Cinnabon Envigado - Turbo,Envigado,,2400.0,2400.0
4/5/2026,Medellín,Desayuno Mi Tierrita - Turbo,CO900473557,Desayuno Mi Tierrita Envigado - Turbo,Envigado,,2400.0,2400.0
4/5/2026,Medellín,Doritos Locos By Dorito - Turbo,CO900473564,Doritos Locos By Dorito Envigado - Turbo,Envigado,,2400.0,2400.0
4/5/2026,Medellín,Local Cocina Consciente - Turbo,CO900481557,Local - Cocina Consciente Manila - Turbo,Manila,,2400.0,2400.0
4/5/2026,Medellín,Burrito Cantina - Turbo,CO900473551,Burrito Cantina Envigado - Turbo,Envigado,,2400.0,2400.0
4/5/2026,Pereira,Burger Lane - Turbo,CO900442994,Burger Lane Pereira - Turbo,Otra,,1000,1000.0
4/5/2026,Bogotá,Burrito Cantina - Turbo,CO900488277,Burrito Cantina Arrecife - Turbo,Arrecife,,3000.0,3000.0
4/5/2026,Bogotá,Doritos Locos By Dorito - Turbo,CO900488774,Doritosclocos By Doritos Arrecife - Turbo,Arrecife,,3000.0,3000.0
4/5/2026,Bogotá,Numa Cocina Mediterranea - Turbo,CO900488968,Numa Cocina Mediterranea Arrecife - Turbo,Arrecife,,3000.0,3000.0
4/5/2026,Bogotá,Monteverde - Turbo,CO900489032,Monteverde Arrecife - Turbo,Arrecife,,3000.0,3000.0
4/5/2026,Bogotá,Desayuno Mi Tierrita - Turbo,CO900488770,Desayuno Mi Tierrita Arrecife - Turbo,Arrecife,,3000.0,3000.0
4/5/2026,Bogotá,Acpm Corrientazo - Turbo,CO900488269,Acpm Corrientazo Arrecife - Turbo,Arrecife,,3000.0,3000.0
4/5/2026,Bogotá,Desayunos de la Abuela - Turbo,CO900488283,Desayunos de la Abuela Arrecife - Turbo,Arrecife,,3000.0,3000.0
4/5/2026,Bogotá,The Breakfast Club - Turbo,CO900489002,The Breakfast Club Arrecife - Turbo,Arrecife,,3000.0,3000.0
4/5/2026,Bogotá,la Cuadra Desayunos Caseros - Turbo,CO900488956,la Cuadra Desayunos Arrecife - Turbo,Arrecife,,3000.0,3000.0
4/5/2026,Bogotá,Selvatiko. - Turbo,CO900488992,Selvatiko Arrecife - Turbo,Arrecife,,3000.0,3000.0
4/5/2026,Bogotá,Frost By Oreo - Turbo,CO900488841,Frost By Oreo Arrecife - Turbo,Arrecife,,3000.0,3000.0
4/5/2026,Bogotá,Foodology Court - Turbo,CO900488781,Foodology Arrecife - Turbo,Arrecife,,3000.0,3000.0
4/5/2026,Bogotá,Green House Fd - Turbo,CO900488845,Green House Arrecife - Turbo,Arrecife,,3000.0,3000.0
4/5/2026,Bogotá,Alba Vegetarian - Turbo,CO900488270,Alba Vegetarian Arrecife - Turbo,Arrecife,,3000.0,3000.0
4/5/2026,Bogotá,Señor Burrito. - Turbo,CO900488996,Señor Burrito Arrecife - Turbo,Arrecife,,3000.0,3000.0
4/5/2026,Bogotá,Mr Beast Burger - Turbo,CO900488966,Mr Beast Burger Arrecife - Turbo,Arrecife,,3000.0,3000.0
4/5/2026,Bogotá,Pret Sandwich Bistro - Turbo,CO900488980,Pret Sandwich Bistro Arrecife - Turbo,Arrecife,,3000.0,3000.0
4/5/2026,Bogotá,Mañanero Diario - Turbo,CO900488961,Mañanero Diario Arrecife - Turbo,Arrecife,,3000.0,3000.0
4/5/2026,Bogotá,Avocalia Turbo,CO900488273,Avocalia Arrecife - Turbo,Arrecife,,3000.0,3000.0
4/5/2026,Bogotá,Helados San Jerónimo - Turbo,CO900488984,Helados San Jerónimo Arrecife - Turbo,Arrecife,,3000.0,3000.0
4/5/2026,Bogotá,Local Cocina Consciente - Turbo,CO900489031,Local Cocina Consciente Arrecife - Turbo,Arrecife,,3000.0,3000.0
4/5/2026,Bogotá,Ñamgucheria Sandwiches - Turbo,CO900488970,Ñamgucheria Arrecife - Turbo,Arrecife,,3000.0,3000.0
4/5/2026,Bogotá,Cinnabon - Turbo,CO900488282,Cinnabon Arrecife - Turbo,Arrecife,,3000.0,3000.0
4/5/2026,Bogotá,Bottaniko - Turbo,CO900488274,Bottaniko Arrecife - Turbo,Arrecife,,3000.0,3000.0
11/5/2026,Bogotá,Pret Sandwich Bistro - Turbo,CO900488980,Pret Sandwich Bistro Arrecife - Turbo,Arrecife,10.35,3000,3000
11/5/2026,Bogotá,Numa Cocina Mediterranea - Turbo,CO900488968,Numa Cocina Mediterranea Arrecife - Turbo,Arrecife,6.97,3000,3000
11/5/2026,Bogotá,Avocalia Turbo,CO900488273,Avocalia Arrecife - Turbo,Arrecife,6.37,3000,3000
11/5/2026,Bogotá,Brunch & Munch - Turbo,CO900488275,Brunch & Munch Arrecife - Turbo,Arrecife,4.86,3000,3000
11/5/2026,Bogotá,Mr Beast Burger - Turbo,CO900488966,Mr Beast Burger Arrecife - Turbo,Arrecife,4.83,3000,3000
11/5/2026,Bogotá,Green House Fd - Turbo,CO900488845,Green House Arrecife - Turbo,Arrecife,3.47,3000,3000
11/5/2026,Bogotá,Alba Vegetarian - Turbo,CO900488270,Alba Vegetarian Arrecife - Turbo,Arrecife,2.68,3000,3000
11/5/2026,Bogotá,Cacerola - Turbo,CO900473673,Cacerola - Colina - Turbo,Colina,8.38,2400,2400
11/5/2026,Cali,la Cuadra Desayunos Caseros - Turbo,CO900467501,La Cuadra Desayunos Santa Mónica - Turbo,Santa Mónica,7.92,2400,2400
11/5/2026,Cali,Selvatiko. - Turbo,CO900475114,Selvatiko. Santa Monica - Turbo,Santa Mónica,7.75,2400,1000
11/5/2026,Bucaramanga,Dembow - Turbo,CO900473642,Dembow - Cabecera - Turbo,Cabecera (Bga),7.63,2400,2400
11/5/2026,Bogotá,Mr Beast Burger - Turbo,CO900409678,Mr Beast Chapinero - Turbo,Chapinero,7.49,2400,1000
11/5/2026,Bogotá,Dembow - Turbo,CO900476018,Dembow Chico - Turbo,Chicó,7.34,2400,2400
11/5/2026,Bogotá,Selvatiko. - Turbo,CO900476479,Selvatiko Chico - Turbo,Chicó,7.21,2400,1000
11/5/2026,Bogotá,Desayuno Mi Tierrita - Turbo,CO900476019,Desayuno Mi Tierrita Chico - Turbo,Chicó,7.19,2400,1000
11/5/2026,Bogotá,Mr Beast Burger - Turbo,CO900477182,Mr Beast Chico - Turbo,Chicó,7.13,2400,2400
11/5/2026,Bogotá,Desayuno Mi Tierrita - Turbo,CO900464390,Desayuno Mi Tierrita Cl 109 - Turbo,Calle 109,6.88,2400,2400
11/5/2026,Bogotá,The Breakfast Club - Turbo,CO900475281,The Breakfast Club Colina - Turbo,Colina,6.87,2400,1000
11/5/2026,Barranquilla,Desayuno Mi Tierrita - Turbo,CO900465156,Desayuno Mi Tierrita Barranquilla - Turbo,Barranquilla,6.73,2400,1000
11/5/2026,Bogotá,The Breakfast Club - Turbo,CO900475286,The Breakfast Club Calle 93 - Turbo,Parque 93 / Castellana,6.67,2400,2400
11/5/2026,Bogotá,Dembow - Turbo,CO900473654,Dembow - Colina - Turbo,Colina,6.64,2400,2400
11/5/2026,Cali,Ñamgucheria Sandwiches - Turbo,CO900439224,Ñamguchería Santa Monica - Turbo,Santa Mónica,6.28,2400,2400
11/5/2026,Bogotá,Dembow - Turbo,CO900475131,Dembow Cl 109 - Turbo,Calle 109,6.16,2400,2400
11/5/2026,Bogotá,la Cuadra Desayunos Caseros - Turbo,CO900464914,la Cuadra - Cl 109 - Turbo,Calle 109,5.93,2400,1000
11/5/2026,Bogotá,Brunch & Munch - Turbo,CO900465171,Brunch & Munch Cl 109 - Turbo,Calle 109,5.92,2400,2400
11/5/2026,Bogotá,Desayunos de la Abuela - Turbo,CO900446320,Desayunos de la Abuela Chico - Turbo,Chicó,5.87,2400,2400
11/5/2026,Bogotá,Mr Beast Burger - Turbo,CO900475371,Mr Beast Cl 109 - Turbo,Calle 109,5.86,2400,1000
11/5/2026,Cali,Cacerola - Turbo,CO900416209,Cacerola Cali - San Fernando - Turbo,San Fernando,5.81,2400,2400
11/5/2026,Bogotá,Brunch & Munch - Turbo,CO900420519,Brunch And Munch - Kennedy - Turbo,Kennedy,5.69,2400,2400
11/5/2026,Bucaramanga,Brunch & Munch - Turbo,CO900426741,Brunch & Munch Bucaramanga - Turbo,Cabecera (Bga),5.46,2400,2400
11/5/2026,Bogotá,Dembow - Turbo,CO900473649,Dembow - Calle 93 - Turbo,Parque 93 / Castellana,5.41,2400,2400
11/5/2026,Bucaramanga,Burrito Cantina - Turbo,CO900467384,Burrito Cantina Bucaramanga - Turbo,Cabecera (Bga),5.39,2400,2400
11/5/2026,Bucaramanga,Mr Beast Burger - Turbo,CO900428937,Mr Beast Bucaramanga - Turbo,Cabecera (Bga),5.35,2400,2400
11/5/2026,Bogotá,Burritos & Co - Turbo,CO900476014,Burritos & Co Chico - Turbo,Chicó,5.32,2400,2400
11/5/2026,Cali,Desayunos de la Abuela - Turbo,CO900446306,Desayunos de la Abuela San Fernando - Turbo,San Fernando,5.32,2400,2400
11/5/2026,Bucaramanga,The Breakfast Club - Turbo,CO900475208,The Breakfast Club Cabecera - Turbo,Cabecera (Bga),5.17,2400,2400
11/5/2026,Bogotá,Burrito Cantina - Turbo,CO900467381,Burrito Cantina Usaquén - Turbo,Usaquén,4.94,2400,2400
11/5/2026,Bogotá,Cinnabon - Turbo,CO900476080,Cinnabon Colina - Turbo,Colina,4.91,2400,2400
11/5/2026,Bogotá,Selvatiko. - Turbo,CO900465173,Selvatiko. 93 - Turbo,Parque 93 / Castellana,4.91,2400,2400
11/5/2026,Bogotá,The Breakfast Club - Turbo,CO900475213,The Breakfast Club Chico - Turbo,Chicó,4.89,2400,2400
11/5/2026,Bogotá,la Cuadra Desayunos Caseros - Turbo,CO900470908,La Cuadra Desayunos Caseros Kennedy - Turbo,Kennedy,4.84,2400,2400
11/5/2026,Cali,Burrito Cantina - Turbo,CO900467382,Burrito Cantina Santa Mónica (Cali Norte) - Turbo,Santa Mónica,4.83,2400,2400
11/5/2026,Bogotá,Pret Sandwich Bistro - Turbo,CO900464394,Pret Sandwich Bistro Cl 109 - Turbo,Calle 109,4.81,2400,1000
11/5/2026,Bogotá,Honest Food Fdl - Turbo,CO900472137,Honest Food Chapinero - Turbo,Chapinero,4.79,2400,2400
11/5/2026,Cali,Mr Beast Burger - Turbo,CO900405272,Mr Beast San Fernando - Turbo,San Fernando,4.79,2400,2400
11/5/2026,Bogotá,Bottaniko - Turbo,CO900464153,Bottaniko Cl 109 - Turbo,Calle 109,4.78,2400,2400
11/5/2026,Bogotá,The Breakfast Club - Turbo,CO900475287,The Breakfast Club Villa Del Prado - Turbo,Villa del Prado,4.75,2400,2400
11/5/2026,Bogotá,Brunch & Munch - Turbo,CO900420483,Brunch & Munch - Chicó - Turbo,Chicó,4.68,2400,2400
11/5/2026,Barranquilla,Mr Beast Burger - Turbo,CO900405269,Mr Beast Barranquilla Norte - Turbo Urgencias Eps Sanitas 284,Barranquilla,4.56,2400,2400
11/5/2026,Cali,House Of Salads - Turbo,CO900445681,House Of Salad Santa Monica - Turbo,Santa Mónica,4.51,2400,2400
11/5/2026,Bogotá,Pret Sandwich Bistro - Turbo,CO900442051,Pret Sandwich Bistro Colina - Turbo,Colina,4.38,2400,2400
11/5/2026,Bogotá,Foodology Court - Turbo,CO900465145,Foodology Colina - Turbo Carrera 53 #137a-26,Colina,4.37,2400,2400
11/5/2026,Barranquilla,Ñamgucheria Sandwiches - Turbo,CO900439221,Ñamguchería Barranquilla Norte - Turbo,Barranquilla,4.36,2400,2400
11/5/2026,Bucaramanga,Cacerola - Turbo,CO900473672,Cacerola - Cabecera - Turbo,Cabecera (Bga),4.33,2400,2400
11/5/2026,Bucaramanga,Mañanero Diario - Turbo,CO900443504,Mañanero diario Bucaramanga - Turbo,Cabecera (Bga),4.33,3000,3000
11/5/2026,Bogotá,Avocalia Turbo,CO900420305,Avocalia - Colina - Turbo,Colina,4.32,2400,2400
11/5/2026,Cali,Desayunos de la Abuela - Turbo,CO900446316,Desayunos de la Abuela Santa Monica - Turbo,Santa Mónica,4.31,2400,2400
11/5/2026,Bogotá,Acpm Corrientazo - Turbo,CO900464913,Acpm Corrientazo Cl 109 - Turbo,Calle 109,4.28,2400,1000
11/5/2026,Bogotá,Honest Food Fdl - Turbo,CO900463745,Honest Food Cl 109 - Turbo,Calle 109,4.28,2400,2400
11/5/2026,Bogotá,Honest Food Fdl - Turbo,CO900472142,Honest Food Colina - Turbo,Colina,4.26,2400,2400
11/5/2026,Cali,la Cuadra Desayunos Caseros - Turbo,CO900467495,La Cuadra Desayunos San Fernando - Turbo,San Fernando,4.26,3000,3000
11/5/2026,Bucaramanga,Sanduches el Jefe - Turbo,CO900427117,Sandwich El Jefe Bucaramanga - Turbo,Cabecera (Bga),4.25,2400,2400
11/5/2026,Bucaramanga,Desayunos de la Abuela - Turbo,CO900446313,Desayunos de la Abuela Cabecera - Turbo,Cabecera (Bga),4.16,2400,2400
11/5/2026,Bogotá,Numa Cocina Mediterranea - Turbo,CO900476061,Cocina Mediterranea Andes - Turbo,Andes,4.13,2400,2400
11/5/2026,Cali,Señor Burrito. - Turbo,CO900467419,Señor Burrito San Fernando - Turbo,San Fernando,3.98,2400,2400
11/5/2026,Bogotá,Alba Vegetarian - Turbo,CO900475346,Alba Vegetarian Chico - Turbo,Chicó,3.95,3000,3000
11/5/2026,Cali,Vicio - Turbo,CO900407402,Vicio Santa Mónica (Cali Norte) - Turbo,Santa Mónica,3.95,3000,3000
11/5/2026,Bogotá,Foodology Court - Turbo,CO900465138,Foodology Cl 109 - Turbo Cl. 109 #15-28,Calle 109,3.88,2400,2400
11/5/2026,Bogotá,House Of Salads - Turbo,CO900445676,House Of Salad Colina - Turbo,Colina,3.88,2400,2400
11/5/2026,Bogotá,Cinnabon - Turbo,CO900415448,Cinnabon Chicó - Turbo,Chicó,3.86,3000,3000
11/5/2026,Bogotá,Desayunos de la Abuela - Turbo,CO900473561,Desayunos de la Abuela Andes - Turbo,Andes,3.81,2400,2400
11/5/2026,Bogotá,Sanduches el Jefe - Turbo,CO900420513,Sandwich el Jefe Kennedy - Turbo,Kennedy,3.77,3000,3000
11/5/2026,Bogotá,Cacerola - Turbo,CO900473674,Cacerola - Kennedy - Turbo,Kennedy,3.77,2400,2400
11/5/2026,Bogotá,Acpm Corrientazo - Turbo,CO900470917,Acpm Corrientazo Kennedy - Turbo,Kennedy,3.77,3000,3000
11/5/2026,Bogotá,Señor Burrito. - Turbo,CO900467426,Señor Burrito Chapinero - Turbo,Chapinero,3.74,2400,2400
11/5/2026,Bogotá,Desayunos de la Abuela - Turbo,CO900446311,Desayunos de la Abuela Chapinero - Turbo,Chapinero,3.74,2400,2400
11/5/2026,Bogotá,la Cuadra Desayunos Caseros - Turbo,CO900467493,La Cuadra Desayunos Caseros Usaquen - Turbo,Usaquén,3.72,2400,3000
11/5/2026,Bogotá,Sanduches el Jefe - Turbo,CO900419501,Sandwich el Jefe Villa Del Prado - Turbo Carrera 55  243,Villa del Prado,3.69,2400,2400
11/5/2026,Bogotá,Dembow - Turbo,CO900473656,Dembow - Usaquen - Turbo,Usaquén,3.69,2400,2400
11/5/2026,Bogotá,Desayunos de la Abuela - Turbo,CO900473560,Desayunos de la Abuela Kennedy - Turbo,Kennedy,3.69,2400,2400
11/5/2026,Bogotá,Acpm Corrientazo - Turbo,CO900467511,Acpm Corrientazo Castellana - Turbo,Parque 93 / Castellana,3.69,2400,2400
11/5/2026,Cali,The Breakfast Club - Turbo,CO900475210,The Breakfast Club Santa Monica - Turbo,Santa Mónica,3.67,2400,2400
11/5/2026,Bogotá,Almuerzos D´la Casa - Turbo,CO900471212,Almuerzos D´la Casa - Colina - Turbo,Colina,3.64,2400,2400
11/5/2026,Bogotá,Dembow - Turbo,CO900473653,Dembow - Kennedy - Turbo,Kennedy,3.64,2400,3000
11/5/2026,Bogotá,Foodology Court - Turbo,CO900465148,Foodology 93 - Turbo Calle 93 #45a-16,Parque 93 / Castellana,3.63,2400,2400
11/5/2026,Medellín,la Cuadra Desayunos Caseros - Turbo,CO900470909,La Cuadra Desayunos Caseros Laureles - Turbo,Laureles,3.63,3000,3000
11/5/2026,Bogotá,The Breakfast Club - Turbo,CO900475284,The Breakfast Club Chapinero - Turbo,Chapinero,3.62,2400,2400
11/5/2026,Cali,Burrito Cantina - Turbo,CO900467383,Burrito Cantina San Fernando - Turbo,San Fernando,3.59,2400,2400
11/5/2026,Bogotá,Brunch & Munch - Turbo,CO900409672,Brunch & Munch Chapinero - Turbo,Chapinero,3.58,2400,2400
11/5/2026,Medellín,Alba Vegetarian - Turbo,CO900443008,Alba Vegetarian - Laureles - Turbo,Laureles,3.58,3000,3000
11/5/2026,Barranquilla,Mañanero Diario - Turbo,CO900443503,Mañanero diario Barranquilla Norte - Turbo CHURNEADO,Barranquilla,3.57,2400,2400
11/5/2026,Cali,Acpm Corrientazo - Turbo,CO900467509,Acpm Corrientazo Santa Mónica (Cali Norte) - Turbo,Santa Mónica,3.56,2400,2400
11/5/2026,Bogotá,Señor Burrito. - Turbo,CO900467422,Señor Burrito Colina - Turbo,Colina,3.55,3000,3000
11/5/2026,Cali,The Breakfast Club - Turbo,CO900475288,The Breakfast Club San Fernando - Turbo,San Fernando,3.55,2400,1000
11/5/2026,Cali,Alba Vegetarian - Turbo,CO900443011,Alba Vegetarian - Santa Monica - Turbo,Santa Mónica,3.47,2400,2400
11/5/2026,Barranquilla,Sanduches el Jefe - Turbo,CO900419499,Sandwich el Jefe Barranquilla - Turbo Cra. 45  353,Barranquilla,3.45,2400,2400
11/5/2026,Cali,La Cuadra - Turbo,CO900416195,La Cuadra Santa Monica - Cali - Turbo,Santa Mónica,3.44,3000,3000
11/5/2026,Cali,Sanduches el Jefe - Turbo,CO900419506,Sandwich El Jefe San Fernando - Turbo,San Fernando,3.42,3000,3000
11/5/2026,Medellín,Dembow - Turbo,CO900473643,Dembow - Laureles - Turbo,Laureles,3.41,3000,3000
11/5/2026,Bogotá,Alba Vegetarian - Turbo,CO900475345,Alba Vegetarian Cl 109 - Turbo,Calle 109,3.38,2400,2400
11/5/2026,Bogotá,Burritos & Co - Turbo,CO900464311,Burritos & Co Cl 109 - Turbo,Calle 109,3.36,2400,2400
11/5/2026,Bogotá,Alba Vegetarian - Turbo,CO900443017,Alba Vegetarian - Calle 93 - Turbo,Parque 93 / Castellana,3.36,3000,3000
11/5/2026,Bogotá,The Breakfast Club - Turbo,CO900475207,The Breakfast Club Kennedy - Turbo,Kennedy,3.29,2400,2400
11/5/2026,Bogotá,House Of Salads - Turbo,CO900445607,House Of Salad Calle 93 - Turbo,Parque 93 / Castellana,3.28,2400,2400
11/5/2026,Bogotá,Burrito Cantina - Turbo,CO900465172,Burrito Cantina Cl 109 - Turbo,Calle 109,3.28,2400,2400
11/5/2026,Cali,Green House Fd - Turbo,CO900438444,Green House San Fernando - Turbo,San Fernando,3.28,2400,2400
11/5/2026,Barranquilla,The Breakfast Club - Turbo,CO900475211,The Breakfast Club Barranquilla - Turbo,Barranquilla,3.27,2400,3000
11/5/2026,Bogotá,Dembow - Turbo,CO900473651,Dembow - Villa Del Prado - Turbo,Villa del Prado,3.26,2400,2400
11/5/2026,Bogotá,Ñamgucheria Sandwiches - Turbo,CO900473584,Ñamguchería Andes - Turbo,Andes,3.25,2400,2400
11/5/2026,Bogotá,Local Cocina Consciente - Turbo,CO900477107,Local - Cocina Consciente Calle 93 - Turbo,Parque 93 / Castellana,3.25,2400,2400
11/5/2026,Bogotá,Cacerola - Turbo,CO900416214,Cacerola Castellana - Turbo,Parque 93 / Castellana,3.25,2400,2400
11/5/2026,Cali,Honest Food Fdl - Turbo,CO900472144,Honest Food Santa Monica - Turbo,Santa Mónica,3.25,2400,2400
11/5/2026,Bogotá,Pret Sandwich Bistro - Turbo,CO900416177,Pret Sandwich Bistro Villa del Prado - Turbo,Villa del Prado,3.21,3000,3000
11/5/2026,Cali,Monteverde - Turbo,CO900450772,Monteverde San Fernando - Turbo,San Fernando,3.18,2400,2400
11/5/2026,Cali,Almuerzos D´la Casa - Turbo,CO900471208,Almuerzos D´la Casa - Santa Monica - Turbo,Santa Mónica,3.18,3000,3000
11/5/2026,Cartagena,Brunch & Munch - Turbo,CO900481032,Brunch & Munch - Cartagena - Turbo,Cartagena,3.18,2400,2400
11/5/2026,Bogotá,Avocalia Turbo,CO900464312,Avocalia Cl 109 - Turbo,Calle 109,3.15,2400,2400
11/5/2026,Cali,Avocalia Turbo,CO900407400,Avocalia Santa Monica - Cali - Turbo,Santa Mónica,3.15,2400,2400
11/5/2026,Bogotá,Almuerzos D´la Casa - Turbo,CO900471206,Almuerzos D` la Casa - Villa del Prado - Turbo,Villa del Prado,21.26,2400,2400
11/5/2026,Bogotá,Green House Fd - Turbo,CO900438452,Green House Chapinero - Turbo,Chapinero,2.99,2400,2400
11/5/2026,Bogotá,La Cuadra - Turbo,CO900416198,La Cuadra - Villa del Prado - Turbo,Villa del Prado,2.97,2400,2400
11/5/2026,Bogotá,La Cuadra - Turbo,CO900416192,La Cuadra - Castellana - Turbo,Parque 93 / Castellana,2.97,2400,2400
11/5/2026,Bucaramanga,Honest Food Fdl - Turbo,CO900472134,Honest Food Cabecera - Turbo,Cabecera (Bga),2.96,3000,3000
11/5/2026,Bucaramanga,Cinnabon - Turbo,CO900426807,Cinnabon Bucaramanga - Turbo,Cabecera (Bga),2.95,3000,3000
11/5/2026,Cali,Avocalia Turbo,CO900405544,Avocalia Cali - San Fernando - Turbo,San Fernando,2.94,2400,2400
11/5/2026,Bogotá,Mr Beast Burger - Turbo,CO900428938,Mr Beast Andes - Turbo,Andes,2.93,3000,3000
11/5/2026,Cali,Alba Vegetarian - Turbo,CO900443016,Alba Vegetarian - San Fernando - Turbo,San Fernando,2.93,2400,2400
11/5/2026,Cali,Cinnabon - Turbo,CO900405124,Cinnabon San Fernando - Turbo,San Fernando,2.91,3000,3000
11/5/2026,Medellín,Mr Beast Burger - Turbo,CO900405270,Mr Beast Laureles - Turbo,Laureles,2.89,3000,3000
11/5/2026,Cali,Foodology Court - Turbo,CO900465152,Foodology Santa Mónica Clo - Turbo Calle 34 Norte 2bn 33,Santa Mónica,2.88,2400,3000
11/5/2026,Bucaramanga,Señor Burrito. - Turbo,CO900467424,Señor Burrito Cabecera - Turbo,Cabecera (Bga),2.85,3000,3000
11/5/2026,Bogotá,Burritos & Co - Turbo,CO900410572,Burritos And Co 93 - Turbo,Parque 93 / Castellana,2.81,2400,2400
11/5/2026,Bogotá,Burritos & Co - Turbo,CO900420641,Burritos And Co - Colina - Turbo,Colina,2.79,2400,2400
11/5/2026,Bogotá,La Cuadra - Turbo,CO900416199,La Cuadra - Chapinero - Turbo,Chapinero,2.75,2400,2400
11/5/2026,Cali,Honest Food Fdl - Turbo,CO900472139,Honest Food San Fernando - Turbo,San Fernando,2.75,3000,3000
11/5/2026,Bogotá,Mañanero Diario - Turbo,CO900443497,Mañanero diario Colina - Turbo,Colina,2.71,3000,3000
11/5/2026,Medellín,Desayunos de la Abuela - Turbo,CO900446317,Desayunos de la Abuela Laureles - Turbo,Laureles,2.69,3000,3000
11/5/2026,Bogotá,Monteverde - Turbo,CO900463719,Monteverde Cl 109 - Turbo,Calle 109,2.68,2400,2400
11/5/2026,Bogotá,Numa Cocina Mediterranea - Turbo,CO900476062,Cocina Mediterranea Kennedy - Turbo,Kennedy,2.68,2400,2400
11/5/2026,Bogotá,Mañanero Diario - Turbo,CO900476020,Mañanero Diario Chico - Turbo,Chicó,2.67,2400,3000
11/5/2026,Bogotá,Selvatiko. - Turbo,CO900475121,Selvatiko. Andes - Turbo,Andes,2.67,3000,3000
11/5/2026,Medellín,Bottaniko - Turbo,CO900443506,Bottaniko Laureles - Turbo,Laureles,2.66,2400,3000
11/5/2026,Bogotá,Cinnabon - Turbo,CO900463784,Cinnabon Cl 109 - Turbo,Calle 109,2.64,3000,3000
11/5/2026,Bucaramanga,Green House Fd - Turbo,CO900438445,Green House Bucaramanga - Turbo,Cabecera (Bga),2.63,3000,3000
11/5/2026,Bogotá,Almuerzos D´la Casa - Turbo,CO900471209,Almuerzos D´la Casa - 93 - Turbo,Parque 93 / Castellana,2.61,2400,2400
11/5/2026,Cali,Burritos & Co - Turbo,CO900410569,Burritos & CO Cali - San Fernando - Turbo,San Fernando,2.59,2400,2400
11/5/2026,Medellín,Almuerzos D´la Casa - Turbo,CO900471207,Almuerzos D´la Casa - Laureles - Turbo,Laureles,2.59,3000,3000
11/5/2026,Barranquilla,Señor Burrito. - Turbo,CO900467425,Señor Burrito Barranquilla Norte - Turbo,Barranquilla,2.56,2400,3000
11/5/2026,Bogotá,Selvatiko. - Turbo,CO900475359,Selvatiko Cl 109 - Turbo,Calle 109,2.56,2400,2400
11/5/2026,Cali,Helados San Jerónimo - Turbo,CO900407396,Heladería San Jerónimo Santa Mónica (Cali Norte) - Turbo,Santa Mónica,2.56,2400,2400
11/5/2026,Medellín,Dembow - Turbo,CO900473644,Dembow - Manila - Turbo,Manila,2.55,3000,3000
11/5/2026,Barranquilla,Honest Food Fdl - Turbo,CO900472141,Honest Food Barranquilla - Turbo,Barranquilla,2.54,2400,2400
11/5/2026,Cartagena,Mr Beast Burger - Turbo,CO900481990,Mr Beast Cartagena - Turbo,Cartagena,2.53,2400,2400
11/5/2026,Medellín,Brunch & Munch - Turbo,CO900405253,Brunch & Munch Laureles - Turbo,Laureles,2.49,3000,3000
11/5/2026,Cali,Burritos & Co - Turbo,CO900410573,Burritos And Co Cali - Turbo,Otra,2.48,2400,2400
11/5/2026,Barranquilla,Brunch & Munch - Turbo,CO900405255,Brunch & Munch Barranquilla - Turbo,Barranquilla,2.46,2400,2400
11/5/2026,Cali,Desayuno Mi Tierrita - Turbo,CO900465164,Desayuno Mi Tierrita San Fernando Cali - Turbo,San Fernando,2.44,2400,2400
11/5/2026,Cali,Cinnabon - Turbo,CO900407398,Cinnabon Santa Mónica (Cali Norte) - Turbo,Santa Mónica,2.44,2400,2400
11/5/2026,Medellín,The Breakfast Club - Turbo,CO900475214,The Breakfast Club Laurele - Turbo,Laureles,2.44,3000,3000
11/5/2026,Medellín,Desayuno Mi Tierrita - Turbo,CO900465157,Desayuno Mi Tierrita Laureles - Turbo,Laureles,2.43,3000,3000
11/5/2026,Bogotá,Avocalia Turbo,CO900405546,Avocalia - Villa Del Prado - Turbo,Villa del Prado,2.42,2400,2400
11/5/2026,Bogotá,Avocalia Turbo,CO900409671,Avocalia Chapinero - Turbo,Chapinero,2.42,2400,2400
11/5/2026,Bucaramanga,la Cuadra Desayunos Caseros - Turbo,CO900470910,La Cuadra Desayunos Caseros Cabecera - Turbo,Cabecera (Bga),2.42,3000,3000
11/5/2026,Bogotá,Frost By Oreo - Turbo,CO900419498,Frost By Oreo Chico - Turbo,Chicó,2.41,3000,3000
11/5/2026,Cali,Local Cocina Consciente - Turbo,CO900477097,Local - Cocina Consciente San Fernando - Turbo,San Fernando,2.41,2400,2400
11/5/2026,Cali,La Cuadra - Turbo,CO900416200,La Cuadra Cali - San Fernando - Turbo,San Fernando,2.39,3000,3000
11/5/2026,Bogotá,Avocalia Turbo,CO900410780,Avocalia Chicó - Turbo,Chicó,2.38,3000,3000
11/5/2026,Medellín,Green House Fd - Turbo,CO900438443,Green House Laureles - Turbo,Laureles,2.38,3000,3000
11/5/2026,Bogotá,Honest Food Fdl - Turbo,CO900475462,Honest Food Kennedy - Turbo,Kennedy,2.37,2400,2400
11/5/2026,Cali,House Of Salads - Turbo,CO900445671,House Of Salad San Fernando - Turbo,San Fernando,2.36,3000,3000
11/5/2026,Bucaramanga,Foodology Court - Turbo,CO900465153,Foodology Cabecera - Turbo,Cabecera (Bga),2.35,3000,3000
11/5/2026,Cali,Sanduches el Jefe - Turbo,CO900419504,Sandwich el Jefe Santa Monica - Turbo Poke Cali 2639,Santa Mónica,2.35,2400,2400
11/5/2026,Bogotá,Ñamgucheria Sandwiches - Turbo,CO900473582,Ñamguchería Kennedy - Turbo,Kennedy,2.34,2400,2400
11/5/2026,Bucaramanga,Selvatiko. - Turbo,CO900475119,Selvatiko. Cabecera - Turbo,Cabecera (Bga),2.34,3000,3000
11/5/2026,Cartagena,Ñamgucheria Sandwiches - Turbo,CO900481992,Ñamguchería Cartagena - Turbo,Cartagena,2.34,2400,2400
11/5/2026,Bogotá,Selvatiko. - Turbo,CO900475124,Selvatiko. Colina - Turbo,Colina,2.32,3000,3000
11/5/2026,Cartagena,Burrito Cantina - Turbo,CO900481034,Burrito Cantina Cartagena - Turbo,Cartagena,2.32,2400,2400
11/5/2026,Bogotá,Mr Beast Burger - Turbo,CO900420303,Mr Beast Kennedy - Turbo,Kennedy,2.31,2400,2400
11/5/2026,Bogotá,Señor Burrito. - Turbo,CO900467418,Señor Burrito 93 - Turbo,Parque 93 / Castellana,2.29,2400,2400
11/5/2026,Bogotá,Foodology Court - Turbo,CO900471303,Foodology Andes - Turbo,Andes,2.27,2400,2400
11/5/2026,Cartagena,Pret Sandwich Bistro - Turbo,CO900481996,Pret Sandwich Bistro Cartagena - Turbo,Cartagena,2.27,2400,2400
11/5/2026,Bogotá,Honest Food Fdl - Turbo,CO900472133,Honest Food Villa Del Prado - Turbo,Villa del Prado,2.26,2400,2400
11/5/2026,Bogotá,The Breakfast Club - Turbo,CO900475289,The Breakfast Club Usaquen - Turbo,Usaquén,2.26,2400,2400
11/5/2026,Medellín,Cacerola - Turbo,CO900416206,Cacerola Manila - Medellin - Turbo,Manila,2.25,3000,3000
11/5/2026,Medellín,Honest Food Fdl - Turbo,CO900472132,Honest Food Laureles - Turbo,Laureles,2.25,2400,2400
11/5/2026,Bogotá,Señor Burrito. - Turbo,CO900471310,Señor Burrito Kennedy - Turbo,Kennedy,2.24,2400,3000
11/5/2026,Bucaramanga,Desayuno Mi Tierrita - Turbo,CO900465167,Desayuno Mi Tierrita - Cabecera - Turbo,Cabecera (Bga),2.24,2400,3000
11/5/2026,Barranquilla,Dembow - Turbo,CO900473647,Dembow - Barranquilla Nte - Turbo,Barranquilla,2.23,3000,3000
11/5/2026,Medellín,Ñamgucheria Sandwiches - Turbo,CO900439223,Ñamguchería Manila - Turbo,Manila,2.23,3000,3000
11/5/2026,Bogotá,Doritos Locos By Dorito - Turbo,CO900473565,Doritos Locos By Dorito Kennedy - Turbo,Kennedy,2.22,2400,2400
11/5/2026,Bogotá,la Cuadra Desayunos Caseros - Turbo,CO900470911,La Cuadra Desayunos Caseros Andes - Turbo,Andes,2.22,2400,2400
11/5/2026,Bogotá,Brunch & Munch - Turbo,CO900426740,Brunch & Munch Andes - Turbo,Andes,2.21,2400,2400
11/5/2026,Medellín,Desayuno Mi Tierrita - Turbo,CO900465160,Desayuno Mi Tierrita Manila - Turbo,Manila,2.21,2400,3000
11/5/2026,Bogotá,Ñamgucheria Sandwiches - Turbo,CO900439226,Ñamguchería Usaquen - Turbo,Usaquén,2.19,3000,3000
11/5/2026,Bogotá,House Of Salads - Turbo,CO900445677,House Of Salad Villa del Prado - Turbo,Villa del Prado,2.18,2400,3000
11/5/2026,Bogotá,Foodology Court - Turbo,CO900465146,Foodology Chapinero - Turbo Cra. 8 #66-88,Chapinero,2.18,3000,3000
11/5/2026,Barranquilla,Selvatiko. - Turbo,CO900475115,Selvatiko. Barranquilla Norte - Turbo,Barranquilla,2.17,2400,2400
11/5/2026,Bucaramanga,Avocalia Turbo,CO900427112,Avocalia Bucaramanga - Turbo,Cabecera (Bga),2.16,3000,3000
11/5/2026,Bucaramanga,Monteverde - Turbo,CO900450765,Monteverde Cabecera - Turbo,Cabecera (Bga),2.16,3000,3000
11/5/2026,Bogotá,Green House Fd - Turbo,CO900438447,Green House Villa Del Prado - Turbo Cra. 55  243,Villa del Prado,2.15,3000,3000
11/5/2026,Medellín,Mañanero Diario - Turbo,CO900443494,Mañanero diario Laureles - Turbo,Laureles,2.14,3000,3000
11/5/2026,Barranquilla,Foodology Court - Turbo,CO900465150,Foodology Barranquilla Nte - Turbo Cra. 45 #85-168,Barranquilla,2.13,3000,3000
11/5/2026,Bogotá,Desayunos de la Abuela - Turbo,CO900446276,Desayunos de la Abuela Calle 93 - Turbo,Parque 93 / Castellana,2.13,3000,2400
11/5/2026,Bogotá,Acpm Corrientazo - Turbo,CO900464911,Acpm Corrientazo Chapinero - Turbo,Chapinero,2.13,2400,2400
11/5/2026,Bucaramanga,House Of Salads - Turbo,CO900476073,House Of Salads Cabecera - Turbo,Cabecera (Bga),2.13,3000,3000
11/5/2026,Cali,Brunch & Munch - Turbo,CO900405252,Brunch & Munch Cali - San Fernando - Turbo,San Fernando,18.45,2400,1000
11/5/2026,Bogotá,Desayuno Mi Tierrita - Turbo,CO900465166,Desayuno Mi Tierrita - Colina - Turbo,Colina,14.68,2400,2400
11/5/2026,Cali,Brunch & Munch - Turbo,CO900407412,Brunch And Munch Santa Monica - Cali - Turbo,Santa Mónica,12.66,2400,1000
11/5/2026,Bogotá,Cacerola - Turbo,CO900473676,Cacerola Chico - Turbo,Chicó,10.61,2400,2400
11/5/2026,Barranquilla,Pret Sandwich Bistro - Turbo,CO900416176,Pret Sandwich Bistro Barranquilla Nte - Turbo,Barranquilla,1.99,3000,3000
11/5/2026,Bucaramanga,Pret Sandwich Bistro - Turbo,CO900442050,Pret Sandwich Bistro Cabecera - Turbo,Cabecera (Bga),1.98,3000,3000
11/5/2026,Bogotá,Acpm Corrientazo - Turbo,CO900467510,Acpm Corrientazo Villa Del Prado - Turbo,Villa del Prado,1.96,2400,2400
11/5/2026,Bogotá,Bottaniko - Turbo,CO900443516,Bottaniko - Colina - Turbo,Colina,1.96,2400,2400
11/5/2026,Cartagena,Alba Vegetarian - Turbo,CO900479519,Alba Vegetarian - Cartagena Calle 24a 329 - Turbo,Cartagena,1.96,2400,2400
11/5/2026,Medellín,House Of Salads - Turbo,CO900445679,House Of Salad Laureles - Turbo,Laureles,1.96,3000,3000
11/5/2026,Barranquilla,Burrito Cantina - Turbo,CO900467386,Burrito Cantina Barranquilla Norte - Turbo,Barranquilla,1.95,2400,2400
11/5/2026,Bogotá,Monteverde - Turbo,CO900450773,Monteverde Villa Del Prado - Turbo,Villa del Prado,1.95,2400,2400
11/5/2026,Bogotá,Señor Burrito. - Turbo,CO900467416,Señor Burrito Usaquen - Turbo,Usaquén,1.95,2400,3000
11/5/2026,Bucaramanga,Burritos & Co - Turbo,CO900426541,Burritos & Co Bucaramanga - Turbo,Cabecera (Bga),1.93,3000,3000
11/5/2026,Bogotá,Mr Beast Burger - Turbo,CO900409679,Mr Beast Usaquén - Turbo,Usaquén,1.92,2400,2400
11/5/2026,Barranquilla,La Cuadra - Turbo,CO900416197,La Cuadra Barranquilla Norte - Turbo,Barranquilla,1.91,3000,3000
11/5/2026,Barranquilla,Bottaniko - Turbo,CO900443515,Bottaniko Barranquilla - Turbo,Barranquilla,1.89,3000,3000
11/5/2026,Bucaramanga,La Cuadra - Turbo,CO900426535,La Cuadra - Bucaramanga - Turbo,Cabecera (Bga),1.89,3000,3000
11/5/2026,Bogotá,House Of Salads - Turbo,CO900445673,House Of Salad Chapinero - Turbo,Chapinero,1.88,2400,2400
11/5/2026,Medellín,Avocalia Turbo,CO900405766,Avocalia Laureles - Turbo,Laureles,1.88,3000,3000
11/5/2026,Bogotá,Selvatiko. - Turbo,CO900475118,Selvatiko. Villa del prado - Turbo,Villa del Prado,1.87,3000,3000
11/5/2026,Bogotá,Monteverde - Turbo,CO900476066,Monteverde Andes - Turbo,Andes,1.86,2400,2400
11/5/2026,Bogotá,Cinnabon Foodology - Turbo,CO900410068,Cinnabon Chapinero - Turbo,Chapinero,1.85,2400,2400
11/5/2026,Barranquilla,Cinnabon - Turbo,CO900414571,Cinnabon Barranquilla Norte - Turbo,Barranquilla,1.84,2400,2400
11/5/2026,Bogotá,Foodology Court - Turbo,CO900465151,Foodology Usaquen - Turbo Cl. 120a #3,Usaquén,1.84,2400,2400
11/5/2026,Barranquilla,Monteverde - Turbo,CO900450774,Monteverde Barranquilla - Turbo,Barranquilla,1.83,3000,3000
11/5/2026,Bogotá,Almuerzos D´la Casa - Turbo,CO900477128,Almuerzos D´la Casa Cl 109 - Turbo,Calle 109,1.83,2400,2400
11/5/2026,Bogotá,House Of Salads - Turbo,CO900445678,House Of Salad Usaquen - Turbo,Usaquén,1.83,2400,3000
11/5/2026,Bogotá,Cacerola - Turbo,CO900416213,Cacerola Usaquen - Turbo,Usaquén,1.82,2400,2400
11/5/2026,Cali,Señor Burrito. - Turbo,CO900467417,Señor Burrito Santa Monica - Turbo,Santa Mónica,1.82,3000,3000
11/5/2026,Medellín,Desayunos de la Abuela - Turbo,CO900446309,Desayunos de la Abuela Manila - Turbo,Manila,1.82,3000,3000
11/5/2026,Barranquilla,House Of Salads - Turbo,CO900445675,House Of Salad Barranquilla - Turbo,Barranquilla,1.81,2400,2400
11/5/2026,Barranquilla,Alba Vegetarian - Turbo,CO900443015,Alba Vegetarian - Norte - Turbo,Barranquilla,1.81,3000,3000
11/5/2026,Bogotá,Vicio - Turbo,CO900400178,Vicio Castellana - Turbo,Parque 93 / Castellana,1.79,2400,2400
11/5/2026,Barranquilla,Burritos & Co - Turbo,CO900410570,Burritos & Co Barranquilla - Turbo,Barranquilla,1.77,2400,2400
11/5/2026,Barranquilla,Desayunos de la Abuela - Turbo,CO900446308,Desayunos de la Abuela Barranquilla - Turbo CHURNEADO,Barranquilla,1.77,2400,2400
11/5/2026,Medellín,Burritos & Co - Turbo,CO900410568,Burritos And Co Laureles - Turbo,Laureles,1.77,3000,3000
11/5/2026,Bogotá,Green House Fd - Turbo,CO900438448,Green House Usaquen - Turbo,Usaquén,1.76,3000,3000
11/5/2026,Bogotá,Sanduches el Jefe - Turbo,CO900419505,Sandwich el Jefe Usaquen - Turbo Calle 120A #3A11 236,Usaquén,1.76,2400,2400
11/5/2026,Bogotá,Selvatiko. - Turbo,CO900475113,Selvatiko. Kennedy - Turbo,Kennedy,1.76,3000,2400
11/5/2026,Bogotá,Bottaniko - Turbo,CO900475791,Bottaniko - Andes - Turbo,Andes,1.76,2400,2400
11/5/2026,Medellín,Monteverde - Turbo,CO900450764,Monteverde Laureles - Turbo Calle 32F,Laureles,1.76,3000,3000
11/5/2026,Medellín,Cinnabon - Turbo,CO900396466,Cinnabon Laureles - Turbo,Laureles,1.76,3000,3000
11/5/2026,Bogotá,Foodology Court - Turbo,CO900471304,Foodology Kennedy - Turbo,Kennedy,1.75,2400,2400
11/5/2026,Bogotá,Burritos & Co - Turbo,CO900420642,Burritos And Co - Kennedy - Turbo,Kennedy,1.74,2400,2400
11/5/2026,Bogotá,Mañanero Diario - Turbo,CO900475200,Mañanero Andes - Turbo,Andes,1.74,3000,3000
11/5/2026,Bucaramanga,Acpm Corrientazo - Turbo,CO900467507,Acpm Corrientazo Bucaramanga - Turbo,Cabecera (Bga),1.74,3000,3000
11/5/2026,Cali,Dembow - Turbo,CO900473655,Dembow - San Fernando - Turbo,San Fernando,1.72,2400,2400
11/5/2026,Bogotá,Burritos & Co - Turbo,CO900410574,Burritos And Co - Calle 174 - Turbo,Otra,1.69,2400,2400
11/5/2026,Bogotá,Alba Vegetarian - Turbo,CO900475221,Alba Vegetarian - Andes - Turbo,Andes,1.67,2400,2400
11/5/2026,Bogotá,Alba Vegetarian - Turbo,CO900443009,Alba Vegetarian - Chapinero - Turbo,Chapinero,1.65,2400,2400
11/5/2026,Bogotá,Burritos & Co - Turbo,CO900410575,Burritos & Co Usaquen - Turbo,Usaquén,1.64,3000,3000
11/5/2026,Cartagena,Acpm Corrientazo - Turbo,CO900479517,Acpm Corrientazo Cartagena - Turbo,Cartagena,1.64,2400,2400
11/5/2026,Bogotá,Selvatiko. - Turbo,CO900475122,Selvatiko. Usaquén - Turbo,Usaquén,1.59,2400,2400
11/5/2026,Bogotá,Burrito Cantina - Turbo,CO900470961,Burrito Cantina Andes - Turbo,Andes,1.56,2400,2400
11/5/2026,Cali,Acpm Corrientazo - Turbo,CO900467504,Acpm Corrientazo San Fernando - Turbo,San Fernando,1.55,2400,3000
11/5/2026,Bogotá,Frost By Oreo - Turbo,CO900400262,Frost By Oreo Castellana - Turbo,Parque 93 / Castellana,1.54,2400,2400
11/5/2026,Bogotá,Dembow - Turbo,CO900473645,Dembow - Chapinero - Turbo,Chapinero,1.53,2400,2400
11/5/2026,Cali,Bottaniko - Turbo,CO900443509,Bottaniko Santa Monica - Cali - Turbo,Santa Mónica,1.51,3000,3000
11/5/2026,Medellín,Selvatiko. - Turbo,CO900475123,Selvatiko. Laureles - Turbo,Laureles,1.48,3000,3000
11/5/2026,Bogotá,Honest Food Fdl - Turbo,CO900472136,Honest Food Usaquen - Turbo,Usaquén,1.47,2400,2400
11/5/2026,Bogotá,Avocalia Turbo,CO900420304,Avocalia - Kennedy - Turbo,Kennedy,1.45,2400,2400
11/5/2026,Bogotá,Avocalia Turbo,CO900473671,Avocalia Andes Mp - Turbo,Andes,1.45,2400,2400
11/5/2026,Bogotá,Almuerzos D´la Casa - Turbo,CO900471210,Almuerzos D´la Casa - Chapinero - Turbo,Chapinero,1.43,2400,2400
11/5/2026,Medellín,Señor Burrito. - Turbo,CO900467427,Señor Burrito Manila - Turbo,Manila,1.42,2400,3000
11/5/2026,Medellín,Pret Sandwich Bistro - Turbo,CO900416173,Pret Sándwich Bistro Laureles - Turbo Calle,Laureles,1.41,3000,3000
11/5/2026,Cali,Almuerzos D´la Casa - Turbo,CO900471211,Almuerzos D´la Casa - San Fernando - Turbo,San Fernando,1.38,3000,3000
11/5/2026,Medellín,Brunch & Munch - Turbo,CO900405254,Brunch & Munch Manila - Medellin - Turbo,Manila,1.38,3000,3000
11/5/2026,Bogotá,Alba Vegetarian - Turbo,CO900476064,Alba Vegetarian Villa Del Prado - Turbo,Villa del Prado,1.35,2400,2400
11/5/2026,Bogotá,la Cuadra Desayunos Caseros - Turbo,CO900467499,La Cuadra Desayunos Caceros - Villa del Prado - Turbo,Villa del Prado,1.35,2400,2400
11/5/2026,Bogotá,Avocalia Turbo,CO900401243,Avocalia Usaquén - Turbo,Usaquén,1.35,3000,3000
11/5/2026,Cartagena,La Cuadra - Turbo,CO900481970,La Cuadra - Cartagena - Turbo,Cartagena,1.35,2400,2400
11/5/2026,Bogotá,Almuerzos D´la Casa - Turbo,CO900464931,Almuerzos D´la Casa - Usaquen - Turbo,Usaquén,1.33,2400,2400
11/5/2026,Medellín,The Breakfast Club - Turbo,CO900475283,The Breakfast Club Manila - Turbo,Manila,1.33,3000,3000
11/5/2026,Medellín,Vicio - Turbo,CO900405130,Vicio Manila - Turbo,Manila,1.32,3000,3000
11/5/2026,Bucaramanga,Alba Vegetarian - Turbo,CO900443010,Alba Vegetarian - Cabecera - Turbo,Cabecera (Bga),1.29,3000,3000
11/5/2026,Cartagena,Monteverde - Turbo,CO900482005,Monteverde Cartagena - Turbo,Cartagena,1.29,2400,2400
11/5/2026,Bogotá,Cacerola - Turbo,CO900473675,Cacerola - Andes - Turbo,Andes,1.28,2400,2400
11/5/2026,Bogotá,Burritos & Co - Turbo,CO900426540,Burritos & Co Andes - Turbo,Andes,1.26,3000,3000
11/5/2026,Bogotá,Frost By Oreo - Turbo,CO900475372,Frost By Oreo Cl 109 - Turbo,Calle 109,1.25,3000,3000
11/5/2026,Medellín,Honest Food Fdl - Turbo,CO900472143,Honest Food Manila - Turbo,Manila,1.25,3000,3000
11/5/2026,Bogotá,Cinnabon - Turbo,CO900416553,Cinnabon Villa Del Prado - Turbo,Villa del Prado,1.24,3000,3000
11/5/2026,Medellín,La Cuadra - Turbo,CO900416201,La Cuadra Manila - Medellin - Turbo,Manila,1.24,2400,2400
11/5/2026,Cartagena,House Of Salads - Turbo,CO900481978,House Of Salads Cartagena - Turbo,Cartagena,1.22,2400,2400
11/5/2026,Cartagena,Avocalia Turbo,CO900480008,Avocalia - Cartagena - Turbo,Cartagena,1.19,2400,2400
11/5/2026,Medellín,Acpm Corrientazo - Turbo,CO900467512,Acpm Corrientazo Manila - Turbo,Manila,1.19,3000,3000
11/5/2026,Medellín,House Of Salads - Turbo,CO900445683,House Of Salad Manila - Turbo,Manila,1.19,3000,3000
11/5/2026,Bogotá,Frost By Oreo - Turbo,CO900420276,Frost by Oreo Colina - Turbo,Colina,1.18,3000,3000
11/5/2026,Bogotá,Acpm Corrientazo - Turbo,CO900467513,Acpm Corrientazo Colina - Turbo,Colina,1.18,2400,2400
11/5/2026,Bucaramanga,Almuerzos D´la Casa - Turbo,CO900471204,Almuerzos D´la Casa - Cabecera - Turbo,Cabecera (Bga),1.18,3000,3000
11/5/2026,Medellín,Señor Burrito. - Turbo,CO900467423,Señor Burrito Laureles - Turbo,Laureles,1.18,3000,3000
11/5/2026,Bogotá,La Cuadra - Turbo,CO900426536,La Cuadra - Andes - Turbo,Andes,1.17,3000,3000
11/5/2026,Bogotá,Monteverde - Turbo,CO900450766,Monteverde Usaquen - Turbo,Usaquén,1.15,3000,3000
11/5/2026,Bogotá,Pret Sandwich Bistro - Turbo,CO900473670,Pret Sandwich Bistro Andes - Turbo,Andes,1.15,3000,3000
11/5/2026,Bogotá,Doritos Locos By Dorito - Turbo,CO900472107,Doritos Locos By Dorito Calle 93 - Turbo,Parque 93 / Castellana,1.13,2400,2400
11/5/2026,Medellín,Monteverde - Turbo,CO900450776,Monteverde Manila - Turbo,Manila,1.13,2400,2400
11/5/2026,Bogotá,Vicio - Turbo,CO900405129,Vicio Villa Del Prado - Turbo,Villa del Prado,0.98,3000,3000
11/5/2026,Bogotá,Foodology Court - Turbo,CO900465154,Foodology Villa Del Prado - Turbo Cra. 55 #172-27,Villa del Prado,0.97,2400,2400
11/5/2026,Bogotá,Helados San Jerónimo - Turbo,CO900420290,San Jeronomio - Colina - Turbo,Colina,0.96,3000,3000
11/5/2026,Cartagena,Foodology Court - Turbo,CO900481814,Foodology Cartagena - Turbo,Cartagena,0.96,2400,2400
11/5/2026,Cali,Frost By Oreo - Turbo,CO900407399,Frost By Oreo Santa Mónica (Cali Norte) - Turbo,Santa Mónica,0.95,3000,3000
11/5/2026,Bogotá,Selvatiko. - Turbo,CO900475116,Selvatiko. Chapinero - Turbo,Chapinero,0.94,2400,2400
11/5/2026,Medellín,Foodology Court - Turbo,CO900465147,Foodology Manila - Turbo Cra. 42 #10-65,Manila,0.94,3000,2400
11/5/2026,Barranquilla,Acpm Corrientazo - Turbo,CO900467508,Acpm Corrientazo Barranquilla Norte - Turbo,Barranquilla,0.93,3000,3000
11/5/2026,Bogotá,Helados San Jerónimo - Turbo,CO900414572,Heladería San Jerónimo Villa Del Prado - Turbo,Villa del Prado,0.91,3000,3000
11/5/2026,Medellín,Selvatiko. - Turbo,CO900475117,Selvatiko. Manila - Turbo,Manila,0.88,3000,3000
11/5/2026,Bogotá,Acpm Corrientazo - Turbo,CO900467506,Acpm Corrientazo Usaquén - Turbo,Usaquén,0.85,3000,3000
11/5/2026,Cartagena,Burritos & Co - Turbo,CO900481037,Burritos & Co - Cartagena - Turbo,Cartagena,0.81,2400,2400
11/5/2026,Medellín,Alba Vegetarian - Turbo,CO900443014,Alba Vegetarian - Manila - Turbo,Manila,0.81,3000,3000
11/5/2026,Bogotá,Acpm Corrientazo - Turbo,CO900470916,Acpm Corrientazo Andes - Turbo,Andes,0.78,3000,3000
11/5/2026,Bogotá,Frost By Oreo - Turbo,CO900409684,Frost By Oreo Chapinero - Turbo,Chapinero,0.77,3000,3000
11/5/2026,Cartagena,Helados San Jerónimo - Turbo,CO900481999,Heladería San Jerónimo Cartagena - Turbo,Cartagena,0.77,2400,3000
11/5/2026,Medellín,Mañanero Diario - Turbo,CO900443495,Mañanero diario Manila - Turbo,Manila,0.77,3000,3000
11/5/2026,Bucaramanga,Frost By Oreo - Turbo,CO900426531,Frost by Oreo Bucaramanga - Turbo,Cabecera (Bga),0.76,3000,3000
11/5/2026,Bogotá,Doritos Locos By Dorito - Turbo,CO900472102,Doritos Locos By Dorito Usaquen - Turbo,Usaquén,0.75,2400,3000
11/5/2026,Bogotá,Mañanero Diario - Turbo,CO900475199,Mañanero Kennedy - Turbo,Kennedy,0.75,2400,2400
11/5/2026,Cartagena,Almuerzos D´la Casa - Turbo,CO900479595,Almuerzos D´la Casa - Cartagena - Turbo,Cartagena,0.72,2400,2400
11/5/2026,Cali,Frost By Oreo - Turbo,CO900405217,Frost By Oreo San Fernando - Turbo,San Fernando,0.71,3000,3000
11/5/2026,Bogotá,Pret Sandwich Bistro - Turbo,CO900473669,Pret Sandwich Bistro Kennedy - Turbo,Kennedy,0.7,2400,2400
11/5/2026,Bogotá,Vicio - Turbo,CO900420288,Vicio Kennedy - Turbo,Kennedy,0.7,3000,3000
11/5/2026,Barranquilla,Vicio - Turbo,CO900410120,Vicio Barranquilla Norte - Turbo,Barranquilla,0.69,3000,3000
11/5/2026,Medellín,Acpm Corrientazo - Turbo,CO900467505,Acpm Corrientazo Laureles - Turbo,Laureles,0.69,3000,2400
11/5/2026,Bogotá,Alba Vegetarian - Turbo,CO900443012,Alba Vegetarian - Usaquen - Turbo,Usaquén,0.68,3000,2400
11/5/2026,Bogotá,Doritos Locos By Dorito - Turbo,CO900473563,Doritos Locos By Dorito Andes - Turbo,Andes,0.66,2400,3000
11/5/2026,Medellín,Bottaniko - Turbo,CO900443512,Bottaniko Manila - Medellin - Turbo,Manila,0.66,3000,3000
11/5/2026,Cali,Helados San Jerónimo - Turbo,CO900405136,Heladería San Jerónimo San Fernando - Turbo,San Fernando,0.65,3000,3000
11/5/2026,Barranquilla,Almuerzos D´la Casa - Turbo,CO900471203,Almuerzos D´la Casa - Barranquilla Norte - Turbo,Barranquilla,0.64,3000,3000
11/5/2026,Bogotá,Alba Vegetarian - Turbo,CO900473540,Alba Vegetarian - Kennedy Calle 26 Sur #72c 258 - Turbo,Kennedy,0.64,2400,2400
11/5/2026,Barranquilla,la Cuadra Desayunos Caseros - Turbo,CO900467494,La Cuadra Desayunos Caseros Barranquilla Norte - Turbo,Barranquilla,0.63,2400,2400
11/5/2026,Cartagena,Señor Burrito. - Turbo,CO900482004,Señor Burrito Cartagena - Turbo,Cartagena,0.63,2400,2400
11/5/2026,Bucaramanga,Helados San Jerónimo - Turbo,CO900426594,Heladería San Jerónimo Bucaramanga - Turbo,Cabecera (Bga),0.61,3000,3000
11/5/2026,Bogotá,House Of Salads - Turbo,CO900476071,House Of Salads Kennedy - Turbo,Kennedy,0.6,2400,2400
11/5/2026,Bogotá,Vicio - Turbo,CO900426529,Vicio Andes - Turbo,Andes,0.6,3000,3000
11/5/2026,Bogotá,Bottaniko - Turbo,CO900475790,Bottaniko - Kennedy - Turbo,Kennedy,0.59,3000,3000
11/5/2026,Medellín,Helados San Jerónimo - Turbo,CO900405135,Heladería San Jerónimo Laureles - Turbo,Laureles,0.59,3000,3000
11/5/2026,Medellín,Vicio - Turbo,CO900396759,Vicio Laureles - Turbo,Laureles,0.59,3000,3000
11/5/2026,Bogotá,Vicio - Turbo,CO900409686,Vicio Chapinero - Turbo,Chapinero,0.57,2400,2400
11/5/2026,Bogotá,Burrito Cantina - Turbo,CO900467379,Burrito Cantina Villa del Prado - Turbo,Villa del Prado,0.55,3000,3000
11/5/2026,Bogotá,Helados San Jerónimo - Turbo,CO900409698,Heladería San Jerónimo Chapinero - Turbo,Chapinero,0.54,3000,3000
11/5/2026,Cali,Vicio - Turbo,CO900405131,Vicio San Fernando - Turbo,San Fernando,0.54,2400,2400
11/5/2026,Bogotá,Mañanero Diario - Turbo,CO900443496,Mañanero Diario Usaquén - Turbo,Usaquén,0.53,2400,2400
11/5/2026,Barranquilla,Frost By Oreo - Turbo,CO900410135,Frost By Oreo Barranquilla Norte - Turbo,Barranquilla,0.52,3000,3000
11/5/2026,Bogotá,Señor Burrito. - Turbo,CO900467421,Señor Burrito - Villa del Prado - Turbo,Villa del Prado,0.52,2400,2400
11/5/2026,Barranquilla,Helados San Jerónimo - Turbo,CO900410462,Heladería San Jerónimo Barranquilla Norte - Turbo,Barranquilla,0.49,3000,3000
11/5/2026,Bogotá,Frost By Oreo - Turbo,CO900400261,Frost By Oreo Usaquén - Turbo,Usaquén,0.49,3000,3000
11/5/2026,Bogotá,Helados San Jerónimo - Turbo,CO900400750,Heladería San Jerónimo Castellana - Turbo Calle 93  247,Parque 93 / Castellana,0.49,3000,3000
11/5/2026,Bogotá,la Cuadra Desayunos Caseros - Turbo,CO900467497,La Cuadra Desayunos Caseros 93 - Turbo,Parque 93 / Castellana,0.48,3000,3000
11/5/2026,Cali,Pret Sandwich Bistro - Turbo,CO900416171,Pret Sandwich Bistro San Fernando - Turbo,San Fernando,0.47,2400,2400
11/5/2026,Bogotá,Helados San Jerónimo - Turbo,CO900420291,Heladería San Jerónimo Kennedy - Turbo,Kennedy,0.46,3000,3000
11/5/2026,Bogotá,Frost By Oreo - Turbo,CO900426530,Frost by Oreo Andes - Turbo,Andes,0.45,3000,3000
11/5/2026,Medellín,Frost By Oreo - Turbo,CO900396768,Frost By Oreo Laureles - Turbo,Laureles,0.4,3000,3000
11/5/2026,Bogotá,Helados San Jerónimo - Turbo,CO900426595,Heladería San Jerónimo Andes - Turbo,Andes,0.36,3000,3000
11/5/2026,Bogotá,Frost By Oreo - Turbo,CO900405219,Frost By Oreo Villa Del Prado - Turbo,Villa del Prado,0.35,3000,3000
11/5/2026,Bogotá,Helados San Jerónimo - Turbo,CO900400749,San Jeronimo - Usaquén - Turbo,Usaquén,0.35,3000,3000
11/5/2026,Bogotá,Mañanero Diario - Turbo,CO900443502,Mañanero diario Villa del Prado - Turbo,Villa del Prado,0.34,3000,2400
11/5/2026,Bogotá,Vicio - Turbo,CO900400179,Vicio Usaquén - Turbo,Usaquén,0.33,3000,3000
11/5/2026,Bogotá,Frost By Oreo - Turbo,CO900420277,Frost By Oreo Kennedy - Turbo,Kennedy,0.3,2400,2400
11/5/2026,Medellín,Helados San Jerónimo - Turbo,CO900405137,Heladería San Jerónimo Manila - Turbo,Manila,0.29,3000,3000
11/5/2026,Bogotá,Burrito Cantina - Turbo,CO900470960,Burrito Cantina Kennedy - Turbo,Kennedy,0.28,2400,3000
11/5/2026,Cartagena,la Cuadra Desayunos Caseros - Turbo,CO900481966,La Cuadra Desayunos Caseros Cartagena - Turbo,Cartagena,0.24,2400,2400
11/5/2026,Cali,Mañanero Diario - Turbo,CO900443493,Mañanero diario San Fernando - Turbo,San Fernando,0.21,2400,2400
11/5/2026,Medellín,Frost By Oreo - Turbo,CO900405218,Frost By Oreo Manila - Turbo,Manila,0.21,3000,3000
11/5/2026,Bogotá,Pret Sandwich Bistro - Turbo,CO900416549,Pret Sandwich Bistro 93 - Turbo,Parque 93 / Castellana,0.2,2400,3000
11/5/2026,Bogotá,Cacerola - Turbo,CO900416212,Cacerola Chapinero - Turbo,Chapinero,2.12,2400,2400
11/5/2026,Cartagena,Selvatiko. - Turbo,CO900482001,Selvatiko. Cartagena - Turbo,Cartagena,2.12,2400,2400
11/5/2026,Medellín,Cacerola - Turbo,CO900416211,Cacerola Laureles - Turbo,Laureles,2.12,3000,3000
11/5/2026,Bogotá,Pret Sandwich Bistro - Turbo,CO900416172,Pret Sandwich Bistro Chapinero - Turbo,Chapinero,3.11,2400,2400
11/5/2026,Bogotá,Señor Burrito. - Turbo,CO900464393,Señor Burrito 109 - Turbo,Calle 109,2.11,3000,3000
11/5/2026,Bogotá,Bottaniko - Turbo,CO900443507,Bottaniko Chapinero - Turbo,Chapinero,2.11,2400,2400
11/5/2026,Bogotá,Desayuno Mi Tierrita - Turbo,CO900465163,Desayuno Mi Tierrita Chapinero - Turbo,Chapinero,10.09,2400,1000
11/5/2026,Cartagena,Bottaniko - Turbo,CO900480013,Bottaniko - Cartagena - Turbo,Cartagena,6.9,2400,2400
11/5/2026,Bogotá,Desayunos de la Abuela - Turbo,CO900463744,Desayunos de la Abuela Cl 109 - Turbo,Calle 109,5.09,2400,2400
11/5/2026,Bogotá,Monteverde - Turbo,CO900476065,Monteverde Kennedy - Turbo,Kennedy,2.09,2400,2400
11/5/2026,Medellín,Burrito Cantina - Turbo,CO900467377,Burrito Cantina Manila - Turbo,Manila,2.09,3000,3000
11/5/2026,Bogotá,Monteverde - Turbo,CO900450779,Monteverde Chapinero - Turbo,Chapinero,1.9,2400,2400
11/5/2026,Medellín,Sanduches el Jefe - Turbo,CO900419500,Sandwich El Jefe Laureles - Turbo,Laureles,1.9,3000,3000
11/5/2026,Bogotá,Alba Vegetarian - Turbo,CO900443013,Alba Vegetarian - Colina - Turbo Carrera 53  264,Colina,3.08,2400,2400
11/5/2026,Bogotá,Green House Fd - Turbo,CO900438446,Green House Kennedy - Turbo,Kennedy,2.08,2400,2400
11/5/2026,Bogotá,Cacerola - Turbo,CO900416208,Cacerola - Villa del Prado  - Turbo,Villa del Prado,1.8,2400,2400
11/5/2026,Bogotá,Honest Food Fdl - Turbo,CO900475459,Honest Food Andes - Turbo,Andes,1.8,2400,2400
11/5/2026,Bucaramanga,Bottaniko - Turbo,CO900443514,Bottaniko - Bucaramanga - Turbo,Cabecera (Bga),1.08,3000,3000
11/5/2026,Medellín,La Cuadra - Turbo,CO900416193,La Cuadra - Laureles - Turbo,Laureles,1.8,3000,3000
11/5/2026,Medellín,Foodology Court - Turbo,CO900465144,Foodology Laureles - Turbo Calle 32f #66b-254,Laureles,1.08,3000,3000
11/5/2026,Bogotá,Mañanero Diario - Turbo,CO900443500,Mañanero diario Chapinero - Turbo,Chapinero,3.07,2400,2400
11/5/2026,Bogotá,Bottaniko - Turbo,CO900443511,Bottaniko - Villa del Prado - Turbo,Villa del Prado,2.07,2400,2400
11/5/2026,Bogotá,La Cuadra - Turbo,CO900416194,La Cuadra - Usaquén - Turbo,Usaquén,2.07,3000,3000
11/5/2026,Bogotá,La Cuadra - Turbo,CO900420509,La Cuadra - Kennedy - Turbo,Kennedy,1.7,2400,2400
11/5/2026,Cali,Mañanero Diario - Turbo,CO900443498,Mañanero Diario Santa Mónica (Cali Norte) - Turbo,Santa Mónica,1.7,2400,2400
11/5/2026,Medellín,Almuerzos D´la Casa - Turbo,CO900471213,Almuerzos D´la Casa - Manila - Turbo,Manila,1.07,2400,2400
11/5/2026,Medellín,Pret Sandwich Bistro - Turbo,CO900416174,Pret Sándwich Bistro Manila - Turbo,Manila,1.07,3000,3000
11/5/2026,Cali,Cacerola - Turbo,CO900416207,Cacerola Santa Monica - Cali - Turbo,Santa Mónica,8.06,2400,2400
11/5/2026,Bogotá,Desayunos de la Abuela - Turbo,CO900446310,Desayunos de la Abuela Colina - Turbo,Colina,7.06,2400,1000
11/5/2026,Cali,Monteverde - Turbo,CO900450778,Monteverde Santa Monica - Turbo,Santa Mónica,3.6,2400,2400
11/5/2026,Bogotá,House Of Salads - Turbo,CO900476070,House Of Salads Andes - Turbo,Andes,2.06,2400,2400
11/5/2026,Bogotá,Burrito Cantina - Turbo,CO900467387,Burrito Cantina Castellana - Turbo,Parque 93 / Castellana,2.06,2400,2400
11/5/2026,Bogotá,La Cuadra - Turbo,CO900420510,La Cuadra - Colina - Turbo,Colina,6.5,2400,1000
11/5/2026,Cali,Selvatiko. - Turbo,CO900475120,Selvatiko. San Fernando - Turbo,San Fernando,6.5,2400,2400
11/5/2026,Bogotá,Desayuno Mi Tierrita - Turbo,CO900470918,Desayuno Mi Tierrita Andes - Turbo,Andes,3.05,2400,2400
11/5/2026,Bogotá,Señor Burrito. - Turbo,CO900471311,Señor Burrito Andes - Turbo,Andes,2.05,2400,2400
11/5/2026,Cali,Bottaniko - Turbo,CO900443505,Bottaniko Cali - San Fernando - Turbo,San Fernando,2.5,2400,2400
11/5/2026,Bogotá,Pret Sandwich Bistro - Turbo,CO900416175,Pret Sándwich Bistro Usaquen - Turbo,Usaquén,1.5,3000,3000
11/5/2026,Bogotá,Almuerzos D´la Casa - Turbo,CO900473543,Almuerzos D´la Casa - Andes - Turbo,Andes,1.5,3000,3000
11/5/2026,Bogotá,Doritos Locos By Dorito - Turbo,CO900472112,Doritos Locos By Dorito Chapinero - Turbo,Chapinero,1.5,2400,2400
11/5/2026,Cartagena,Green House Fd - Turbo,CO900481820,Green House Cartagena - Turbo,Cartagena,1.5,2400,2400
11/5/2026,Medellín,la Cuadra Desayunos Caseros - Turbo,CO900467500,La Cuadra Desayunos Caseros Manila - Turbo,Manila,1.05,3000,3000
11/5/2026,Bogotá,Desayuno Mi Tierrita - Turbo,CO900465162,Desayunos Mi Tierrita - Villa del prado - Turbo,Villa del Prado,5.4,2400,2400
11/5/2026,Cali,Dembow - Turbo,CO900473646,Dembow - Santa Mónica - Turbo,Santa Mónica,5.4,2400,2400
11/5/2026,Bogotá,Mr Beast Burger - Turbo,CO900405271,Mr Beast Villa Del Prado - Turbo,Villa del Prado,3.4,2400,2400
11/5/2026,Cali,Foodology Court - Turbo,CO900465149,Foodology San Fernando - Turbo Carrera 38 #5e-9,San Fernando,3.4,2400,2400
11/5/2026,Medellín,Ñamgucheria Sandwiches - Turbo,CO900439222,Ñamguchería Laureles - Turbo,Laureles,2.04,3000,3000
11/5/2026,Bogotá,Cinnabon - Turbo,CO900402238,Cinnabon Usaquén - Turbo,Usaquén,1.4,3000,3000
11/5/2026,Bogotá,Vicio - Turbo,CO900420289,Vicio Colina - Turbo,Colina,1.04,3000,2400
11/5/2026,Cartagena,Honest Food Fdl - Turbo,CO900481826,Honest Food Cartagena - Turbo,Cartagena,1.04,2400,2400
11/5/2026,Medellín,Burrito Cantina - Turbo,CO900467385,Burrito Cantina Laureles - Turbo,Laureles,1.04,3000,3000
11/5/2026,Barranquilla,Cacerola - Turbo,CO900416210,Cacerola Barranquilla - Turbo,Barranquilla,3.03,2400,3000
11/5/2026,Bogotá,Pret Sandwich Bistro - Turbo,CO900470306,Pret Sandwich Bistro Chico - Turbo,Chicó,3.03,3000,2400
11/5/2026,Bogotá,Honest Food Fdl - Turbo,CO900472138,Honest Food Calle 93 - Turbo,Parque 93 / Castellana,3.3,2400,2400
11/5/2026,Bogotá,Brunch & Munch - Turbo,CO900409674,Brunch & Munch Usaquen - Turbo,Usaquén,2.2,2400,3000
11/5/2026,Medellín,Sanduches el Jefe - Turbo,CO900419507,Sandwich El Jefe Manila - Turbo,Manila,2.02,3000,3000
11/5/2026,Bogotá,Almuerzos D´la Casa - Turbo,CO900475129,Almuerzos D` La Casa - Kennedy - Turbo,Kennedy,1.02,2400,2400
11/5/2026,Medellín,Burritos & Co - Turbo,CO900410576,Burritos & Co Manila - Medellin - Turbo,Manila,1.2,2400,2400
11/5/2026,Bogotá,Ñamgucheria Sandwiches - Turbo,CO900440314,Ñamgucheria Chicó - Turbo,Chicó,7.01,2400,1000
11/5/2026,Bogotá,Brunch & Munch - Turbo,CO900410119,Brunch & Munch Villa del Prado  - Turbo,Villa del Prado,5.1,2400,2400
11/5/2026,Bogotá,Monteverde - Turbo,CO900450767,Monteverde Colina - Turbo,Colina,4.1,2400,2400
11/5/2026,Cali,Pret Sandwich Bistro - Turbo,CO900416178,Pret Sándwich Bistro Santa Monica - Turbo,Santa Mónica,4.01,3000,3000
11/5/2026,Bogotá,Desayunos de la Abuela - Turbo,CO900446318,Desayunos de la Abuela Villa Del Prado - Turbo,Villa del Prado,3.01,2400,2400
11/5/2026,Bogotá,The Breakfast Club - Turbo,CO900475212,The Breakfast Club Andes - Turbo,Andes,2.01,2400,2400
11/5/2026,Bogotá,Burritos & Co - Turbo,CO900410665,Burritos And Co Chapinero - Turbo,Chapinero,2.1,2400,2400
11/5/2026,Bogotá,Vicio - Turbo,CO900489022,Vicio Arrecife - Turbo,Arrecife,1.23,3000,3000
11/5/2026,Cartagena,Vicio - Turbo,CO900482006,Vicio Cartagena - Turbo,Cartagena,1.01,3000,3000
11/5/2026,Medellín,Avocalia Turbo,CO900405545,Avocalia - Manila - Turbo,Manila,1.1,3000,3000
11/5/2026,Medellín,Cinnabon - Turbo,CO900405125,Cinnabon Manila - Turbo,Manila,1.1,3000,3000
11/5/2026,Bogotá,House Of Salads - Turbo,CO900445682,House Of Salad Chico - Turbo,Chicó,4.0,2400,2400
11/5/2026,Bogotá,Dembow - Turbo,CO900473650,Dembow - Andes - Turbo,Andes,4.0,2400,2400
11/5/2026,Bogotá,Desayuno Mi Tierrita - Turbo,CO900465161,Desayuno Mi Tierrita - 93 - Turbo,Parque 93 / Castellana,0.0,2400,3000
11/5/2026,Barrancabermeja,Frost By Oreo - Turbo,CO900428417,Frost by Oreo Bucaramanga - Turbo. CHURNEADO,Cabecera (Bga),,1000,1000
11/5/2026,Barranquilla,Green House Fd - Turbo,CO900438451,Green House Barranquilla - Turbo,Barranquilla,,1000,1000
11/5/2026,Barranquilla,Local Cocina Consciente - Turbo,CO900477106,Local - Cocina Consciente Barranquilla - Turbo,Barranquilla,,2400,2400
11/5/2026,Barranquilla,Doritos Locos By Dorito - Turbo,CO900472105,Doritos Locos By Dorito Barranquilla - Turbo,Barranquilla,,2400,2400
11/5/2026,Barranquilla,Avocalia Turbo,CO900405547,Avocalia Barranquilla - Turbo,Barranquilla,,1000,1000
11/5/2026,Barranquilla,Ihop - Turbo,CO900420705,Ihop Barranquilla Norte - Turbo,Barranquilla,,2400,2400
11/5/2026,Barranquilla,The Crunch Pizza - Turbo,CO900416204,The Crunch Barranquilla Turbo,Barranquilla,,2400,2400
11/5/2026,Barranquilla,Numa Cocina Mediterranea - Turbo,CO900463755,Cocina Mediterranea Barranquilla - Turbo,Barranquilla,,2400,2400
11/5/2026,Barranquilla,Get Smashed Burgers - Turbo,CO900416438,Get Smash Barranquilla Nte - Turbo,Barranquilla,,2400,2400
11/5/2026,Barranquilla,la Panquequeria - Turbo,CO900482236,La Panquequería Barranquilla Norte - Turbo,Barranquilla,,2400,2400
11/5/2026,Bogotá,Burrito Cantina - Turbo,CO900467515,Burrito Cantina Cl 109 - Turbo Cl. 109 #15-28,Calle 109,,2400,2400
11/5/2026,Bogotá,La Cuadra - Turbo,CO900464605,La Cuadra Cl 109 - Turbo,Calle 109,,1000,1000
11/5/2026,Bogotá,Mañanero Diario - Turbo,CO900475202,Mañanero Diario Cl 109 - Turbo,Calle 109,,2400,2400
11/5/2026,Bogotá,Que Chicken By Robegrill - Turbo,CO900463820,Que Chicken Cl 109 - Turbo,Calle 109,,2400,2400
11/5/2026,Bogotá,Green House Fd - Turbo,CO900463819,Green House Cl 109 - Turbo,Calle 109,,1000,1000
11/5/2026,Bogotá,The Breakfast Club - Turbo,CO900463743,The Breakfast Club Cl 109 - Turbo,Calle 109,,1000,1000
11/5/2026,Bogotá,Cacerola - Turbo,CO900464389,Cacerola Cl 109 - Turbo,Calle 109,,1000,1000
11/5/2026,Bogotá,Local Cocina Consciente - Turbo,CO900477101,Local Cocina Consciente Cl 109 - Turbo,Calle 109,,2400,2400
11/5/2026,Bogotá,Helados San Jerónimo - Turbo,CO900464391,Helados San Jerónimo Cl 109 - Turbo,Calle 109,,2400,2400
11/5/2026,Bogotá,Doritos Locos By Dorito - Turbo,CO900472111,Doritos Locos By Dorito Cl 109 - Turbo,Calle 109,,2400,2400
11/5/2026,Bogotá,Numa Cocina Mediterranea - Turbo,CO900463768,Numa Cocina Consciente Cl 109 - Turbo,Calle 109,,2400,2400
11/5/2026,Bogotá,Ñamgucheria Sandwiches - Turbo,CO900463788,Ñamgucheria Cl 109 - Turbo,Calle 109,,1000,1000
11/5/2026,Bogotá,Ihop - Turbo,CO900463765,Ihop® - Cl 109 - Turbo,Calle 109,,2400,2400
11/5/2026,Bogotá,Ñamgucheria Sandwiches - Turbo,CO900439230,Ñamguchería Villa del Prado - Turbo,Villa del Prado,,1000,1000
11/5/2026,Bogotá,Ihop - Turbo,CO900420703,Ihop Villa del prado - Turbo,Villa del Prado,,2400,2400
11/5/2026,Bogotá,Doritos Locos By Dorito - Turbo,CO900472110,Doritos Locos By Dorito Villa Del Prado - Turbo,Villa del Prado,,2400,2400
11/5/2026,Bogotá,Bottaniko - Turbo,CO900443510,Bottaniko Usaquen - Turbo,Usaquén,,2400,2400
11/5/2026,Bogotá,Ihop - Turbo,CO900420702,Ihop Usaquén - Turbo,Usaquén,,2400,2400
11/5/2026,Bogotá,Local Cocina Consciente - Turbo,CO900477110,Local - Cocina Consciente Usaquen - Turbo,Usaquén,,3000,3000
11/5/2026,Bogotá,Desayuno Mi Tierrita - Turbo,CO900465158,Desayuno Mi Tierrita Usaquén - Turbo,Usaquén,,2400,2400
11/5/2026,Bogotá,Desayunos de la Abuela - Turbo,CO900446319,Desayunos de la Abuela Usaquen - Turbo,Usaquén,,2400,2400
11/5/2026,Bogotá,Frost By Oreo - Turbo,CO900488841,Frost By Oreo Arrecife - Turbo,Arrecife,1.22,3000,3000
11/5/2026,Bogotá,Burritos & Co - Turbo,CO900488278,Burritos & Co Arrecife - Turbo,Arrecife,1.1,3000,3000
11/5/2026,Bogotá,Acpm Corrientazo - Turbo,CO900488269,Acpm Corrientazo Arrecife - Turbo,Arrecife,1.07,3000,3000
11/5/2026,Bogotá,Honest Food Fdl - Turbo,CO900472140,Honest Food Chico - Turbo,Chicó,,2400,2400
11/5/2026,Bogotá,Helados San Jerónimo - Turbo,CO900415622,San Jerónimo Chicó - Turbo,Chicó,,2400,2400
11/5/2026,Bogotá,Doritos Locos By Dorito - Turbo,CO900472113,Doritos Locos By Dorito Chico - Turbo,Chicó,,2400,2400
11/5/2026,Bogotá,Burrito Cantina - Turbo,CO900475794,Burrito Cantina Chico - Turbo,Chicó,,2400,2400
11/5/2026,Bogotá,Foodology Court - Turbo,CO900476023,Foodology Chico - Turbo,Chicó,,3000,3000
11/5/2026,Bogotá,Monteverde - Turbo,CO900450762,Monteverde Chico - Turbo,Chicó,,2400,2400
11/5/2026,Bogotá,Vicio - Turbo,CO900415608,Vicio Chicó - Turbo,Chicó,,2400,2400
11/5/2026,Bogotá,Green House Fd - Turbo,CO900438441,Green House Chico - Turbo,Chicó,,2400,2400
11/5/2026,Bogotá,Local Cocina Consciente - Turbo,CO900477105,Local - Cocina Consciente Chico - Turbo,Chicó,,2400,2400
11/5/2026,Bogotá,Acpm Corrientazo - Turbo,CO900476074,Acpm Corrientazo Chico - Turbo,Chicó,,2400,2400
11/5/2026,Bogotá,Sanduches el Jefe - Turbo,CO900420512,Sandwich el Jefe Colina - Turbo,Colina,,1000,1000
11/5/2026,Bogotá,Brunch & Munch - Turbo,CO900420520,Brunch And Munch - Colina - Turbo,Colina,,1000,1000
11/5/2026,Bogotá,la Cuadra Desayunos Caseros - Turbo,CO900467498,La Cuadra Desayunos Caseros Colina - Turbo,Colina,,2400,2400
11/5/2026,Bogotá,Local Cocina Consciente - Turbo,CO900477102,Local - Cocina Consciente Colina - Turbo,Colina,,2400,2400
11/5/2026,Bogotá,Mr Beast Burger - Turbo,CO900420302,Mr Beast Colina - Turbo,Colina,,1000,1000
11/5/2026,Bogotá,Burrito Cantina - Turbo,CO900467378,Burrito Cantina Colina - Turbo,Colina,,2400,2400
11/5/2026,Bogotá,Ñamgucheria Sandwiches - Turbo,CO900439228,Ñamguchería Colina - Turbo,Colina,,1000,1000
11/5/2026,Bogotá,Green House Fd - Turbo,CO900438442,Green House Colina - Turbo,Colina,,1000,1000
11/5/2026,Bogotá,Doritos Locos By Dorito - Turbo,CO900472104,Doritos Locos By Dorito Colina - Turbo,Colina,,2400,2400
11/5/2026,Bogotá,Cinnabon - Turbo,CO900476079,Cinnabon Kennedy - Turbo,Kennedy,,2400,2400
11/5/2026,Bogotá,Local Cocina Consciente - Turbo,CO900477103,Local - Cocina Consciente Kennedy - Turbo,Kennedy,,2400,2400
11/5/2026,Bogotá,Desayuno Mi Tierrita - Turbo,CO900470919,Desayunos Mi Tierrita - Kennedy - Turbo,Kennedy,,2400,2400
11/5/2026,Bogotá,Cinnabon - Turbo,CO900475096,Cinnabon Andes - Turbo,Andes,,2400,2400
11/5/2026,Bogotá,Mr Beast Burger - Turbo,CO900409677,Mr Beast Castellana - Turbo,Parque 93 / Castellana,,1000,1000
11/5/2026,Bogotá,Cinnabon - Turbo,CO900402239,Cinnabon Castellana   - Turbo,Parque 93 / Castellana,,3000,3000
11/5/2026,Bogotá,Monteverde - Turbo,CO900449821,MonteVerde Calle 93 - Turbo,Parque 93 / Castellana,,1000,1000
11/5/2026,Bogotá,Brunch & Munch - Turbo,CO900409673,Brunch & Munch Castellana - Turbo,Parque 93 / Castellana,,1000,1000
11/5/2026,Bogotá,Mañanero Diario - Turbo,CO900443501,Mañanero diario Castellana - Turbo,Parque 93 / Castellana,,2400,2400
11/5/2026,Bogotá,Sanduches el Jefe - Turbo,CO900419503,Sandwich El Jefe Castellana - Turbo,Parque 93 / Castellana,,2400,2400
11/5/2026,Bogotá,Green House Fd - Turbo,CO900438449,Green House Parque 93 - Turbo,Parque 93 / Castellana,,1000,1000
11/5/2026,Bogotá,Bottaniko - Turbo,CO900443508,Bottaniko - Cll 93 - Turbo,Parque 93 / Castellana,,1000,1000
11/5/2026,Bogotá,Ñamgucheria Sandwiches - Turbo,CO900439229,Ñamguchería Castellana - Turbo,Parque 93 / Castellana,,1000,1000
11/5/2026,Bogotá,Cinnabon - Turbo,CO900476017,Cinnabon Calle 93 - Turbo,Parque 93 / Castellana,,2400,2400
11/5/2026,Bogotá,Avocalia Turbo,CO900401242,Avocalia - Castellana - Turbo,Parque 93 / Castellana,,1000,1000
11/5/2026,Bogotá,Ihop - Turbo,CO900420704,Ihop Chapinero- Turbo,Chapinero,,2400,2400
11/5/2026,Bogotá,Local Cocina Consciente - Turbo,CO900477104,Local - Cocina Consciente Chapinero - Turbo,Chapinero,,2400,2400
11/5/2026,Bogotá,Ñamgucheria Sandwiches - Turbo,CO900439225,Ñamguchería Chapinero - Turbo,Chapinero,,1000,1000
11/5/2026,Bogotá,Sanduches el Jefe - Turbo,CO900419502,Sandwich El Jefe Chapinero - Turbo,Chapinero,,1000,1000
11/5/2026,Bogotá,Bottaniko - Turbo,CO900477812,Bottaniko Plaza Claro - Turbo,Plaza Claro,,2400,2400
11/5/2026,Bogotá,Doritos Locos By Dorito - Turbo,CO900472103,Doritos Locos By Dorito Calle 93 - Turbo,Parque 93 / Castellana,,2400,2400
11/5/2026,Bogotá,Green House Fd - Turbo,CO900481564,Green House Engativa - Turbo,Engativá,,2400,2400
11/5/2026,Bogotá,Local Cocina Consciente - Turbo,CO900477108,Local - Cocina Consciente Engativa - Turbo,Engativá,,2400,2400
11/5/2026,Bogotá,Foodology Court - Turbo,CO900478306,Foodology Plaza Claro - Turbo,Plaza Claro,,2400,2400
11/5/2026,Bogotá,Panquequeria - Turbo,CO900463851,Panquequeria Cl 109 - Turbo,Calle 109,,2400,2400
11/5/2026,Bogotá,Brunch & Munch - Turbo,CO900477832,Brunch & Munch Plaza Claro - Turbo,Plaza Claro,,2400,2400
11/5/2026,Bogotá,Burger Lane - Turbo,CO900442990,Burger Lane Chapinero - Turbo,Chapinero,,2400,2400
11/5/2026,Bogotá,Get Smashed Burgers - Turbo,CO900476584,Get Smashed Burgers Cl 109 - Turbo,Calle 109,,2400,2400
11/5/2026,Bogotá,Burger Lane - Turbo,CO900442991,Burger Lane Villa del Prado - Turbo,Villa del Prado,,2400,2400
11/5/2026,Bogotá,Desayunos de la Abuela - Turbo,CO900478093,Desayunos de la Abuela Plaza Claro - Turbo,Plaza Claro,,2400,2400
11/5/2026,Bogotá,Green House Fd - Turbo,CO900481560,Green House Andes - Turbo,Andes,,2400,2400
11/5/2026,Bogotá,Avocalia Turbo,CO900477834,Avocalia Plaza Claro - Turbo,Plaza Claro,,2400,2400
11/5/2026,Bogotá,la Cuadra Desayunos Caseros - Turbo,CO900470914,la Cuadra Desayunos Chico - Turbo,Chicó,,2400,2400
11/5/2026,Bogotá,Burritos & Co - Turbo,CO900473555,Burritos & Co - Engativa - Turbo,Engativá,,2400,2400
11/5/2026,Bogotá,Get Smashed Burgers - Turbo,CO900442552,Get Smashed Burgers Colina - Turbo,Colina,,2400,2400
11/5/2026,Bogotá,Que Chicken By Robegrill - Turbo,CO900424251,Qué Chicken Usaquen - Turbo,Usaquén,,2400,2400
11/5/2026,Bogotá,Selvatiko. - Turbo,CO900479202,Selvatiko Plaza Claro - Turbo,Plaza Claro,,2400,2400
11/5/2026,Bogotá,Frost By Oreo - Turbo,CO900478308,Frost By Oreo Plaza Claro - Turbo,Plaza Claro,,2400,2400
11/5/2026,Bogotá,Honest Food Fdl - Turbo,CO900478461,Honest Food Plaza Claro - Turbo,Plaza Claro,,2400,2400
11/5/2026,Bogotá,la Panquequeria - Turbo,CO900482238,La Panquequería Chapinero - Turbo,Chapinero,,2400,2400
11/5/2026,Bogotá,Mr Beast Burger - Turbo,CO900476816,Mr Beast Engativá - Turbo,Engativá,,2400,2400
11/5/2026,Bogotá,The Crunch Pizza - Turbo,CO900416180,The Crunch Castellana - Turbo,Parque 93 / Castellana,,2400,2400
11/5/2026,Bogotá,Señor Burrito. - Turbo,CO900477635,Señor Burrito Chico - Turbo,Chicó,,2400,2400
11/5/2026,Bogotá,Get Smashed Burgers - Turbo,CO900416433,Get Smash Villa del Prado - Turbo,Villa del Prado,,2400,2400
11/5/2026,Bogotá,Ihop - Turbo,CO900426538,IHOP® Andes - Turbo,Andes,,2400,2400
11/5/2026,Bogotá,Cacerola - Turbo,CO900472658,Cacerola - Engativa - Turbo,Engativá,,2400,2400
11/5/2026,Bogotá,Alba Vegetarian - Turbo,CO900477811,Alba Vegetarian Plaza Claro - Turbo,Plaza Claro,,2400,2400
11/5/2026,Bogotá,la Cuadra Desayunos Caseros - Turbo,CO900478974,la Cuadra Desayunos Plaza Claro - Turbo,Plaza Claro,,2400,2400
11/5/2026,Bogotá,Cinnabon Foodology,CO900375567,Cinnabon Usaquén,Usaquén,,3000,3000
11/5/2026,Bogotá,Burger Lane - Turbo,CO900443000,Burger Lane Engativa - Turbo,Engativá,,2400,2400
11/5/2026,Bogotá,la Panquequeria - Turbo,CO900482243,La Panquequería Kennedy - Turbo,Kennedy,,2400,2400
11/5/2026,Bogotá,Numa Cocina Mediterranea - Turbo,CO900463763,Cocina Mediterranea Engativa - Turbo,Engativá,,2400,2400
11/5/2026,Bogotá,Alba Vegetarian - Turbo,CO900443007,Alba Vegetarian - Engativa - Turbo,Engativá,,2400,2400
11/5/2026,Bogotá,Numa Cocina Mediterranea - Turbo,CO900463760,Cocina Mediterranea Usaquen - Turbo,Usaquén,,2400,2400
11/5/2026,Bogotá,Get Smashed Burgers - Turbo,CO900473574,Get Smashed Burgers Andes - Turbo,Andes,,2400,2400
11/5/2026,Bogotá,la Panquequeria - Turbo,CO900482237,La Panquequería Chicó - Turbo,Chicó,,2400,2400
11/5/2026,Bogotá,Numa Cocina Mediterranea - Turbo,CO900463747,Numa Cocina Mediterranea Chapinero - Turbo,Chapinero,,2400,2400
11/5/2026,Bogotá,Panquequeria - Turbo,CO900479096,Panquequeria Plaza Claro - Turbo,Plaza Claro,,2400,2400
11/5/2026,Bogotá,Numa Cocina Mediterranea - Turbo,CO900463762,Cocina Mediterranea Villa Del Prado - Turbo,Villa del Prado,,2400,2400
11/5/2026,Bogotá,The Breakfast Club - Turbo,CO900475285,The Breakfast Club Engativa - Turbo,Engativá,,2400,2400
11/5/2026,Bogotá,Cacerola - Turbo,CO900478088,Cacerola Plaza Claro - Turbo,Plaza Claro,,2400,2400
11/5/2026,Bogotá,Frost By Oreo - Turbo,CO900475352,Frost By Oreo Engativá - Turbo,Engativá,,2400,2400
11/5/2026,Bogotá,Señor Burrito. - Turbo,CO900464395,Señor Burrito Plaza Claro - Turbo,Plaza Claro,,2400,2400
11/5/2026,Bogotá,Burger Lane - Turbo,CO900443001,Burger Lane - Salitre - Turbo,Otra,,2400,2400
11/5/2026,Bogotá,Burger Lane - Turbo,CO900442995,Burger Lane Veraguas 2 - Turbo,Otra,,2400,2400
11/5/2026,Bogotá,Cinnabon - Turbo,CO900428404,Cinnabon Prueba Chapinero - Turbo,Chapinero,,2400,2400
11/5/2026,Bogotá,Get Smashed Burgers - Turbo,CO900476585,Get Smashed Burgers Chico - Turbo,Chicó,,2400,2400
11/5/2026,Bogotá,la Panquequeria - Turbo,CO900482241,La Panquequería Calle 93 - Turbo,Parque 93 / Castellana,,2400,2400
11/5/2026,Bogotá,Bottaniko - Turbo,CO900443513,Bottaniko Engativa - Turbo,Engativá,,2400,2400
11/5/2026,Bogotá,Burger Lane - Turbo,CO900442999,Burger Lane Usaquen - Turbo,Usaquén,,2400,2400
11/5/2026,Bogotá,la Cuadra Desayunos Caseros - Turbo,CO900464912,La Cuadra Desayunos Caseros Chapinero - Turbo,Chapinero,,2400,2400
11/5/2026,Bogotá,Numa Cocina Mediterranea - Turbo,CO900463746,Numa Cocina Mediterranea Calle 93 - Turbo,Parque 93 / Castellana,,2400,2400
11/5/2026,Bogotá,Cinnabon - Turbo,CO900475097,Cinnabon Engativa - Turbo,Engativá,,2400,2400
11/5/2026,Bogotá,Get Smashed Burgers - Turbo,CO900416434,Get Smash Chapinero - Turbo,Chapinero,,2400,2400
11/5/2026,Bogotá,Acpm Corrientazo - Turbo,CO900477809,Acpm Corrientazo Plaza Claro - Turbo,Plaza Claro,,2400,2400
11/5/2026,Bogotá,Burger Lane - Turbo,CO900442992,Burger Lane Colina - Turbo,Colina,,2400,2400
11/5/2026,Bogotá,Dembow - Turbo,CO900473648,Dembow - Engativa - Turbo,Engativá,,2400,2400
11/5/2026,Bogotá,Burger Lane - Turbo,CO900442989,Burger Lane Andes - Turbo,Andes,,2400,2400
11/5/2026,Bogotá,la Cuadra Desayunos Caseros - Turbo,CO900467496,La Cuadra Desayunos Caseros Engativa - Turbo,Engativá,,2400,2400
11/5/2026,Bogotá,Panquequeria - Turbo,CO900471323,Panquequeria Chico - Turbo,Chicó,,2400,2400
11/5/2026,Bogotá,Local Cocina Consciente - Turbo,CO900481554,Local - Cocina Consciente Villa Del Prado - Turbo,Villa del Prado,,2400,2400
11/5/2026,Bogotá,Almuerzos D´la Casa - Turbo,CO900477781,Almuerzos D´la Casa Chico - Turbo,Chicó,,2400,2400
11/5/2026,Bogotá,Acpm Corrientazo - Turbo,CO900467503,Acpm Corrientazo Engativá - Turbo,Engativá,,2400,2400
11/5/2026,Bogotá,Burritos & Co - Turbo,CO900464310,Burritos & Co Plaza Claro - Turbo,Plaza Claro,,2400,2400
11/5/2026,Bogotá,Brunch & Munch - Turbo,CO900472746,Brunch & Munch - Engativa - Turbo,Engativá,,2400,2400
11/5/2026,Bogotá,The Crunch Pizza - Turbo,CO900416182,The Crunch Chapinero - Turbo,Chapinero,,2400,2400
11/5/2026,Bogotá,Get Smashed Burgers - Turbo,CO900416431,Get Smash Castellana - Turbo,Parque 93 / Castellana,,2400,2400
11/5/2026,Bogotá,Ñamgucheria Sandwiches - Turbo,CO900439231,Ñamguchería Engativá - Turbo,Engativá,,2400,2400
11/5/2026,Bogotá,Desayunos de la Abuela - Turbo,CO900446314,Desayunos de la Abuela Engativa - Turbo,Engativá,,2400,2400
11/5/2026,Bogotá,The Breakfast Club - Turbo,CO900477830,The Breakfast Club Plaza Claro - Turbo,Plaza Claro,,2400,2400
11/5/2026,Bogotá,Mañanero Diario - Turbo,CO900478978,Mañanero Diario Plaza Claro - Turbo,Plaza Claro,,2400,2400
11/5/2026,Bogotá,la Panquequeria - Turbo,CO900482244,La Panquequería Usaquen - Turbo,Usaquén,,2400,2400
11/5/2026,Bogotá,Numa Cocina Mediterranea - Turbo,CO900478984,Numa Cocina Mediterranea Plaza Claro - Turbo,Plaza Claro,,2400,2400
11/5/2026,Bogotá,Vicio - Turbo,CO900473607,Vicio Engativá - Turbo,Engativá,,2400,2400
11/5/2026,Bogotá,Mañanero Diario - Turbo,CO900443499,Mañanero diario Engativá - Turbo,Engativá,,2400,2400
11/5/2026,Bogotá,Almuerzos D´la Casa - Turbo,CO900471205,Almuerzos D´la Casa - Engativa - Turbo,Engativá,,2400,2400
11/5/2026,Bogotá,Numa Cocina Mediterranea - Turbo,CO900463764,Numa - Cocina Mediterranea Colina - Turbo,Colina,,2400,2400
11/5/2026,Bogotá,Desayuno Mi Tierrita - Turbo,CO900465159,Desayuno Mi Tierrita Engativa - Turbo,Engativá,,2400,2400
11/5/2026,Bogotá,Burger Lane - Turbo,CO900442997,Burger Lane Calle 93 - Turbo,Parque 93 / Castellana,,2400,2400
11/5/2026,Bogotá,Burrito Cantina - Turbo,CO900467380,Burrito Cantina Engativá - Turbo,Engativá,,2400,2400
11/5/2026,Bogotá,Vicio - Turbo,CO900467514,Vicio Cl 109 - Turbo,Calle 109,,2400,2400
11/5/2026,Bogotá,la Panquequeria - Turbo,CO900482242,La Panquequería Villa del Prado - Turbo,Villa del Prado,,2400,2400
11/5/2026,Bogotá,Green House Fd - Turbo,CO900478311,Green House Plaza Claro - Turbo,Plaza Claro,,2400,2400
11/5/2026,Bogotá,Señor Burrito. - Turbo,CO900467420,Señor Burrito Engativa - Turbo,Engativá,,2400,2400
11/5/2026,Bogotá,Selvatiko. - Turbo,CO900472670,Selvatiko. Engativa - Turbo,Engativá,,2400,2400
11/5/2026,Bogotá,Honest Food Fdl - Turbo,CO900472135,Honest Food Engativa - Turbo,Engativá,,2400,2400
11/5/2026,Bogotá,House Of Salads - Turbo,CO900477632,House Of Salads Cl 109 - Turbo,Calle 109,,2400,2400
11/5/2026,Bogotá,House Of Salads - Turbo,CO900445669,House Of Salad Engativa - Turbo,Engativá,,2400,2400
11/5/2026,Bogotá,Pret Sandwich Bistro - Turbo,CO900442052,Pret Sandwich Bistro Engativa - Turbo,Engativá,,2400,2400
11/5/2026,Bogotá,The Crunch Pizza - Turbo,CO900416179,The Crunch - Villa del Prado - Turbo,Villa del Prado,,2400,2400
11/5/2026,Bogotá,La Cuadra - Turbo,CO900464606,la Cuadra Plaza Claro - Turbo,Plaza Claro,,2400,2400
11/5/2026,Bogotá,La Cuadra - Turbo,CO900473138,la Cuadra - Engativa - Turbo,Engativá,,2400,2400
11/5/2026,Bogotá,Local Cocina Consciente - Turbo,CO900481555,Local - Cocina Consciente Andes - Turbo,Andes,,2400,2400
11/5/2026,Bogotá,Sanduches el Jefe - Turbo,CO900479125,Sandwich el Jefe Plaza Claro - Turbo,Plaza Claro,,2400,2400
11/5/2026,Bogotá,Get Smashed Burgers - Turbo,CO900473573,Get Smashed Burgers Kennedy - Turbo,Kennedy,,2400,2400
11/5/2026,Bogotá,Vicio - Turbo,CO900479208,Vicio Plaza Claro - Turbo,Plaza Claro,,2400,2400
11/5/2026,Bogotá,Foodology Court - Turbo,CO900465143,Foodology Engativa - Turbo Cra. 98b #71b-39,Engativá,,2400,2400
11/5/2026,Bogotá,Desayuno Mi Tierrita - Turbo,CO900478270,Desayuno Mi Tierrita Plaza Claro - Turbo,Plaza Claro,,2400,2400
11/5/2026,Bogotá,Ihop - Turbo,CO900431789,IHOP® Chicó - Turbo,Chicó,,2400,2400
11/5/2026,Bogotá,Dembow - Turbo,CO900478092,Dembow Plaza Claro - Turbo,Plaza Claro,,2400,2400
11/5/2026,Bogotá,Pret Sandwich Bistro - Turbo,CO900479198,Pret Sandwich Bistro Plaza Claro - Turbo,Plaza Claro,,2400,2400
11/5/2026,Bogotá,Get Smashed Burgers - Turbo,CO900416432,Get Smash Usaquen - Turbo,Usaquén,,2400,2400
11/5/2026,Bogotá,la Panquequeria - Turbo,CO900482239,La Panquequería Engativa - Turbo,Engativá,,2400,2400
11/5/2026,Bogotá,Numa Cocina Mediterranea - Turbo,CO900463757,Cocina Mediterranea Chico - Turbo,Chicó,,2400,2400
11/5/2026,Bogotá,House Of Salads - Turbo,CO900478778,House Of Salads Plaza Claro - Turbo,Plaza Claro,,2400,2400
11/5/2026,Bogotá,Monteverde - Turbo,CO900478981,Monteverde Plaza Claro - Turbo,Plaza Claro,,2400,2400
11/5/2026,Bogotá,Burrito Cantina - Turbo,CO900467516,Burrito Cantina Plaza Claro - Turbo,Plaza Claro,,2400,2400
11/5/2026,Bogotá,Get Smashed Burgers - Turbo,CO900442551,Get Smashed Burgers Engativa - Turbo,Engativá,,2400,2400
11/5/2026,Bogotá,Avocalia Turbo,CO900472744,Avocalia Calle Engativa - Turbo,Engativá,,2400,2400
11/5/2026,Bogotá,The Crunch Pizza - Turbo,CO900416181,The Crunch Usaquen - Turbo,Usaquén,,2400,2400
11/5/2026,Bogotá,Mr Beast Burger - Turbo,CO900478983,Mr Beast Plaza Claro - Turbo,Plaza Claro,,2400,2400
11/5/2026,Bogotá,la Panquequeria - Turbo,CO900482232,La Panquequería Colina - Turbo,Colina,,2400,2400
11/5/2026,Bogotá,Monteverde - Turbo,CO900450777,Monteverde Engativa - Turbo,Engativá,,2400,2400
11/5/2026,Bucaramanga,Ihop - Turbo,CO900426537,IHOP® Bucaramanga - Turbo,Cabecera (Bga),,2400,2400
11/5/2026,Bucaramanga,Doritos Locos By Dorito - Turbo,CO900472106,Doritos Locos By Dorito Cabecera - Turbo,Cabecera (Bga),,2400,2400
11/5/2026,Bucaramanga,Ñamgucheria Sandwiches - Turbo,CO900440620,Ñamguchería Bucaramanga. - Turbo,Cabecera (Bga),,1000,1000
11/5/2026,Bucaramanga,Local Cocina Consciente - Turbo,CO900477109,Local - Cocina Consciente Cabecera - Turbo,Cabecera (Bga),,2400,2400
11/5/2026,Bucaramanga,Vicio - Turbo,CO900426528,Vicio Bucaramanga - Turbo,Cabecera (Bga),,2400,2400
11/5/2026,Bucaramanga,Sanduches el Jefe - Turbo,CO900428426,Sandwich El Jefe Bucaramanga - Turbo,Cabecera (Bga),,2400,2400
11/5/2026,Bucaramanga,La Cuadra - Turbo,CO900428403,La Cuadra  Bucaramanga - Turbo,Cabecera (Bga),,2400,2400
11/5/2026,Bucaramanga,Numa Cocina Mediterranea - Turbo,CO900463748,Cocina Mediterranea Cabecera - Turbo,Cabecera (Bga),,2400,2400
11/5/2026,Bucaramanga,la Panquequeria - Turbo,CO900482245,La Panquequería Cabecera - Turbo,Cabecera (Bga),,2400,2400
11/5/2026,Bucaramanga,Get Smashed Burgers - Turbo,CO900442550,Get Smashed Burgers Cabecera Bga - Turbo,Cabecera (Bga),,2400,2400
11/5/2026,Bucaramanga,Ihop - Turbo,CO900428427,IHOP Bucaramanga - Turbo,Cabecera (Bga),,2400,2400
11/5/2026,Bucaramanga,Avocalia Turbo,CO900428430,Avocalia - Bucaramanga - Turbo,Cabecera (Bga),,2400,2400
11/5/2026,Bucaramanga,Brunch & Munch - Turbo,CO900428485,Brunch And Munch - Bucaramanga - Turbo,Cabecera (Bga),,2400,2400
11/5/2026,Bucaramanga,Helados San Jerónimo - Turbo,CO900428418,Heladería San Jerónimo Bucaramanga - Turbo,Cabecera (Bga),,2400,2400
11/5/2026,Cali,Doritos Locos By Dorito - Turbo,CO900472109,Doritos Locos By Dorito San Fernando - Turbo,San Fernando,,2400,2400
11/5/2026,Cali,Ñamgucheria Sandwiches - Turbo,CO900439227,Ñamguchería San Fernando - Turbo,San Fernando,,1000,1000
11/5/2026,Cali,Ihop - Turbo,CO900420700,Ihop San Fernando - Turbo,San Fernando,,3000,3000
11/5/2026,Cali,Mr Beast Burger - Turbo,CO900407413,Mr Beast Santa Mónica (Cali Norte) - Turbo,Santa Mónica,,2400,2400
11/5/2026,Cali,Desayuno Mi Tierrita - Turbo,CO900465165,Desayuno Mi Tierrita Santa Monica Cali - Turbo,Santa Mónica,,2400,2400
11/5/2026,Cali,Local Cocina Consciente - Turbo,CO900477100,Local - Cocina Consciente Santa Monica - Turbo,Santa Mónica,,2400,2400
11/5/2026,Cali,Green House Fd - Turbo,CO900438450,Green House Santa Monica - Turbo,Santa Mónica,,1000,1000
11/5/2026,Cali,Doritos Locos By Dorito - Turbo,CO900472100,Doritos Locos By Dorito Santa Monica - Turbo,Santa Mónica,,2400,2400
11/5/2026,Cali,la Panquequeria - Turbo,CO900482246,La Panquequería Ingenio Calle 83C - Turbo,Ingenio,,2400,2400
11/5/2026,Cali,The Crunch Pizza - Turbo,CO900416186,The Crunch San Fernando Cali - Turbo,San Fernando,,2400,2400
11/5/2026,Cali,Get Smashed Burgers - Turbo,CO900416430,Get Smash Santa Monica - Turbo,Santa Mónica,,2400,2400
11/5/2026,Cali,Green House Fd - Turbo,CO900481561,Green House Ingenio - Turbo,Ingenio,,2400,2400
11/5/2026,Cali,la Cuadra Desayunos Caseros - Turbo,CO900473694,la Cuadra Desayunos Caceros - Ingenio - Turbo,Ingenio,,2400,2400
11/5/2026,Cali,Mr Beast Burger - Turbo,CO900476815,Mr Beast Ingenio - Turbo,Ingenio,,2400,2400
11/5/2026,Cali,La Cuadra - Turbo,CO900473137,la Cuadra - Ingenio - Turbo,Ingenio,,2400,2400
11/5/2026,Cali,Pret Sandwich Bistro - Turbo,CO900472664,Pret Sandwich Bistro Ingenio - Turbo,Ingenio,,2400,2400
11/5/2026,Cali,Desayuno Mi Tierrita - Turbo,CO900473558,Desayunos Mi Tierrita - Ingenio - Turbo,Ingenio,,2400,2400
11/5/2026,Cali,Get Smashed Burgers - Turbo,CO900416435,Get Smash San Fernando - Turbo,San Fernando,,2400,2400
11/5/2026,Cali,Brunch & Munch - Turbo,CO900472747,Brunch & Munch - Ingenio - Turbo,Ingenio,,2400,2400
11/5/2026,Cali,Alba Vegetarian - Turbo,CO900472649,Alba Vegetarian - Ingenio - Turbo,Ingenio,,2400,2400
11/5/2026,Cali,Foodology Court - Turbo,CO900473569,Foodology Ingenio - Turbo,Ingenio,,2400,2400
11/5/2026,Cali,Numa Cocina Mediterranea - Turbo,CO900463759,Cocina Mediterranea Santa Monica - Turbo,Santa Mónica,,3000,3000
11/5/2026,Cali,Cacerola - Turbo,CO900472659,Cacerola - Ingenio - Turbo,Ingenio,,2400,2400
11/5/2026,Cali,Acpm Corrientazo - Turbo,CO900473537,Acpm Corrientazo Ingenio - Turbo,Ingenio,,2400,2400
11/5/2026,Cali,Local Cocina Consciente - Turbo,CO900481556,Local - Cocina Consciente Ingenio - Turbo,Ingenio,,2400,2400
11/5/2026,Cali,Burrito Cantina - Turbo,CO900473552,Burrito Cantina Ingenio - Turbo,Ingenio,,2400,2400
11/5/2026,Cali,House Of Salads - Turbo,CO900476069,House Of Salads Ingenio - Turbo,Ingenio,,2400,2400
11/5/2026,Cali,Señor Burrito. - Turbo,CO900465170,Señor Burrito Tienda Padre - Turbo,Otra,,2400,2400
11/5/2026,Cali,Frost By Oreo - Turbo,CO900475353,Frost By Oreo Ingenio - Turbo,Ingenio,,2400,2400
11/5/2026,Cali,Selvatiko. - Turbo,CO900472668,Selvatiko. Ingenio - Turbo,Ingenio,,2400,2400
11/5/2026,Cali,la Panquequeria - Turbo,CO900482235,La Panquequería San Fernando - Turbo,San Fernando,,2400,2400
11/5/2026,Cali,Burritos & Co - Turbo,CO900473554,Burritos & Co - Ingenio - Turbo,Ingenio,,2400,2400
11/5/2026,Cali,la Panquequeria - Turbo,CO900482247,La Panquequería Santa Monica - Turbo,Santa Mónica,,2400,2400
11/5/2026,Cali,Desayunos de la Abuela - Turbo,CO900472679,Desayunos de la Abuela Ingenio - Turbo,Ingenio,,2400,2400
11/5/2026,Cali,The Breakfast Club - Turbo,CO900475209,The Breakfast Club Ingenio - Turbo,Ingenio,,2400,2400
11/5/2026,Cali,Vicio - Turbo,CO900473606,Vicio Ingenio - Turbo,Ingenio,,2400,2400
11/5/2026,Cali,Get Smashed Burgers - Turbo,CO900473576,Get Smashed Burgers Ingenio - Turbo,Ingenio,,2400,2400
11/5/2026,Cali,Avocalia Turbo,CO900472745,Avocalia - Ingenio - Turbo,Ingenio,,2400,2400
11/5/2026,Cali,Dembow - Turbo,CO900473657,Dembow - Ingenio - Turbo,Ingenio,,2400,2400
11/5/2026,Cali,Numa Cocina Mediterranea - Turbo,CO900476060,Cocina Mediterranea Ingenio - Turbo,Ingenio,,2400,2400
11/5/2026,Cali,Doritos Locos By Dorito - Turbo,CO900473562,Doritos Locos By Dorito Ingenio - Turbo,Ingenio,,2400,2400
11/5/2026,Cali,Cinnabon - Turbo,CO900475098,Cinnabon Ingenio - Turbo,Ingenio,,2400,2400
11/5/2026,Cali,Almuerzos D´la Casa - Turbo,CO900475128,Almuerzos D` la Casa - Ingenio - Turbo,Ingenio,,2400,2400
11/5/2026,Cali,Burger Lane - Turbo,CO900442998,Burger Lane Cali Norte - Turbo Calle 34 Norte 2Bn 33 358,Otra,,2400,2400
11/5/2026,Cali,Bottaniko - Turbo,CO900472880,Bottaniko - Ingenio - Turbo,Ingenio,,2400,2400
11/5/2026,Cali,Señor Burrito. - Turbo,CO900473587,Señor Burrito - Ingenio - Turbo,Ingenio,,2400,2400
11/5/2026,Cali,The Crunch Pizza - Turbo,CO900416185,The Crunch Santa Monica - Turbo,Santa Mónica,,2400,2400
11/5/2026,Cali,Ñamgucheria Sandwiches - Turbo,CO900473581,Ñamguchería Ingenio Calle 83c - Turbo,Ingenio,,2400,2400
11/5/2026,Cali,Numa Cocina Mediterranea - Turbo,CO900463758,Cocina Mediterranea San Fernando - Turbo,San Fernando,,2400,2400
11/5/2026,Cali,Burger Lane - Turbo,CO900442993,Burger Lane San Fernando - Turbo,San Fernando,,2400,2400
11/5/2026,Cali,Honest Food Fdl - Turbo,CO900475461,Honest Food Ingenio - Turbo,Ingenio,,2400,2400
11/5/2026,Cali,Mañanero Diario - Turbo,CO900475198,Mañanero Ingenio - Turbo,Ingenio,,2400,2400
11/5/2026,Cali,Monteverde - Turbo,CO900476067,Monteverde Ingenio - Turbo,Ingenio,,2400,2400
11/5/2026,Cartagena,Get Smashed Burgers - Turbo,CO900481818,Get Smashed Burgers Cartagena - Turbo,Cartagena,,3000,3000
11/5/2026,Cartagena,Cacerola - Turbo,CO900481042,Cacerola - Cartagena - Turbo,Cartagena,,2400,2400
11/5/2026,Cartagena,Mañanero Diario - Turbo,CO900481971,Mañanero Cartagena - Turbo,Cartagena,,2400,2400
11/5/2026,Cartagena,Dembow - Turbo,CO900481376,Dembow - Cartagena - Turbo,Cartagena,,3000,3000
11/5/2026,Cartagena,Desayuno Mi Tierrita - Turbo,CO900481379,Desayuno Mi Tierrita Cartagena - Turbo,Cartagena,,2400,2400
11/5/2026,Cartagena,Local Cocina Consciente - Turbo,CO900481977,Local - Cocina Consciente Cartagena - Turbo,Cartagena,,3000,3000
11/5/2026,Cartagena,Sanduches el Jefe - Turbo,CO900483661,Sandwich el Jefe Cartagena - Turbo,Cartagena,,2400,2400
11/5/2026,Medellín,Ihop - Turbo,CO900420701,Ihop Manila - Turbo,Manila,,2400,2400
11/5/2026,Medellín,Mr Beast Burger - Turbo,CO900405268,Mr Beast Manila - Turbo,Manila,,1000,1000
11/5/2026,Medellín,Doritos Locos By Dorito - Turbo,CO900472108,Doritos Locos By Dorito Manila - Turbo,Manila,,2400,2400
11/5/2026,Medellín,Doritos Locos By Dorito - Turbo,CO900472101,Doritos Locos By Dorito Laureles - Turbo,Laureles,,2400,2400
11/5/2026,Medellín,Ihop - Turbo,CO900420699,Ihop Laureles - Turbo,Laureles,,2400,2400
11/5/2026,Medellín,Local Cocina Consciente - Turbo,CO900477099,Local - Cocina Consciente Laureles - Turbo,Laureles,,2400,2400
11/5/2026,Medellín,Green House Fd - Turbo,CO900481562,Green House Envigado - Turbo,Envigado,,2400,2400
11/5/2026,Medellín,la Panquequeria - Turbo,CO900482234,La Panquequería Envigado - Turbo,Envigado,,2400,2400
11/5/2026,Medellín,Que Chicken By Robegrill - Turbo,CO900424250,Qué Chicken Manila - Turbo,Manila,,2400,2400
11/5/2026,Medellín,Local Cocina Consciente - Turbo,CO900477098,Local - Cocina Consciente Envigado - Turbo,Envigado,,2400,2400
11/5/2026,Medellín,The Crunch Pizza - Turbo,CO900416184,The Crunch Laureles - Turbo,Laureles,,2400,2400
11/5/2026,Medellín,Mr Beast Burger - Turbo,CO900428939,Mr Beast Envigado - Turbo,Envigado,,2400,2400
11/5/2026,Medellín,Cacerola - Turbo,CO900472657,Cacerola - Envigado - Turbo,Envigado,,2400,2400
11/5/2026,Medellín,la Cuadra Desayunos Caseros - Turbo,CO900473693,la Cuadra Desayunos Caseros Envigado - Turbo,Envigado,,2400,2400
11/5/2026,Medellín,Get Smashed Burgers - Turbo,CO900416436,Get Smash Laureles - Turbo,Laureles,,2400,2400
11/5/2026,Medellín,Burrito Cantina - Turbo,CO900473551,Burrito Cantina Envigado - Turbo,Envigado,,2400,2400
11/5/2026,Medellín,Pret Sandwich Bistro - Turbo,CO900472665,Pret Sandwich Bistro Envigado - Turbo,Envigado,,2400,2400
11/5/2026,Medellín,Acpm Corrientazo - Turbo,CO900473538,Acpm Corrientazo Envigado - Turbo,Envigado,,2400,2400
11/5/2026,Medellín,Foodology Court - Turbo,CO900473568,Foodology Envigado - Turbo,Envigado,,2400,2400
11/5/2026,Medellín,Get Smashed Burgers - Turbo,CO900473575,Get Smashed Burgers Envigado - Turbo,Envigado,,2400,2400
11/5/2026,Medellín,Señor Burrito. - Turbo,CO900473588,Señor Burrito Envigado - Turbo,Envigado,,2400,2400
11/5/2026,Medellín,Cinnabon - Turbo,CO900475802,Cinnabon Envigado - Turbo,Envigado,,2400,2400
11/5/2026,Medellín,la Panquequeria - Turbo,CO900482233,La Panquequería Manila - Turbo,Manila,,2400,2400
11/5/2026,Medellín,Desayunos de la Abuela - Turbo,CO900472678,Desayunos de la Abuela Envigado - Turbo,Envigado,,2400,2400
11/5/2026,Medellín,Get Smashed Burgers - Turbo,CO900416437,Get Smash Manila - Turbo,Manila,,2400,2400
11/5/2026,Medellín,Doritos Locos By Dorito - Turbo,CO900473564,Doritos Locos By Dorito Envigado - Turbo,Envigado,,2400,2400
11/5/2026,Medellín,Alba Vegetarian - Turbo,CO900472648,Alba Vegetarian - Envigado Carrera 42 #40C 301 - Turbo,Envigado,,2400,2400
11/5/2026,Medellín,Desayuno Mi Tierrita - Turbo,CO900473557,Desayuno Mi Tierrita Envigado - Turbo,Envigado,,2400,2400
11/5/2026,Medellín,House Of Salads - Turbo,CO900476072,House Of Salads Envigado - Turbo,Envigado,,2400,2400
11/5/2026,Medellín,Local Cocina Consciente - Turbo,CO900481557,Local - Cocina Consciente Manila - Turbo,Manila,,2400,2400
11/5/2026,Medellín,The Breakfast Club - Turbo,CO900475282,The Breakfast Club Envigado - Turbo,Envigado,,2400,2400
11/5/2026,Medellín,Numa Cocina Mediterranea - Turbo,CO900463756,Cocina Mediterranea Manila - Turbo,Manila,,2400,2400
11/5/2026,Medellín,Numa Cocina Mediterranea - Turbo,CO900463749,Cocina Mediterranea Laureles - Turbo,Laureles,,2400,2400
11/5/2026,Medellín,Bottaniko - Turbo,CO900472879,Bottaniko - Envigado - Turbo,Envigado,,2400,2400
11/5/2026,Medellín,Green House Fd - Turbo,CO900481563,Green House Manila - Turbo,Manila,,2400,2400
11/5/2026,Medellín,Honest Food Fdl - Turbo,CO900475460,Honest Food Envigado - Turbo,Envigado,,2400,2400
11/5/2026,Medellín,Monteverde - Turbo,CO900476068,Monteverde Envigado - Turbo,Envigado,,2400,2400
11/5/2026,Medellín,Vicio - Turbo,CO900428425,Vicio Envigado - Turbo,Envigado,,2400,2400
11/5/2026,Medellín,Selvatiko. - Turbo,CO900472669,Selvatiko. Envigado - Turbo,Envigado,,2400,2400
11/5/2026,Medellín,Mañanero Diario - Turbo,CO900475201,Mañanero Envigado - Turbo,Envigado,,2400,2400
11/5/2026,Medellín,The Crunch Pizza - Turbo,CO900416183,The Crunch Manila - Turbo,Manila,,2400,2400
11/5/2026,Medellín,Almuerzos D´la Casa - Turbo,CO900483393,Almuerzos D´la Casa - Envigado - Turbo,Envigado,,2400,2400
11/5/2026,Medellín,Numa Cocina Mediterranea - Turbo,CO900476059,Cocina Mediterranea Envigado - Turbo,Envigado,,2400,2400
11/5/2026,Medellín,Ñamgucheria Sandwiches - Turbo,CO900473583,Ñamguchería Envigado - Turbo,Envigado,,2400,2400
11/5/2026,Medellín,la Panquequeria - Turbo,CO900482240,La Panquequería Laureles - Turbo,Laureles,,2400,2400
11/5/2026,Medellín,Dembow - Turbo,CO900473652,Dembow - Envigado - Turbo Carrera 42 #40c Sur-29,Envigado,,2400,2400
11/5/2026,Pereira,Burger Lane - Turbo,CO900442994,Burger Lane Pereira - Turbo,Otra,,1000,1000
11/5/2026,Bogotá,Mañanero Diario - Turbo,CO900488961,Mañanero Diario Arrecife - Turbo,Arrecife,,3000,3000
11/5/2026,Bogotá,Desayunos de la Abuela - Turbo,CO900488283,Desayunos de la Abuela Arrecife - Turbo,Arrecife,,3000,3000
11/5/2026,Bogotá,The Breakfast Club - Turbo,CO900489002,The Breakfast Club Arrecife - Turbo,Arrecife,,3000,3000
11/5/2026,Bogotá,Bottaniko - Turbo,CO900488274,Bottaniko Arrecife - Turbo,Arrecife,,3000,3000
11/5/2026,Bogotá,Selvatiko. - Turbo,CO900488992,Selvatiko Arrecife - Turbo,Arrecife,,3000,3000
11/5/2026,Bogotá,Foodology Court - Turbo,CO900488781,Foodology Arrecife - Turbo,Arrecife,,3000,3000
11/5/2026,Bogotá,Señor Burrito. - Turbo,CO900488996,Señor Burrito Arrecife - Turbo,Arrecife,,3000,3000
11/5/2026,Bogotá,House Of Salads - Turbo,CO900488856,House Of Salads Arrecife - Turbo,Arrecife,,3000,3000
11/5/2026,Bogotá,La Cuadra - Turbo,CO900488957,la Cuadra Arrecife - Turbo,Arrecife,,3000,3000
11/5/2026,Bogotá,la Cuadra Desayunos Caseros - Turbo,CO900488956,la Cuadra Desayunos Arrecife - Turbo,Arrecife,,3000,3000
11/5/2026,Bogotá,Doritos Locos By Dorito - Turbo,CO900488774,Doritosclocos By Doritos Arrecife - Turbo,Arrecife,,3000,3000
11/5/2026,Bogotá,Desayuno Mi Tierrita - Turbo,CO900488770,Desayuno Mi Tierrita Arrecife - Turbo,Arrecife,,3000,3000
11/5/2026,Bogotá,Monteverde - Turbo,CO900489032,Monteverde Arrecife - Turbo,Arrecife,,3000,3000
11/5/2026,Bogotá,Honest Food Fdl - Turbo,CO900488848,Honest Food Arrecife - Turbo,Arrecife,,3000,3000
11/5/2026,Bogotá,Ñamgucheria Sandwiches - Turbo,CO900488970,Ñamgucheria Arrecife - Turbo,Arrecife,,3000,3000
11/5/2026,Bogotá,Burrito Cantina - Turbo,CO900488277,Burrito Cantina Arrecife - Turbo,Arrecife,,3000,3000
11/5/2026,Bogotá,Helados San Jerónimo - Turbo,CO900488984,Helados San Jerónimo Arrecife - Turbo,Arrecife,,3000,3000
11/5/2026,Bogotá,Cinnabon - Turbo,CO900488282,Cinnabon Arrecife - Turbo,Arrecife,,3000,3000
11/5/2026,Bogotá,Local Cocina Consciente - Turbo,CO900489031,Local Cocina Consciente Arrecife - Turbo,Arrecife,,3000,3000
18/5/2026,Bogotá,Mr Beast Burger - Turbo,CO900488966,Mr Beast Burger Arrecife - Turbo,Arrecife,5.77,3000.0,3000.0
18/5/2026,Bogotá,Numa Cocina Mediterranea - Turbo,CO900488968,Numa Cocina Mediterranea Arrecife - Turbo,Arrecife,5.54,3000.0,3000.0
18/5/2026,Bogotá,La Cuadra - Turbo,CO900488957,la Cuadra Arrecife - Turbo,Arrecife,4.27,3000.0,3000.0
18/5/2026,Bogotá,Honest Food Fdl - Turbo,CO900488848,Honest Food Arrecife - Turbo,Arrecife,4.16,3000.0,3000.0
18/5/2026,Bogotá,Avocalia Turbo,CO900488273,Avocalia Arrecife - Turbo,Arrecife,3.96,3000.0,3000.0
18/5/2026,Bogotá,Alba Vegetarian - Turbo,CO900488270,Alba Vegetarian Arrecife - Turbo,Arrecife,3.71,3000.0,3000.0
18/5/2026,Bogotá,Señor Burrito. - Turbo,CO900488996,Señor Burrito Arrecife - Turbo,Arrecife,3.59,3000.0,3000.0
18/5/2026,Bogotá,Burrito Cantina - Turbo,CO900488277,Burrito Cantina Arrecife - Turbo,Arrecife,2.91,3000.0,3000.0
18/5/2026,Bogotá,Helados San Jerónimo - Turbo,CO900488984,Helados San Jerónimo Arrecife - Turbo,Arrecife,2.55,3000.0,3000.0
18/5/2026,Bogotá,House Of Salads - Turbo,CO900488856,House Of Salads Arrecife - Turbo,Arrecife,2.43,3000.0,3000.0
18/5/2026,Bogotá,Pret Sandwich Bistro - Turbo,CO900488980,Pret Sandwich Bistro Arrecife - Turbo,Arrecife,10.35,3000.0,3000.0
18/5/2026,Bogotá,Monteverde - Turbo,CO900489032,Monteverde Arrecife - Turbo,Arrecife,1.49,3000.0,3000.0
18/5/2026,Bogotá,Foodology Court - Turbo,CO900488781,Foodology Arrecife - Turbo,Arrecife,1.42,3000.0,3000.0
18/5/2026,Bogotá,Brunch & Munch - Turbo,CO900420520,Brunch And Munch - Colina - Turbo,Colina,9.83,2400.0,2400.0
18/5/2026,Bogotá,The Breakfast Club - Turbo,CO900463743,The Breakfast Club Cl 109 - Turbo,Calle 109,9.56,2400.0,2400.0
18/5/2026,Cali,Desayuno Mi Tierrita - Turbo,CO900465165,Desayuno Mi Tierrita Santa Monica Cali - Turbo,Santa Mónica,9.39,2400.0,2400.0
18/5/2026,Bogotá,Cacerola - Turbo,CO900473676,Cacerola Chico - Turbo,Chicó,8.84,2400.0,2700.0
18/5/2026,Bogotá,Dembow - Turbo,CO900476018,Dembow Chico - Turbo,Chicó,8.62,2400.0,2400.0
18/5/2026,Bogotá,Desayuno Mi Tierrita - Turbo,CO900476019,Desayuno Mi Tierrita Chico - Turbo,Chicó,7.97,2400.0,2400.0
18/5/2026,Bogotá,Desayunos de la Abuela - Turbo,CO900446310,Desayunos de la Abuela Colina - Turbo,Colina,7.51,2400.0,2400.0
18/5/2026,Bogotá,Dembow - Turbo,CO900473654,Dembow - Colina - Turbo,Colina,7.42,2400.0,2400.0
18/5/2026,Bogotá,Burrito Cantina - Turbo,CO900467381,Burrito Cantina Usaquén - Turbo,Usaquén,7.21,2400.0,2700.0
18/5/2026,Bogotá,Mr Beast Burger - Turbo,CO900477182,Mr Beast Chico - Turbo,Chicó,7.21,2400.0,2400.0
18/5/2026,Bogotá,Desayuno Mi Tierrita - Turbo,CO900464390,Desayuno Mi Tierrita Cl 109 - Turbo,Calle 109,6.88,2400.0,2400.0
18/5/2026,Bogotá,Mr Beast Burger - Turbo,CO900420302,Mr Beast Colina - Turbo,Colina,6.65,2400.0,2400.0
18/5/2026,Bogotá,Acpm Corrientazo - Turbo,CO900464913,Acpm Corrientazo Cl 109 - Turbo,Calle 109,6.57,2400.0,2400.0
18/5/2026,Bogotá,Cacerola - Turbo,CO900473673,Cacerola - Colina - Turbo,Colina,6.42,2400.0,2400.0
18/5/2026,Bogotá,Ñamgucheria Sandwiches - Turbo,CO900440314,Ñamgucheria Chicó - Turbo,Chicó,6.39,2400.0,2400.0
18/5/2026,Bogotá,Desayuno Mi Tierrita - Turbo,CO900465158,Desayuno Mi Tierrita Usaquén - Turbo,Usaquén,6.23,2400.0,2400.0
18/5/2026,Bogotá,Ñamgucheria Sandwiches - Turbo,CO900439228,Ñamguchería Colina - Turbo,Colina,6.19,2400.0,2400.0
18/5/2026,Bogotá,Desayuno Mi Tierrita - Turbo,CO900465162,Desayunos Mi Tierrita - Villa del prado - Turbo,Villa del Prado,6.16,2400.0,2400.0
18/5/2026,Bogotá,Dembow - Turbo,CO900475131,Dembow Cl 109 - Turbo,Calle 109,6.14,2400.0,2400.0
18/5/2026,Cali,Mr Beast Burger - Turbo,CO900407413,Mr Beast Santa Mónica (Cali Norte) - Turbo,Santa Mónica,5.95,2400.0,2400.0
18/5/2026,Bogotá,Brunch & Munch - Turbo,CO900465171,Brunch & Munch Cl 109 - Turbo,Calle 109,5.82,2400.0,2400.0
18/5/2026,Bogotá,Ñamgucheria Sandwiches - Turbo,CO900439230,Ñamguchería Villa del Prado - Turbo,Villa del Prado,5.79,2400.0,2400.0
18/5/2026,Barranquilla,Sanduches el Jefe - Turbo,CO900419499,Sandwich el Jefe Barranquilla - Turbo Cra. 45  353,Barranquilla,5.77,2400.0,2400.0
18/5/2026,Cali,Ñamgucheria Sandwiches - Turbo,CO900439224,Ñamguchería Santa Monica - Turbo,Santa Mónica,5.77,2400.0,2400.0
18/5/2026,Barranquilla,Dembow - Turbo,CO900473647,Dembow - Barranquilla Nte - Turbo,Barranquilla,5.75,3000.0,3000.0
18/5/2026,Bucaramanga,Pret Sandwich Bistro - Turbo,CO900442050,Pret Sandwich Bistro Cabecera - Turbo,Cabecera (Bga),5.73,3000.0,3000.0
18/5/2026,Barranquilla,Desayuno Mi Tierrita - Turbo,CO900465156,Desayuno Mi Tierrita Barranquilla - Turbo,Barranquilla,5.63,2400.0,2400.0
18/5/2026,Cali,Mr Beast Burger - Turbo,CO900405272,Mr Beast San Fernando - Turbo,San Fernando,5.59,2400.0,2400.0
18/5/2026,Bogotá,Ñamgucheria Sandwiches - Turbo,CO900463788,Ñamgucheria Cl 109 - Turbo,Calle 109,5.55,2400.0,2400.0
18/5/2026,Bogotá,The Breakfast Club - Turbo,CO900475286,The Breakfast Club Calle 93 - Turbo,Parque 93 / Castellana,5.55,2400.0,2400.0
18/5/2026,Bogotá,Frost By Oreo - Turbo,CO900488841,Frost By Oreo Arrecife - Turbo,Arrecife,0.98,3000.0,3000.0
18/5/2026,Cali,Desayunos de la Abuela - Turbo,CO900446306,Desayunos de la Abuela San Fernando - Turbo,San Fernando,5.54,2400.0,2400.0
18/5/2026,Bogotá,Mr Beast Burger - Turbo,CO900409678,Mr Beast Chapinero - Turbo,Chapinero,5.46,2400.0,2400.0
18/5/2026,Bucaramanga,Burrito Cantina - Turbo,CO900467384,Burrito Cantina Bucaramanga - Turbo,Cabecera (Bga),5.39,2400.0,2400.0
18/5/2026,Bogotá,Desayunos de la Abuela - Turbo,CO900446320,Desayunos de la Abuela Chico - Turbo,Chicó,5.37,2400.0,2700.0
18/5/2026,Cali,Selvatiko. - Turbo,CO900475114,Selvatiko. Santa Monica - Turbo,Santa Mónica,5.25,2400.0,2400.0
18/5/2026,Bucaramanga,Brunch & Munch - Turbo,CO900426741,Brunch & Munch Bucaramanga - Turbo,Cabecera (Bga),4.95,2400.0,2400.0
18/5/2026,Bogotá,Desayunos de la Abuela - Turbo,CO900463744,Desayunos de la Abuela Cl 109 - Turbo,Calle 109,4.91,2400.0,2400.0
18/5/2026,Bogotá,Selvatiko. - Turbo,CO900465173,Selvatiko. 93 - Turbo,Parque 93 / Castellana,4.88,2100.0,2400.0
18/5/2026,Bogotá,Pret Sandwich Bistro - Turbo,CO900416172,Pret Sandwich Bistro Chapinero - Turbo,Chapinero,4.88,2400.0,2400.0
18/5/2026,Bogotá,Numa Cocina Mediterranea - Turbo,CO900476062,Cocina Mediterranea Kennedy - Turbo,Kennedy,4.86,2400.0,2400.0
18/5/2026,Bogotá,Mr Beast Burger - Turbo,CO900475371,Mr Beast Cl 109 - Turbo,Calle 109,4.82,2400.0,2400.0
18/5/2026,Bogotá,Brunch & Munch - Turbo,CO900410119,Brunch & Munch Villa del Prado  - Turbo,Villa del Prado,4.79,2400.0,2400.0
18/5/2026,Bogotá,Brunch & Munch - Turbo,CO900420519,Brunch And Munch - Kennedy - Turbo,Kennedy,4.79,2400.0,2400.0
18/5/2026,Cali,Desayunos de la Abuela - Turbo,CO900446316,Desayunos de la Abuela Santa Monica - Turbo,Santa Mónica,4.76,2400.0,2400.0
18/5/2026,Bogotá,Sanduches el Jefe - Turbo,CO900419501,Sandwich el Jefe Villa Del Prado - Turbo Carrera 55  243,Villa del Prado,4.69,2400.0,2700.0
18/5/2026,Bucaramanga,Mr Beast Burger - Turbo,CO900428937,Mr Beast Bucaramanga - Turbo,Cabecera (Bga),4.64,2400.0,2700.0
18/5/2026,Bogotá,Brunch & Munch - Turbo,CO900420483,Brunch & Munch - Chicó - Turbo,Chicó,4.62,2100.0,2400.0
18/5/2026,Bogotá,Señor Burrito. - Turbo,CO900467422,Señor Burrito Colina - Turbo,Colina,4.61,3000.0,3000.0
18/5/2026,Bogotá,la Cuadra Desayunos Caseros - Turbo,CO900470908,La Cuadra Desayunos Caseros Kennedy - Turbo,Kennedy,4.61,2400.0,2400.0
18/5/2026,Bogotá,Pret Sandwich Bistro - Turbo,CO900442051,Pret Sandwich Bistro Colina - Turbo,Colina,4.59,2400.0,2400.0
18/5/2026,Cali,Vicio - Turbo,CO900407402,Vicio Santa Mónica (Cali Norte) - Turbo,Santa Mónica,4.58,3000.0,3000.0
18/5/2026,Cali,Monteverde - Turbo,CO900450778,Monteverde Santa Monica - Turbo,Santa Mónica,4.58,2400.0,2400.0
18/5/2026,Bogotá,Green House Fd - Turbo,CO900463819,Green House Cl 109 - Turbo,Calle 109,4.52,2400.0,2400.0
18/5/2026,Cali,House Of Salads - Turbo,CO900445681,House Of Salad Santa Monica - Turbo,Santa Mónica,4.51,2400.0,2400.0
18/5/2026,Bogotá,Cacerola - Turbo,CO900473674,Cacerola - Kennedy - Turbo,Kennedy,4.43,2400.0,2400.0
18/5/2026,Bogotá,Dembow - Turbo,CO900473649,Dembow - Calle 93 - Turbo,Parque 93 / Castellana,4.43,2400.0,2400.0
18/5/2026,Barranquilla,Mr Beast Burger - Turbo,CO900405269,Mr Beast Barranquilla Norte - Turbo Urgencias Eps Sanitas 284,Barranquilla,4.41,2400.0,2400.0
18/5/2026,Bogotá,Foodology Court - Turbo,CO900465145,Foodology Colina - Turbo Carrera 53 #137a-26,Colina,4.39,2400.0,2400.0
18/5/2026,Bucaramanga,Foodology Court - Turbo,CO900465153,Foodology Cabecera - Turbo,Cabecera (Bga),4.32,3000.0,3000.0
18/5/2026,Cali,la Cuadra Desayunos Caseros - Turbo,CO900467495,La Cuadra Desayunos San Fernando - Turbo,San Fernando,4.26,3000.0,3000.0
18/5/2026,Cali,Honest Food Fdl - Turbo,CO900472144,Honest Food Santa Monica - Turbo,Santa Mónica,4.25,2400.0,2400.0
18/5/2026,Bogotá,Burritos & Co - Turbo,CO900476014,Burritos & Co Chico - Turbo,Chicó,4.22,2400.0,2700.0
18/5/2026,Bogotá,Ñamgucheria Sandwiches - Turbo,CO900439229,Ñamguchería Castellana - Turbo,Parque 93 / Castellana,4.21,2400.0,2400.0
18/5/2026,Cali,Pret Sandwich Bistro - Turbo,CO900416178,Pret Sándwich Bistro Santa Monica - Turbo,Santa Mónica,4.17,2700.0,2700.0
18/5/2026,Bogotá,Desayunos de la Abuela - Turbo,CO900488283,Desayunos de la Abuela Arrecife - Turbo,Arrecife,0.92,3000.0,3000.0
18/5/2026,Bogotá,Honest Food Fdl - Turbo,CO900472142,Honest Food Colina - Turbo,Colina,4.16,2400.0,2400.0
18/5/2026,Bogotá,Dembow - Turbo,CO900473650,Dembow - Andes - Turbo,Andes,3.99,2700.0,3000.0
18/5/2026,Bogotá,Desayunos de la Abuela - Turbo,CO900473560,Desayunos de la Abuela Kennedy - Turbo,Kennedy,3.96,2400.0,2400.0
18/5/2026,Cali,Burrito Cantina - Turbo,CO900467382,Burrito Cantina Santa Mónica (Cali Norte) - Turbo,Santa Mónica,3.95,2400.0,2700.0
18/5/2026,Bogotá,Foodology Court - Turbo,CO900465148,Foodology 93 - Turbo Calle 93 #45a-16,Parque 93 / Castellana,3.94,2400.0,2400.0
18/5/2026,Bogotá,Avocalia Turbo,CO900420305,Avocalia - Colina - Turbo,Colina,3.93,2400.0,2400.0
18/5/2026,Bogotá,La Cuadra - Turbo,CO900420510,La Cuadra - Colina - Turbo,Colina,3.89,2400.0,2400.0
18/5/2026,Bogotá,Sanduches el Jefe - Turbo,CO900420513,Sandwich el Jefe Kennedy - Turbo,Kennedy,3.83,2700.0,2700.0
18/5/2026,Cartagena,Bottaniko - Turbo,CO900480013,Bottaniko - Cartagena - Turbo,Cartagena,3.78,2400.0,2400.0
18/5/2026,Medellín,Alba Vegetarian - Turbo,CO900443008,Alba Vegetarian - Laureles - Turbo,Laureles,3.76,2700.0,2700.0
18/5/2026,Cali,Burrito Cantina - Turbo,CO900467383,Burrito Cantina San Fernando - Turbo,San Fernando,3.75,2700.0,2700.0
18/5/2026,Medellín,Dembow - Turbo,CO900473643,Dembow - Laureles - Turbo,Laureles,3.69,2700.0,2700.0
18/5/2026,Bogotá,Pret Sandwich Bistro - Turbo,CO900464394,Pret Sandwich Bistro Cl 109 - Turbo,Calle 109,3.67,2400.0,2400.0
18/5/2026,Bogotá,Alba Vegetarian - Turbo,CO900473540,Alba Vegetarian - Kennedy Calle 26 Sur #72c 258 - Turbo,Kennedy,3.65,2400.0,2700.0
18/5/2026,Bogotá,Numa Cocina Mediterranea - Turbo,CO900476061,Cocina Mediterranea Andes - Turbo,Andes,3.65,2400.0,2400.0
18/5/2026,Bogotá,House Of Salads - Turbo,CO900445682,House Of Salad Chico - Turbo,Chicó,3.63,2400.0,2700.0
18/5/2026,Bogotá,House Of Salads - Turbo,CO900445676,House Of Salad Colina - Turbo,Colina,3.59,2400.0,2700.0
18/5/2026,Bogotá,Señor Burrito. - Turbo,CO900467426,Señor Burrito Chapinero - Turbo,Chapinero,3.54,2700.0,2700.0
18/5/2026,Bogotá,Cinnabon - Turbo,CO900415448,Cinnabon Chicó - Turbo,Chicó,3.53,2700.0,2700.0
18/5/2026,Bogotá,Desayunos de la Abuela - Turbo,CO900473561,Desayunos de la Abuela Andes - Turbo,Andes,3.53,2400.0,2400.0
18/5/2026,Bogotá,Brunch & Munch - Turbo,CO900409672,Brunch & Munch Chapinero - Turbo,Chapinero,3.53,2400.0,2400.0
18/5/2026,Bogotá,Pret Sandwich Bistro - Turbo,CO900416177,Pret Sandwich Bistro Villa del Prado - Turbo,Villa del Prado,3.51,2700.0,2700.0
18/5/2026,Cali,The Breakfast Club - Turbo,CO900475288,The Breakfast Club San Fernando - Turbo,San Fernando,3.49,2400.0,2400.0
18/5/2026,Bogotá,Acpm Corrientazo - Turbo,CO900464911,Acpm Corrientazo Chapinero - Turbo,Chapinero,3.48,2400.0,2400.0
18/5/2026,Bogotá,The Breakfast Club - Turbo,CO900475207,The Breakfast Club Kennedy - Turbo,Kennedy,3.47,2400.0,2400.0
18/5/2026,Cali,Green House Fd - Turbo,CO900438444,Green House San Fernando - Turbo,San Fernando,3.45,2400.0,2400.0
18/5/2026,Cali,Sanduches el Jefe - Turbo,CO900419504,Sandwich el Jefe Santa Monica - Turbo Poke Cali 2639,Santa Mónica,3.45,2400.0,2400.0
18/5/2026,Bogotá,Mr Beast Burger - Turbo,CO900409677,Mr Beast Castellana - Turbo,Parque 93 / Castellana,3.43,2400.0,2400.0
18/5/2026,Bogotá,Sanduches el Jefe - Turbo,CO900420512,Sandwich el Jefe Colina - Turbo,Colina,3.42,2400.0,2400.0
18/5/2026,Barranquilla,The Breakfast Club - Turbo,CO900475211,The Breakfast Club Barranquilla - Turbo,Barranquilla,3.38,2700.0,2700.0
18/5/2026,Bogotá,Alba Vegetarian - Turbo,CO900475346,Alba Vegetarian Chico - Turbo,Chicó,3.38,3000.0,3000.0
18/5/2026,Bogotá,Mr Beast Burger - Turbo,CO900428938,Mr Beast Andes - Turbo,Andes,3.38,2700.0,2700.0
18/5/2026,Bogotá,Pret Sandwich Bistro - Turbo,CO900470306,Pret Sandwich Bistro Chico - Turbo,Chicó,3.37,2700.0,2700.0
18/5/2026,Bogotá,Desayuno Mi Tierrita - Turbo,CO900470918,Desayuno Mi Tierrita Andes - Turbo,Andes,3.36,2400.0,2400.0
18/5/2026,Bogotá,Selvatiko. - Turbo,CO900475116,Selvatiko. Chapinero - Turbo,Chapinero,3.33,2400.0,2400.0
18/5/2026,Bogotá,Dembow - Turbo,CO900473656,Dembow - Usaquen - Turbo,Usaquén,3.32,2400.0,2400.0
18/5/2026,Bogotá,Honest Food Fdl - Turbo,CO900475462,Honest Food Kennedy - Turbo,Kennedy,3.32,2400.0,2400.0
18/5/2026,Bogotá,La Cuadra - Turbo,CO900464605,La Cuadra Cl 109 - Turbo,Calle 109,3.31,2400.0,2400.0
18/5/2026,Cali,Avocalia Turbo,CO900405544,Avocalia Cali - San Fernando - Turbo,San Fernando,3.31,2400.0,2400.0
18/5/2026,Cali,The Breakfast Club - Turbo,CO900475210,The Breakfast Club Santa Monica - Turbo,Santa Mónica,3.29,2400.0,2400.0
18/5/2026,Bogotá,Cacerola - Turbo,CO900416214,Cacerola Castellana - Turbo,Parque 93 / Castellana,3.25,2400.0,2400.0
18/5/2026,Bogotá,Mr Beast Burger - Turbo,CO900405271,Mr Beast Villa Del Prado - Turbo,Villa del Prado,3.24,2400.0,2400.0
18/5/2026,Bogotá,Monteverde - Turbo,CO900450767,Monteverde Colina - Turbo,Colina,3.23,2400.0,2700.0
18/5/2026,Barranquilla,Desayunos de la Abuela - Turbo,CO900446308,Desayunos de la Abuela Barranquilla - Turbo CHURNEADO,Barranquilla,3.18,2400.0,2400.0
18/5/2026,Bogotá,The Breakfast Club - Turbo,CO900475284,The Breakfast Club Chapinero - Turbo,Chapinero,3.16,2400.0,2400.0
18/5/2026,Medellín,The Breakfast Club - Turbo,CO900475214,The Breakfast Club Laurele - Turbo,Laureles,2.99,2700.0,2700.0
18/5/2026,Bogotá,la Cuadra Desayunos Caseros - Turbo,CO900467499,La Cuadra Desayunos Caceros - Villa del Prado - Turbo,Villa del Prado,2.98,2400.0,2400.0
18/5/2026,Bogotá,Mañanero Diario - Turbo,CO900476020,Mañanero Diario Chico - Turbo,Chicó,2.98,2700.0,3000.0
18/5/2026,Bucaramanga,la Cuadra Desayunos Caseros - Turbo,CO900470910,La Cuadra Desayunos Caseros Cabecera - Turbo,Cabecera (Bga),2.98,3000.0,3000.0
18/5/2026,Medellín,Dembow - Turbo,CO900473644,Dembow - Manila - Turbo,Manila,2.98,2700.0,2700.0
18/5/2026,Barranquilla,Pret Sandwich Bistro - Turbo,CO900416176,Pret Sandwich Bistro Barranquilla Nte - Turbo,Barranquilla,2.97,2700.0,2700.0
18/5/2026,Bucaramanga,Selvatiko. - Turbo,CO900475119,Selvatiko. Cabecera - Turbo,Cabecera (Bga),2.97,3000.0,3000.0
18/5/2026,Cartagena,Mr Beast Burger - Turbo,CO900481990,Mr Beast Cartagena - Turbo,Cartagena,2.96,2400.0,2400.0
18/5/2026,Medellín,Mr Beast Burger - Turbo,CO900405268,Mr Beast Manila - Turbo,Manila,2.96,2400.0,2700.0
18/5/2026,Cartagena,Ñamgucheria Sandwiches - Turbo,CO900481992,Ñamguchería Cartagena - Turbo,Cartagena,2.93,2700.0,2700.0
18/5/2026,Bogotá,Alba Vegetarian - Turbo,CO900443013,Alba Vegetarian - Colina - Turbo Carrera 53  264,Colina,2.92,2400.0,2700.0
18/5/2026,Bogotá,Alba Vegetarian - Turbo,CO900475345,Alba Vegetarian Cl 109 - Turbo,Calle 109,2.88,2400.0,2700.0
18/5/2026,Medellín,Ñamgucheria Sandwiches - Turbo,CO900439223,Ñamguchería Manila - Turbo,Manila,2.88,2700.0,2700.0
18/5/2026,Bucaramanga,Cinnabon - Turbo,CO900426807,Cinnabon Bucaramanga - Turbo,Cabecera (Bga),2.87,3000.0,3000.0
18/5/2026,Bogotá,Monteverde - Turbo,CO900463719,Monteverde Cl 109 - Turbo,Calle 109,2.81,2400.0,2700.0
18/5/2026,Medellín,Bottaniko - Turbo,CO900443506,Bottaniko Laureles - Turbo,Laureles,2.79,2700.0,2700.0
18/5/2026,Bogotá,Acpm Corrientazo - Turbo,CO900467513,Acpm Corrientazo Colina - Turbo,Colina,2.78,2400.0,2400.0
18/5/2026,Bogotá,Burritos & Co - Turbo,CO900464311,Burritos & Co Cl 109 - Turbo,Calle 109,2.76,2400.0,2700.0
18/5/2026,Bogotá,Mr Beast Burger - Turbo,CO900420303,Mr Beast Kennedy - Turbo,Kennedy,2.76,2400.0,2400.0
18/5/2026,Cali,La Cuadra - Turbo,CO900416195,La Cuadra Santa Monica - Cali - Turbo,Santa Mónica,2.76,2700.0,3000.0
18/5/2026,Bogotá,Green House Fd - Turbo,CO900438447,Green House Villa Del Prado - Turbo Cra. 55  243,Villa del Prado,2.75,2700.0,2700.0
18/5/2026,Bogotá,Burritos & Co - Turbo,CO900420641,Burritos And Co - Colina - Turbo,Colina,2.75,2400.0,2700.0
18/5/2026,Bucaramanga,Honest Food Fdl - Turbo,CO900472134,Honest Food Cabecera - Turbo,Cabecera (Bga),2.75,3000.0,3000.0
18/5/2026,Cali,Cacerola - Turbo,CO900416209,Cacerola Cali - San Fernando - Turbo,San Fernando,2.75,2400.0,2400.0
18/5/2026,Bogotá,Acpm Corrientazo - Turbo,CO900470917,Acpm Corrientazo Kennedy - Turbo,Kennedy,2.72,3000.0,3000.0
18/5/2026,Bogotá,Mañanero Diario - Turbo,CO900443497,Mañanero diario Colina - Turbo,Colina,2.71,2700.0,2700.0
18/5/2026,Bogotá,La Cuadra - Turbo,CO900416192,La Cuadra - Castellana - Turbo,Parque 93 / Castellana,2.71,2400.0,2400.0
18/5/2026,Bogotá,Bottaniko - Turbo,CO900443507,Bottaniko Chapinero - Turbo,Chapinero,2.68,2400.0,2400.0
18/5/2026,Cali,Desayuno Mi Tierrita - Turbo,CO900465164,Desayuno Mi Tierrita San Fernando Cali - Turbo,San Fernando,2.68,2100.0,2400.0
18/5/2026,Cali,Cinnabon - Turbo,CO900405124,Cinnabon San Fernando - Turbo,San Fernando,2.67,2700.0,2700.0
18/5/2026,Cali,Avocalia Turbo,CO900407400,Avocalia Santa Monica - Cali - Turbo,Santa Mónica,2.67,2400.0,2700.0
18/5/2026,Bogotá,Almuerzos D´la Casa - Turbo,CO900477128,Almuerzos D´la Casa Cl 109 - Turbo,Calle 109,2.66,2400.0,2400.0
18/5/2026,Bogotá,Pret Sandwich Bistro - Turbo,CO900416549,Pret Sandwich Bistro 93 - Turbo,Parque 93 / Castellana,2.66,3000.0,3000.0
18/5/2026,Cali,Almuerzos D´la Casa - Turbo,CO900471208,Almuerzos D´la Casa - Santa Monica - Turbo,Santa Mónica,2.66,2700.0,2700.0
18/5/2026,Medellín,Brunch & Munch - Turbo,CO900405253,Brunch & Munch Laureles - Turbo,Laureles,2.66,2700.0,2700.0
18/5/2026,Bogotá,la Cuadra Desayunos Caseros - Turbo,CO900470911,La Cuadra Desayunos Caseros Andes - Turbo,Andes,2.65,2400.0,2400.0
18/5/2026,Bogotá,Local Cocina Consciente - Turbo,CO900477107,Local - Cocina Consciente Calle 93 - Turbo,Parque 93 / Castellana,2.65,2400.0,2700.0
18/5/2026,Medellín,Sanduches el Jefe - Turbo,CO900419507,Sandwich El Jefe Manila - Turbo,Manila,2.65,2700.0,2700.0
18/5/2026,Bogotá,Avocalia Turbo,CO900405546,Avocalia - Villa Del Prado - Turbo,Villa del Prado,2.63,2400.0,2400.0
18/5/2026,Bogotá,Ñamgucheria Sandwiches - Turbo,CO900439225,Ñamguchería Chapinero - Turbo,Chapinero,2.63,2400.0,2400.0
18/5/2026,Medellín,Desayuno Mi Tierrita - Turbo,CO900465157,Desayuno Mi Tierrita Laureles - Turbo,Laureles,2.62,2700.0,2700.0
18/5/2026,Medellín,Green House Fd - Turbo,CO900438443,Green House Laureles - Turbo,Laureles,2.61,2700.0,2700.0
18/5/2026,Cali,Alba Vegetarian - Turbo,CO900443011,Alba Vegetarian - Santa Monica - Turbo,Santa Mónica,2.59,2400.0,2400.0
18/5/2026,Medellín,Sanduches el Jefe - Turbo,CO900419500,Sandwich El Jefe Laureles - Turbo,Laureles,2.59,2700.0,2700.0
18/5/2026,Cartagena,Brunch & Munch - Turbo,CO900481032,Brunch & Munch - Cartagena - Turbo,Cartagena,2.58,2400.0,2400.0
18/5/2026,Medellín,Ñamgucheria Sandwiches - Turbo,CO900439222,Ñamguchería Laureles - Turbo,Laureles,2.58,2700.0,2700.0
18/5/2026,Barranquilla,Brunch & Munch - Turbo,CO900405255,Brunch & Munch Barranquilla - Turbo,Barranquilla,2.57,2100.0,2400.0
18/5/2026,Bogotá,Avocalia Turbo,CO900464312,Avocalia Cl 109 - Turbo,Calle 109,2.57,2400.0,2700.0
18/5/2026,Bucaramanga,House Of Salads - Turbo,CO900476073,House Of Salads Cabecera - Turbo,Cabecera (Bga),2.54,3000.0,3000.0
18/5/2026,Cali,Almuerzos D´la Casa - Turbo,CO900471211,Almuerzos D´la Casa - San Fernando - Turbo,San Fernando,2.52,3000.0,3000.0
18/5/2026,Bucaramanga,Ñamgucheria Sandwiches - Turbo,CO900440620,Ñamguchería Bucaramanga. - Turbo,Cabecera (Bga),2.48,2400.0,2700.0
18/5/2026,Medellín,Cacerola - Turbo,CO900416206,Cacerola Manila - Medellin - Turbo,Manila,2.47,2700.0,2700.0
18/5/2026,Bogotá,Señor Burrito. - Turbo,CO900467421,Señor Burrito - Villa del Prado - Turbo,Villa del Prado,2.46,2400.0,2400.0
18/5/2026,Bogotá,Brunch & Munch - Turbo,CO900426740,Brunch & Munch Andes - Turbo,Andes,2.44,2400.0,2400.0
18/5/2026,Bogotá,Green House Fd - Turbo,CO900438452,Green House Chapinero - Turbo,Chapinero,2.44,2400.0,2700.0
18/5/2026,Cali,Cinnabon - Turbo,CO900407398,Cinnabon Santa Mónica (Cali Norte) - Turbo,Santa Mónica,2.44,2700.0,3000.0
18/5/2026,Bogotá,Honest Food Fdl - Turbo,CO900472138,Honest Food Calle 93 - Turbo,Parque 93 / Castellana,2.41,2400.0,2400.0
18/5/2026,Bogotá,La Cuadra - Turbo,CO900420509,La Cuadra - Kennedy - Turbo,Kennedy,2.39,2700.0,2700.0
18/5/2026,Bogotá,Selvatiko. - Turbo,CO900475118,Selvatiko. Villa del prado - Turbo,Villa del Prado,2.38,3000.0,3000.0
18/5/2026,Bogotá,Green House Fd - Turbo,CO900438446,Green House Kennedy - Turbo,Kennedy,2.37,2400.0,2700.0
18/5/2026,Bogotá,House Of Salads - Turbo,CO900445607,House Of Salad Calle 93 - Turbo,Parque 93 / Castellana,2.35,2400.0,2400.0
18/5/2026,Bogotá,Señor Burrito. - Turbo,CO900467418,Señor Burrito 93 - Turbo,Parque 93 / Castellana,2.31,2400.0,2400.0
18/5/2026,Cali,Local Cocina Consciente - Turbo,CO900477097,Local - Cocina Consciente San Fernando - Turbo,San Fernando,2.31,2400.0,2700.0
18/5/2026,Bogotá,Avocalia Turbo,CO900410780,Avocalia Chicó - Turbo,Chicó,2.28,3000.0,3000.0
18/5/2026,Cali,House Of Salads - Turbo,CO900445671,House Of Salad San Fernando - Turbo,San Fernando,2.28,2700.0,3000.0
18/5/2026,Bogotá,Foodology Court - Turbo,CO900471304,Foodology Kennedy - Turbo,Kennedy,2.26,2400.0,2400.0
18/5/2026,Bogotá,Cinnabon - Turbo,CO900463784,Cinnabon Cl 109 - Turbo,Calle 109,2.25,2700.0,3000.0
18/5/2026,Bogotá,Almuerzos D´la Casa - Turbo,CO900471209,Almuerzos D´la Casa - 93 - Turbo,Parque 93 / Castellana,2.25,2400.0,2700.0
18/5/2026,Bucaramanga,Avocalia Turbo,CO900427112,Avocalia Bucaramanga - Turbo,Cabecera (Bga),2.24,3000.0,3000.0
18/5/2026,Bogotá,Foodology Court - Turbo,CO900465138,Foodology Cl 109 - Turbo Cl. 109 #15-28,Calle 109,2.23,2400.0,3000.0
18/5/2026,Bucaramanga,Monteverde - Turbo,CO900450765,Monteverde Cabecera - Turbo,Cabecera (Bga),2.23,3000.0,3000.0
18/5/2026,Medellín,Desayunos de la Abuela - Turbo,CO900446317,Desayunos de la Abuela Laureles - Turbo,Laureles,2.23,2700.0,2700.0
18/5/2026,Medellín,Avocalia Turbo,CO900405766,Avocalia Laureles - Turbo,Laureles,2.23,2700.0,2700.0
18/5/2026,Bucaramanga,Mañanero Diario - Turbo,CO900443504,Mañanero diario Bucaramanga - Turbo,Cabecera (Bga),2.21,2700.0,2700.0
18/5/2026,Medellín,Burritos & Co - Turbo,CO900410568,Burritos And Co Laureles - Turbo,Laureles,2.21,2700.0,2700.0
18/5/2026,Medellín,Monteverde - Turbo,CO900450764,Monteverde Laureles - Turbo Calle 32F,Laureles,2.19,2700.0,2700.0
18/5/2026,Barranquilla,Bottaniko - Turbo,CO900443515,Bottaniko Barranquilla - Turbo,Barranquilla,2.18,3000.0,3000.0
18/5/2026,Bogotá,House Of Salads - Turbo,CO900476070,House Of Salads Andes - Turbo,Andes,2.18,2400.0,2400.0
18/5/2026,Cali,Alba Vegetarian - Turbo,CO900443016,Alba Vegetarian - San Fernando - Turbo,San Fernando,2.18,2400.0,2700.0
18/5/2026,Medellín,Desayunos de la Abuela - Turbo,CO900446309,Desayunos de la Abuela Manila - Turbo,Manila,2.18,2700.0,2700.0
18/5/2026,Barranquilla,Green House Fd - Turbo,CO900438451,Green House Barranquilla - Turbo,Barranquilla,2.17,2400.0,2700.0
18/5/2026,Bogotá,Almuerzos D´la Casa - Turbo,CO900471212,Almuerzos D´la Casa - Colina - Turbo,Colina,2.16,2700.0,2700.0
18/5/2026,Bucaramanga,La Cuadra - Turbo,CO900426535,La Cuadra - Bucaramanga - Turbo,Cabecera (Bga),2.16,3000.0,3000.0
18/5/2026,Bogotá,Avocalia Turbo,CO900409671,Avocalia Chapinero - Turbo,Chapinero,2.15,2400.0,2700.0
18/5/2026,Bogotá,The Breakfast Club - Turbo,CO900475212,The Breakfast Club Andes - Turbo,Andes,2.14,2400.0,2400.0
18/5/2026,Bogotá,La Cuadra - Turbo,CO900416199,La Cuadra - Chapinero - Turbo,Chapinero,2.14,2400.0,2700.0
18/5/2026,Cali,Acpm Corrientazo - Turbo,CO900467509,Acpm Corrientazo Santa Mónica (Cali Norte) - Turbo,Santa Mónica,2.13,2400.0,3000.0
18/5/2026,Medellín,Cinnabon - Turbo,CO900396466,Cinnabon Laureles - Turbo,Laureles,2.13,2700.0,2700.0
18/5/2026,Bogotá,Almuerzos D´la Casa - Turbo,CO900471206,Almuerzos D` la Casa - Villa del Prado - Turbo,Villa del Prado,18.87,2400.0,2400.0
18/5/2026,Bogotá,Desayuno Mi Tierrita - Turbo,CO900465166,Desayuno Mi Tierrita - Colina - Turbo,Colina,15.18,2400.0,2400.0
18/5/2026,Bogotá,Cacerola - Turbo,CO900416213,Cacerola Usaquen - Turbo,Usaquén,1.99,2400.0,2700.0
18/5/2026,Bogotá,Alba Vegetarian - Turbo,CO900443017,Alba Vegetarian - Calle 93 - Turbo,Parque 93 / Castellana,1.98,2700.0,2700.0
18/5/2026,Bogotá,Monteverde - Turbo,CO900476065,Monteverde Kennedy - Turbo,Kennedy,1.96,2400.0,2700.0
18/5/2026,Bogotá,House Of Salads - Turbo,CO900445673,House Of Salad Chapinero - Turbo,Chapinero,1.96,2400.0,2400.0
18/5/2026,Bogotá,Frost By Oreo - Turbo,CO900419498,Frost By Oreo Chico - Turbo,Chicó,1.94,3000.0,3000.0
18/5/2026,Bogotá,Cacerola - Turbo,CO900416212,Cacerola Chapinero - Turbo,Chapinero,1.94,2400.0,2400.0
18/5/2026,Cali,Helados San Jerónimo - Turbo,CO900407396,Heladería San Jerónimo Santa Mónica (Cali Norte) - Turbo,Santa Mónica,1.94,2400.0,2400.0
18/5/2026,Bogotá,Monteverde - Turbo,CO900450773,Monteverde Villa Del Prado - Turbo,Villa del Prado,1.92,2400.0,2700.0
18/5/2026,Bucaramanga,Burritos & Co - Turbo,CO900426541,Burritos & Co Bucaramanga - Turbo,Cabecera (Bga),1.92,3000.0,3000.0
18/5/2026,Bogotá,Foodology Court - Turbo,CO900465146,Foodology Chapinero - Turbo Cra. 8 #66-88,Chapinero,1.91,3000.0,3000.0
18/5/2026,Barranquilla,Alba Vegetarian - Turbo,CO900443015,Alba Vegetarian - Norte - Turbo,Barranquilla,1.88,2700.0,2700.0
18/5/2026,Barranquilla,La Cuadra - Turbo,CO900416197,La Cuadra Barranquilla Norte - Turbo,Barranquilla,1.88,2700.0,2700.0
18/5/2026,Bogotá,Cacerola - Turbo,CO900416208,Cacerola - Villa del Prado  - Turbo,Villa del Prado,1.88,2700.0,2700.0
18/5/2026,Cartagena,Pret Sandwich Bistro - Turbo,CO900481996,Pret Sandwich Bistro Cartagena - Turbo,Cartagena,1.87,2400.0,2400.0
18/5/2026,Cartagena,Acpm Corrientazo - Turbo,CO900479517,Acpm Corrientazo Cartagena - Turbo,Cartagena,1.83,2400.0,2400.0
18/5/2026,Bogotá,Señor Burrito. - Turbo,CO900471311,Señor Burrito Andes - Turbo,Andes,1.82,2400.0,2400.0
18/5/2026,Medellín,Mañanero Diario - Turbo,CO900443494,Mañanero diario Laureles - Turbo,Laureles,1.82,2700.0,2700.0
18/5/2026,Barranquilla,Monteverde - Turbo,CO900450774,Monteverde Barranquilla - Turbo,Barranquilla,1.79,3000.0,3000.0
18/5/2026,Barranquilla,Foodology Court - Turbo,CO900465150,Foodology Barranquilla Nte - Turbo Cra. 45 #85-168,Barranquilla,1.79,2700.0,2700.0
18/5/2026,Bogotá,Burritos & Co - Turbo,CO900410574,Burritos And Co - Calle 174 - Turbo,Otra,1.79,2400.0,2400.0
18/5/2026,Bogotá,Honest Food Fdl - Turbo,CO900475459,Honest Food Andes - Turbo,Andes,1.78,2400.0,2700.0
18/5/2026,Barranquilla,Burrito Cantina - Turbo,CO900467386,Burrito Cantina Barranquilla Norte - Turbo,Barranquilla,1.77,2700.0,2700.0
18/5/2026,Bogotá,La Cuadra - Turbo,CO900416194,La Cuadra - Usaquén - Turbo,Usaquén,1.77,2700.0,2700.0
18/5/2026,Bogotá,Monteverde - Turbo,CO900476066,Monteverde Andes - Turbo,Andes,1.76,2400.0,2700.0
18/5/2026,Bogotá,Burritos & Co - Turbo,CO900420642,Burritos And Co - Kennedy - Turbo,Kennedy,1.75,2400.0,2700.0
18/5/2026,Bucaramanga,Almuerzos D´la Casa - Turbo,CO900471204,Almuerzos D´la Casa - Cabecera - Turbo,Cabecera (Bga),1.75,2700.0,2700.0
18/5/2026,Bogotá,Burrito Cantina - Turbo,CO900470960,Burrito Cantina Kennedy - Turbo,Kennedy,1.74,3000.0,3000.0
18/5/2026,Cartagena,Señor Burrito. - Turbo,CO900482004,Señor Burrito Cartagena - Turbo,Cartagena,1.74,2400.0,2700.0
18/5/2026,Cali,Dembow - Turbo,CO900473655,Dembow - San Fernando - Turbo,San Fernando,1.72,2400.0,2400.0
18/5/2026,Bogotá,Mr Beast Burger - Turbo,CO900409679,Mr Beast Usaquén - Turbo,Usaquén,1.71,2400.0,2700.0
18/5/2026,Bogotá,Dembow - Turbo,CO900473645,Dembow - Chapinero - Turbo,Chapinero,1.69,2400.0,2400.0
18/5/2026,Bogotá,Sanduches el Jefe - Turbo,CO900419505,Sandwich el Jefe Usaquen - Turbo Calle 120A #3A11 236,Usaquén,1.68,2400.0,2700.0
18/5/2026,Barranquilla,House Of Salads - Turbo,CO900445675,House Of Salad Barranquilla - Turbo,Barranquilla,1.67,2400.0,2400.0
18/5/2026,Bogotá,Doritos Locos By Dorito - Turbo,CO900473565,Doritos Locos By Dorito Kennedy - Turbo,Kennedy,1.65,2400.0,2400.0
18/5/2026,Bogotá,Green House Fd - Turbo,CO900438448,Green House Usaquen - Turbo,Usaquén,1.64,2700.0,2700.0
18/5/2026,Bogotá,Avocalia Turbo,CO900420304,Avocalia - Kennedy - Turbo,Kennedy,1.62,2700.0,2700.0
18/5/2026,Bogotá,Selvatiko. - Turbo,CO900475122,Selvatiko. Usaquén - Turbo,Usaquén,1.59,2400.0,2400.0
18/5/2026,Bogotá,Doritos Locos By Dorito - Turbo,CO900472112,Doritos Locos By Dorito Chapinero - Turbo,Chapinero,1.58,2700.0,2700.0
18/5/2026,Barranquilla,Cinnabon - Turbo,CO900414571,Cinnabon Barranquilla Norte - Turbo,Barranquilla,1.57,2700.0,2700.0
18/5/2026,Cali,Acpm Corrientazo - Turbo,CO900467504,Acpm Corrientazo San Fernando - Turbo,San Fernando,1.55,2700.0,3000.0
18/5/2026,Medellín,Brunch & Munch - Turbo,CO900405254,Brunch & Munch Manila - Medellin - Turbo,Manila,1.53,2700.0,2700.0
18/5/2026,Medellín,The Breakfast Club - Turbo,CO900475283,The Breakfast Club Manila - Turbo,Manila,1.51,2700.0,2700.0
18/5/2026,Barranquilla,Burritos & Co - Turbo,CO900410570,Burritos & Co Barranquilla - Turbo,Barranquilla,1.49,2700.0,2700.0
18/5/2026,Cali,Bottaniko - Turbo,CO900443509,Bottaniko Santa Monica - Cali - Turbo,Santa Mónica,1.48,3000.0,3000.0
18/5/2026,Medellín,Señor Burrito. - Turbo,CO900467423,Señor Burrito Laureles - Turbo,Laureles,1.47,2700.0,2700.0
18/5/2026,Bogotá,Cinnabon - Turbo,CO900416553,Cinnabon Villa Del Prado - Turbo,Villa del Prado,1.46,2700.0,2700.0
18/5/2026,Bogotá,Honest Food Fdl - Turbo,CO900472136,Honest Food Usaquen - Turbo,Usaquén,1.46,2400.0,2700.0
18/5/2026,Bogotá,Selvatiko. - Turbo,CO900475121,Selvatiko. Andes - Turbo,Andes,1.46,2700.0,2700.0
18/5/2026,Bogotá,Almuerzos D´la Casa - Turbo,CO900471210,Almuerzos D´la Casa - Chapinero - Turbo,Chapinero,1.46,2400.0,2400.0
18/5/2026,Medellín,Pret Sandwich Bistro - Turbo,CO900416173,Pret Sándwich Bistro Laureles - Turbo Calle,Laureles,1.46,2700.0,2700.0
18/5/2026,Bogotá,Green House Fd - Turbo,CO900438442,Green House Colina - Turbo,Colina,1.44,2400.0,2400.0
18/5/2026,Bogotá,Selvatiko. - Turbo,CO900476479,Selvatiko Chico - Turbo,Chicó,1.43,2400.0,3000.0
18/5/2026,Medellín,Honest Food Fdl - Turbo,CO900472143,Honest Food Manila - Turbo,Manila,1.43,2700.0,2700.0
18/5/2026,Medellín,Burrito Cantina - Turbo,CO900467385,Burrito Cantina Laureles - Turbo,Laureles,1.43,2700.0,2700.0
18/5/2026,Cartagena,La Cuadra - Turbo,CO900481970,La Cuadra - Cartagena - Turbo,Cartagena,1.42,2400.0,2700.0
18/5/2026,Bogotá,Alba Vegetarian - Turbo,CO900475221,Alba Vegetarian - Andes - Turbo,Andes,1.41,2400.0,2700.0
18/5/2026,Bogotá,Avocalia Turbo,CO900473671,Avocalia Andes Mp - Turbo,Andes,1.41,2400.0,2700.0
18/5/2026,Bogotá,Vicio - Turbo,CO900405129,Vicio Villa Del Prado - Turbo,Villa del Prado,1.39,3000.0,3000.0
18/5/2026,Cartagena,Green House Fd - Turbo,CO900481820,Green House Cartagena - Turbo,Cartagena,1.39,2400.0,2700.0
18/5/2026,Bogotá,Avocalia Turbo,CO900401242,Avocalia - Castellana - Turbo,Parque 93 / Castellana,1.37,2400.0,2400.0
18/5/2026,Bogotá,Burritos & Co - Turbo,CO900426540,Burritos & Co Andes - Turbo,Andes,1.36,2700.0,2700.0
18/5/2026,Bogotá,Cacerola - Turbo,CO900473675,Cacerola - Andes - Turbo,Andes,1.35,2400.0,2400.0
18/5/2026,Medellín,La Cuadra - Turbo,CO900416201,La Cuadra Manila - Medellin - Turbo,Manila,1.35,2700.0,2700.0
18/5/2026,Barranquilla,Almuerzos D´la Casa - Turbo,CO900471203,Almuerzos D´la Casa - Barranquilla Norte - Turbo,Barranquilla,1.33,3000.0,3000.0
18/5/2026,Medellín,Señor Burrito. - Turbo,CO900467427,Señor Burrito Manila - Turbo,Manila,1.33,2700.0,2700.0
18/5/2026,Bogotá,Alba Vegetarian - Turbo,CO900443012,Alba Vegetarian - Usaquen - Turbo,Usaquén,1.32,2700.0,2700.0
18/5/2026,Bogotá,Monteverde - Turbo,CO900449821,MonteVerde Calle 93 - Turbo,Parque 93 / Castellana,1.31,2400.0,2400.0
18/5/2026,Barranquilla,Selvatiko. - Turbo,CO900475115,Selvatiko. Barranquilla Norte - Turbo,Barranquilla,1.29,2400.0,2400.0
18/5/2026,Bogotá,Avocalia Turbo,CO900401243,Avocalia Usaquén - Turbo,Usaquén,1.29,3000.0,3000.0
18/5/2026,Bucaramanga,Alba Vegetarian - Turbo,CO900443010,Alba Vegetarian - Cabecera - Turbo,Cabecera (Bga),1.29,3000.0,3000.0
18/5/2026,Medellín,Acpm Corrientazo - Turbo,CO900467512,Acpm Corrientazo Manila - Turbo,Manila,1.29,2700.0,2700.0
18/5/2026,Bogotá,Burrito Cantina - Turbo,CO900465172,Burrito Cantina Cl 109 - Turbo,Calle 109,1.28,2400.0,2400.0
18/5/2026,Bogotá,Frost By Oreo - Turbo,CO900400262,Frost By Oreo Castellana - Turbo,Parque 93 / Castellana,1.27,2400.0,2700.0
18/5/2026,Bogotá,Almuerzos D´la Casa - Turbo,CO900475129,Almuerzos D` La Casa - Kennedy - Turbo,Kennedy,1.26,2400.0,2700.0
18/5/2026,Medellín,Burritos & Co - Turbo,CO900410576,Burritos & Co Manila - Medellin - Turbo,Manila,1.25,2700.0,2700.0
18/5/2026,Bogotá,La Cuadra - Turbo,CO900426536,La Cuadra - Andes - Turbo,Andes,1.24,2700.0,2700.0
18/5/2026,Bogotá,Almuerzos D´la Casa - Turbo,CO900464931,Almuerzos D´la Casa - Usaquen - Turbo,Usaquén,1.23,2400.0,2700.0
18/5/2026,Medellín,Selvatiko. - Turbo,CO900475117,Selvatiko. Manila - Turbo,Manila,1.19,2700.0,2700.0
18/5/2026,Cartagena,Honest Food Fdl - Turbo,CO900481826,Honest Food Cartagena - Turbo,Cartagena,1.17,2400.0,2700.0
18/5/2026,Bucaramanga,Acpm Corrientazo - Turbo,CO900467507,Acpm Corrientazo Bucaramanga - Turbo,Cabecera (Bga),1.16,3000.0,3000.0
18/5/2026,Bogotá,House Of Salads - Turbo,CO900445678,House Of Salad Usaquen - Turbo,Usaquén,1.15,2700.0,2700.0
18/5/2026,Bogotá,Frost By Oreo - Turbo,CO900420276,Frost by Oreo Colina - Turbo,Colina,1.15,3000.0,3000.0
18/5/2026,Bogotá,Almuerzos D´la Casa - Turbo,CO900473543,Almuerzos D´la Casa - Andes - Turbo,Andes,1.14,2700.0,2700.0
18/5/2026,Medellín,Avocalia Turbo,CO900405545,Avocalia - Manila - Turbo,Manila,1.13,2700.0,2700.0
18/5/2026,Medellín,Foodology Court - Turbo,CO900465144,Foodology Laureles - Turbo Calle 32f #66b-254,Laureles,1.13,2700.0,2700.0
18/5/2026,Bogotá,Vicio - Turbo,CO900426529,Vicio Andes - Turbo,Andes,0.99,3000.0,3000.0
18/5/2026,Bogotá,Foodology Court - Turbo,CO900465154,Foodology Villa Del Prado - Turbo Cra. 55 #172-27,Villa del Prado,0.97,2400.0,2400.0
18/5/2026,Bogotá,Monteverde - Turbo,CO900450766,Monteverde Usaquen - Turbo,Usaquén,0.97,2700.0,3000.0
18/5/2026,Bogotá,Mañanero Diario - Turbo,CO900475200,Mañanero Andes - Turbo,Andes,0.95,3000.0,3000.0
18/5/2026,Bogotá,Doritos Locos By Dorito - Turbo,CO900472107,Doritos Locos By Dorito Calle 93 - Turbo,Parque 93 / Castellana,0.95,2400.0,2700.0
18/5/2026,Cartagena,Burritos & Co - Turbo,CO900481037,Burritos & Co - Cartagena - Turbo,Cartagena,0.93,2400.0,2700.0
18/5/2026,Medellín,Mañanero Diario - Turbo,CO900443495,Mañanero diario Manila - Turbo,Manila,0.87,2700.0,2700.0
18/5/2026,Medellín,Acpm Corrientazo - Turbo,CO900467505,Acpm Corrientazo Laureles - Turbo,Laureles,0.87,2700.0,2700.0
18/5/2026,Bucaramanga,Helados San Jerónimo - Turbo,CO900426594,Heladería San Jerónimo Bucaramanga - Turbo,Cabecera (Bga),0.85,3000.0,3000.0
18/5/2026,Cali,Frost By Oreo - Turbo,CO900407399,Frost By Oreo Santa Mónica (Cali Norte) - Turbo,Santa Mónica,0.84,3000.0,3000.0
18/5/2026,Bucaramanga,Desayuno Mi Tierrita - Turbo,CO900465167,Desayuno Mi Tierrita - Cabecera - Turbo,Cabecera (Bga),0.83,3000.0,3000.0
18/5/2026,Barranquilla,Acpm Corrientazo - Turbo,CO900467508,Acpm Corrientazo Barranquilla Norte - Turbo,Barranquilla,0.82,2700.0,3000.0
18/5/2026,Medellín,Vicio - Turbo,CO900396759,Vicio Laureles - Turbo,Laureles,0.81,2700.0,2700.0
18/5/2026,Bogotá,Burrito Cantina - Turbo,CO900467378,Burrito Cantina Colina - Turbo,Colina,0.8,2400.0,2400.0
18/5/2026,Medellín,Pret Sandwich Bistro - Turbo,CO900416174,Pret Sándwich Bistro Manila - Turbo,Manila,0.8,2700.0,2700.0
18/5/2026,Bogotá,Vicio - Turbo,CO900420288,Vicio Kennedy - Turbo,Kennedy,0.75,3000.0,3000.0
18/5/2026,Bogotá,Mañanero Diario - Turbo,CO900475199,Mañanero Kennedy - Turbo,Kennedy,0.75,2400.0,2400.0
18/5/2026,Bogotá,Helados San Jerónimo - Turbo,CO900414572,Heladería San Jerónimo Villa Del Prado - Turbo,Villa del Prado,0.74,3000.0,3000.0
18/5/2026,Cali,Helados San Jerónimo - Turbo,CO900405136,Heladería San Jerónimo San Fernando - Turbo,San Fernando,0.73,3000.0,3000.0
18/5/2026,Cali,Frost By Oreo - Turbo,CO900405217,Frost By Oreo San Fernando - Turbo,San Fernando,0.73,2700.0,2700.0
18/5/2026,Medellín,Foodology Court - Turbo,CO900465147,Foodology Manila - Turbo Cra. 42 #10-65,Manila,0.71,2700.0,2700.0
18/5/2026,Bogotá,Helados San Jerónimo - Turbo,CO900420290,San Jeronomio - Colina - Turbo,Colina,0.7,3000.0,3000.0
18/5/2026,Bogotá,Doritos Locos By Dorito - Turbo,CO900473563,Doritos Locos By Dorito Andes - Turbo,Andes,0.68,3000.0,3000.0
18/5/2026,Bogotá,Frost By Oreo - Turbo,CO900409684,Frost By Oreo Chapinero - Turbo,Chapinero,0.68,2700.0,2700.0
18/5/2026,Bogotá,Pret Sandwich Bistro - Turbo,CO900473669,Pret Sandwich Bistro Kennedy - Turbo,Kennedy,0.67,2700.0,2700.0
18/5/2026,Medellín,la Cuadra Desayunos Caseros - Turbo,CO900467500,La Cuadra Desayunos Caseros Manila - Turbo,Manila,0.67,2700.0,2700.0
18/5/2026,Bogotá,Doritos Locos By Dorito - Turbo,CO900472102,Doritos Locos By Dorito Usaquen - Turbo,Usaquén,0.66,3000.0,3000.0
18/5/2026,Bucaramanga,Frost By Oreo - Turbo,CO900426531,Frost by Oreo Bucaramanga - Turbo,Cabecera (Bga),0.66,3000.0,3000.0
18/5/2026,Barranquilla,Vicio - Turbo,CO900410120,Vicio Barranquilla Norte - Turbo,Barranquilla,0.65,3000.0,3000.0
18/5/2026,Bogotá,Vicio - Turbo,CO900420289,Vicio Colina - Turbo,Colina,0.65,2700.0,3000.0
18/5/2026,Bogotá,Vicio - Turbo,CO900400178,Vicio Castellana - Turbo,Parque 93 / Castellana,0.65,2400.0,2700.0
18/5/2026,Cartagena,Helados San Jerónimo - Turbo,CO900481999,Heladería San Jerónimo Cartagena - Turbo,Cartagena,0.64,2700.0,3000.0
18/5/2026,Barranquilla,la Cuadra Desayunos Caseros - Turbo,CO900467494,La Cuadra Desayunos Caseros Barranquilla Norte - Turbo,Barranquilla,0.63,2400.0,2400.0
18/5/2026,Bogotá,Vicio - Turbo,CO900409686,Vicio Chapinero - Turbo,Chapinero,0.63,2400.0,2700.0
18/5/2026,Cartagena,Vicio - Turbo,CO900482006,Vicio Cartagena - Turbo,Cartagena,0.63,3000.0,3000.0
18/5/2026,Cartagena,Almuerzos D´la Casa - Turbo,CO900479595,Almuerzos D´la Casa - Cartagena - Turbo,Cartagena,0.61,2400.0,2400.0
18/5/2026,Bogotá,House Of Salads - Turbo,CO900476071,House Of Salads Kennedy - Turbo,Kennedy,0.6,2400.0,2400.0
18/5/2026,Medellín,Helados San Jerónimo - Turbo,CO900405135,Heladería San Jerónimo Laureles - Turbo,Laureles,0.6,2700.0,2700.0
18/5/2026,Bogotá,Acpm Corrientazo - Turbo,CO900470916,Acpm Corrientazo Andes - Turbo,Andes,0.59,2700.0,2700.0
18/5/2026,Cali,Señor Burrito. - Turbo,CO900467417,Señor Burrito Santa Monica - Turbo,Santa Mónica,0.59,3000.0,3000.0
18/5/2026,Cartagena,Burrito Cantina - Turbo,CO900481034,Burrito Cantina Cartagena - Turbo,Cartagena,0.58,2400.0,2400.0
18/5/2026,Bogotá,Helados San Jerónimo - Turbo,CO900409698,Heladería San Jerónimo Chapinero - Turbo,Chapinero,0.57,3000.0,3000.0
18/5/2026,Cali,Vicio - Turbo,CO900405131,Vicio San Fernando - Turbo,San Fernando,0.56,2400.0,2700.0
18/5/2026,Bogotá,Helados San Jerónimo - Turbo,CO900426595,Heladería San Jerónimo Andes - Turbo,Andes,0.55,3000.0,3000.0
18/5/2026,Medellín,Frost By Oreo - Turbo,CO900396768,Frost By Oreo Laureles - Turbo,Laureles,0.53,2700.0,2700.0
18/5/2026,Bogotá,Señor Burrito. - Turbo,CO900467416,Señor Burrito Usaquen - Turbo,Usaquén,0.51,3000.0,3000.0
18/5/2026,Barranquilla,Frost By Oreo - Turbo,CO900410135,Frost By Oreo Barranquilla Norte - Turbo,Barranquilla,0.49,3000.0,3000.0
18/5/2026,Cartagena,Desayuno Mi Tierrita - Turbo,CO900481379,Desayuno Mi Tierrita Cartagena - Turbo,Cartagena,0.47,2400.0,2400.0
18/5/2026,Bogotá,Frost By Oreo - Turbo,CO900405219,Frost By Oreo Villa Del Prado - Turbo,Villa del Prado,0.46,3000.0,3000.0
18/5/2026,Bogotá,Mañanero Diario - Turbo,CO900443496,Mañanero Diario Usaquén - Turbo,Usaquén,0.45,2400.0,3000.0
18/5/2026,Barranquilla,Helados San Jerónimo - Turbo,CO900410462,Heladería San Jerónimo Barranquilla Norte - Turbo,Barranquilla,0.44,3000.0,3000.0
18/5/2026,Bogotá,Mañanero Diario - Turbo,CO900443502,Mañanero diario Villa del Prado - Turbo,Villa del Prado,0.44,2700.0,2700.0
18/5/2026,Bogotá,Frost By Oreo - Turbo,CO900400261,Frost By Oreo Usaquén - Turbo,Usaquén,0.43,3000.0,3000.0
18/5/2026,Bogotá,Frost By Oreo - Turbo,CO900426530,Frost by Oreo Andes - Turbo,Andes,0.43,3000.0,3000.0
18/5/2026,Bogotá,Helados San Jerónimo - Turbo,CO900420291,Heladería San Jerónimo Kennedy - Turbo,Kennedy,0.4,3000.0,3000.0
18/5/2026,Barranquilla,Cacerola - Turbo,CO900416210,Cacerola Barranquilla - Turbo,Barranquilla,0.39,2700.0,3000.0
18/5/2026,Bogotá,la Cuadra Desayunos Caseros - Turbo,CO900467497,La Cuadra Desayunos Caseros 93 - Turbo,Parque 93 / Castellana,0.38,3000.0,3000.0
18/5/2026,Bogotá,Helados San Jerónimo - Turbo,CO900400750,Heladería San Jerónimo Castellana - Turbo Calle 93  247,Parque 93 / Castellana,0.38,3000.0,3000.0
18/5/2026,Bogotá,Dembow - Turbo,CO900473651,Dembow - Villa Del Prado - Turbo,Villa del Prado,0.37,2400.0,2700.0
18/5/2026,Bogotá,Sanduches el Jefe - Turbo,CO900419502,Sandwich El Jefe Chapinero - Turbo,Chapinero,0.35,2400.0,2400.0
18/5/2026,Bogotá,Bottaniko - Turbo,CO900475790,Bottaniko - Kennedy - Turbo,Kennedy,0.33,2700.0,3000.0
18/5/2026,Cali,Pret Sandwich Bistro - Turbo,CO900416171,Pret Sandwich Bistro San Fernando - Turbo,San Fernando,0.33,2400.0,3000.0
18/5/2026,Bogotá,Helados San Jerónimo - Turbo,CO900400749,San Jeronimo - Usaquén - Turbo,Usaquén,0.3,3000.0,3000.0
18/5/2026,Bogotá,Burrito Cantina - Turbo,CO900467379,Burrito Cantina Villa del Prado - Turbo,Villa del Prado,0.28,2700.0,2700.0
18/5/2026,Bogotá,Vicio - Turbo,CO900400179,Vicio Usaquén - Turbo,Usaquén,0.28,3000.0,3000.0
18/5/2026,Bogotá,Frost By Oreo - Turbo,CO900420277,Frost By Oreo Kennedy - Turbo,Kennedy,0.27,2700.0,3000.0
18/5/2026,Bogotá,Acpm Corrientazo - Turbo,CO900467506,Acpm Corrientazo Usaquén - Turbo,Usaquén,0.26,3000.0,3000.0
18/5/2026,Cartagena,la Cuadra Desayunos Caseros - Turbo,CO900481966,La Cuadra Desayunos Caseros Cartagena - Turbo,Cartagena,0.24,2400.0,2400.0
18/5/2026,Cali,Mañanero Diario - Turbo,CO900443493,Mañanero diario San Fernando - Turbo,San Fernando,0.21,2400.0,2400.0
18/5/2026,Medellín,Helados San Jerónimo - Turbo,CO900405137,Heladería San Jerónimo Manila - Turbo,Manila,0.2,2700.0,2700.0
18/5/2026,Medellín,Frost By Oreo - Turbo,CO900405218,Frost By Oreo Manila - Turbo,Manila,0.17,2700.0,2700.0
18/5/2026,Bogotá,Bottaniko - Turbo,CO900475791,Bottaniko - Andes - Turbo,Andes,0.13,2400.0,2700.0
18/5/2026,Cali,Ñamgucheria Sandwiches - Turbo,CO900439227,Ñamguchería San Fernando - Turbo,San Fernando,12.0,2400.0,2400.0
18/5/2026,Cali,Brunch & Munch - Turbo,CO900405252,Brunch & Munch Cali - San Fernando - Turbo,San Fernando,11.0,2400.0,2400.0
18/5/2026,Cali,Cacerola - Turbo,CO900416207,Cacerola Santa Monica - Cali - Turbo,Santa Mónica,10.0,2400.0,2400.0
18/5/2026,Bogotá,Desayuno Mi Tierrita - Turbo,CO900465163,Desayuno Mi Tierrita Chapinero - Turbo,Chapinero,8.0,2400.0,2400.0
18/5/2026,Cali,Brunch & Munch - Turbo,CO900407412,Brunch And Munch Santa Monica - Cali - Turbo,Santa Mónica,8.0,2400.0,2400.0
18/5/2026,Cali,la Cuadra Desayunos Caseros - Turbo,CO900467501,La Cuadra Desayunos Santa Mónica - Turbo,Santa Mónica,8.0,2400.0,2400.0
18/5/2026,Cali,Foodology Court - Turbo,CO900465152,Foodology Santa Mónica Clo - Turbo Calle 34 Norte 2bn 33,Santa Mónica,5.0,2700.0,2700.0
18/5/2026,Bogotá,la Cuadra Desayunos Caseros - Turbo,CO900464914,la Cuadra - Cl 109 - Turbo,Calle 109,5.0,2400.0,2400.0
18/5/2026,Bogotá,The Breakfast Club - Turbo,CO900475281,The Breakfast Club Colina - Turbo,Colina,5.0,2400.0,2400.0
18/5/2026,Bogotá,Brunch & Munch - Turbo,CO900409673,Brunch & Munch Castellana - Turbo,Parque 93 / Castellana,5.0,2400.0,2400.0
18/5/2026,Bogotá,The Breakfast Club - Turbo,CO900475213,The Breakfast Club Chico - Turbo,Chicó,5.0,2100.0,2400.0
18/5/2026,Cali,Dembow - Turbo,CO900473646,Dembow - Santa Mónica - Turbo,Santa Mónica,5.0,2400.0,2400.0
18/5/2026,Medellín,la Cuadra Desayunos Caseros - Turbo,CO900470909,La Cuadra Desayunos Caseros Laureles - Turbo,Laureles,5.0,2700.0,2700.0
18/5/2026,Bogotá,Dembow - Turbo,CO900473653,Dembow - Kennedy - Turbo,Kennedy,5.0,2700.0,3000.0
18/5/2026,Bogotá,Acpm Corrientazo - Turbo,CO900467511,Acpm Corrientazo Castellana - Turbo,Parque 93 / Castellana,5.0,2400.0,2400.0
18/5/2026,Bucaramanga,Desayunos de la Abuela - Turbo,CO900446313,Desayunos de la Abuela Cabecera - Turbo,Cabecera (Bga),4.0,2700.0,2700.0
18/5/2026,Barranquilla,Ñamgucheria Sandwiches - Turbo,CO900439221,Ñamguchería Barranquilla Norte - Turbo,Barranquilla,4.0,2400.0,2400.0
18/5/2026,Bogotá,La Cuadra - Turbo,CO900416198,La Cuadra - Villa del Prado - Turbo,Villa del Prado,4.0,2400.0,2400.0
18/5/2026,Bogotá,The Breakfast Club - Turbo,CO900475287,The Breakfast Club Villa Del Prado - Turbo,Villa del Prado,4.0,2400.0,2400.0
18/5/2026,Bucaramanga,The Breakfast Club - Turbo,CO900475208,The Breakfast Club Cabecera - Turbo,Cabecera (Bga),4.0,2400.0,2700.0
18/5/2026,Bogotá,Cinnabon - Turbo,CO900476080,Cinnabon Colina - Turbo,Colina,4.0,2400.0,2400.0
18/5/2026,Bogotá,Honest Food Fdl - Turbo,CO900472137,Honest Food Chapinero - Turbo,Chapinero,4.0,2400.0,2700.0
18/5/2026,Cali,Señor Burrito. - Turbo,CO900467419,Señor Burrito San Fernando - Turbo,San Fernando,4.0,2400.0,2700.0
18/5/2026,Cali,Monteverde - Turbo,CO900450772,Monteverde San Fernando - Turbo,San Fernando,4.0,2700.0,2700.0
18/5/2026,Bogotá,Selvatiko. - Turbo,CO900475124,Selvatiko. Colina - Turbo,Colina,3.0,3000.0,3000.0
18/5/2026,Medellín,Burrito Cantina - Turbo,CO900467377,Burrito Cantina Manila - Turbo,Manila,3.0,2700.0,2700.0
18/5/2026,Cali,Honest Food Fdl - Turbo,CO900472139,Honest Food San Fernando - Turbo,San Fernando,3.0,2700.0,2700.0
18/5/2026,Barranquilla,Mañanero Diario - Turbo,CO900443503,Mañanero diario Barranquilla Norte - Turbo CHURNEADO,Barranquilla,3.0,2400.0,2400.0
18/5/2026,Barranquilla,Señor Burrito. - Turbo,CO900467425,Señor Burrito Barranquilla Norte - Turbo,Barranquilla,3.0,2700.0,3000.0
18/5/2026,Bogotá,Brunch & Munch - Turbo,CO900409674,Brunch & Munch Usaquen - Turbo,Usaquén,3.0,3000.0,3000.0
18/5/2026,Bucaramanga,Sanduches el Jefe - Turbo,CO900427117,Sandwich El Jefe Bucaramanga - Turbo,Cabecera (Bga),3.0,2400.0,2700.0
18/5/2026,Medellín,Honest Food Fdl - Turbo,CO900472132,Honest Food Laureles - Turbo,Laureles,3.0,2700.0,2700.0
18/5/2026,Bucaramanga,Green House Fd - Turbo,CO900438445,Green House Bucaramanga - Turbo,Cabecera (Bga),3.0,2700.0,2700.0
18/5/2026,Bogotá,Bottaniko - Turbo,CO900464153,Bottaniko Cl 109 - Turbo,Calle 109,3.0,2400.0,2700.0
18/5/2026,Bucaramanga,Cacerola - Turbo,CO900473672,Cacerola - Cabecera - Turbo,Cabecera (Bga),3.0,2400.0,2400.0
18/5/2026,Cali,Sanduches el Jefe - Turbo,CO900419506,Sandwich El Jefe San Fernando - Turbo,San Fernando,3.0,3000.0,3000.0
18/5/2026,Medellín,Mr Beast Burger - Turbo,CO900405270,Mr Beast Laureles - Turbo,Laureles,3.0,2700.0,2700.0
18/5/2026,Bogotá,Honest Food Fdl - Turbo,CO900463745,Honest Food Cl 109 - Turbo,Calle 109,3.0,2400.0,2700.0
18/5/2026,Cali,Foodology Court - Turbo,CO900465149,Foodology San Fernando - Turbo Carrera 38 #5e-9,San Fernando,3.0,2400.0,2400.0
18/5/2026,Cali,Burritos & Co - Turbo,CO900410569,Burritos & CO Cali - San Fernando - Turbo,San Fernando,3.0,2700.0,2700.0
18/5/2026,Bogotá,Ñamgucheria Sandwiches - Turbo,CO900473584,Ñamguchería Andes - Turbo,Andes,3.0,2100.0,2400.0
18/5/2026,Medellín,Cacerola - Turbo,CO900416211,Cacerola Laureles - Turbo,Laureles,3.0,2700.0,2700.0
18/5/2026,Bogotá,Selvatiko. - Turbo,CO900475359,Selvatiko Cl 109 - Turbo,Calle 109,3.0,2400.0,2700.0
18/5/2026,Bogotá,Desayunos de la Abuela - Turbo,CO900446318,Desayunos de la Abuela Villa Del Prado - Turbo,Villa del Prado,3.0,2400.0,2400.0
18/5/2026,Bogotá,la Cuadra Desayunos Caseros - Turbo,CO900467493,La Cuadra Desayunos Caseros Usaquen - Turbo,Usaquén,3.0,2700.0,3000.0
18/5/2026,Cali,Selvatiko. - Turbo,CO900475120,Selvatiko. San Fernando - Turbo,San Fernando,3.0,2400.0,2400.0
18/5/2026,Medellín,Almuerzos D´la Casa - Turbo,CO900471207,Almuerzos D´la Casa - Laureles - Turbo,Laureles,3.0,2700.0,2700.0
18/5/2026,Bogotá,Desayunos de la Abuela - Turbo,CO900446276,Desayunos de la Abuela Calle 93 - Turbo,Parque 93 / Castellana,2.0,2700.0,2700.0
18/5/2026,Cartagena,Selvatiko. - Turbo,CO900482001,Selvatiko. Cartagena - Turbo,Cartagena,2.0,2400.0,2400.0
18/5/2026,Cali,Burritos & Co - Turbo,CO900410573,Burritos And Co Cali - Turbo,Otra,2.0,2100.0,2700.0
18/5/2026,Bogotá,Bottaniko - Turbo,CO900443511,Bottaniko - Villa del Prado - Turbo,Villa del Prado,2.0,2700.0,2700.0
18/5/2026,Bucaramanga,Señor Burrito. - Turbo,CO900467424,Señor Burrito Cabecera - Turbo,Cabecera (Bga),2.0,2700.0,3000.0
18/5/2026,Medellín,Desayuno Mi Tierrita - Turbo,CO900465160,Desayuno Mi Tierrita Manila - Turbo,Manila,2.0,2700.0,2700.0
18/5/2026,Bogotá,Bottaniko - Turbo,CO900443516,Bottaniko - Colina - Turbo,Colina,2.0,2400.0,2400.0
18/5/2026,Bogotá,Señor Burrito. - Turbo,CO900471310,Señor Burrito Kennedy - Turbo,Kennedy,2.0,2700.0,3000.0
18/5/2026,Bogotá,The Breakfast Club - Turbo,CO900475289,The Breakfast Club Usaquen - Turbo,Usaquén,2.0,2700.0,3000.0
18/5/2026,Barranquilla,Avocalia Turbo,CO900405547,Avocalia Barranquilla - Turbo,Barranquilla,2.0,2400.0,2700.0
18/5/2026,Bogotá,Ñamgucheria Sandwiches - Turbo,CO900439226,Ñamguchería Usaquen - Turbo,Usaquén,2.0,2700.0,3000.0
18/5/2026,Bogotá,Alba Vegetarian - Turbo,CO900443009,Alba Vegetarian - Chapinero - Turbo,Chapinero,2.0,2400.0,2700.0
18/5/2026,Cali,Bottaniko - Turbo,CO900443505,Bottaniko Cali - San Fernando - Turbo,San Fernando,2.0,2400.0,2400.0
18/5/2026,Bogotá,Señor Burrito. - Turbo,CO900464393,Señor Burrito 109 - Turbo,Calle 109,2.0,3000.0,3000.0
18/5/2026,Bogotá,Burritos & Co - Turbo,CO900410572,Burritos And Co 93 - Turbo,Parque 93 / Castellana,2.0,2400.0,2700.0
18/5/2026,Bogotá,Desayunos de la Abuela - Turbo,CO900446311,Desayunos de la Abuela Chapinero - Turbo,Chapinero,2.0,2400.0,2700.0
18/5/2026,Cali,La Cuadra - Turbo,CO900416200,La Cuadra Cali - San Fernando - Turbo,San Fernando,2.0,2700.0,2700.0
18/5/2026,Barranquilla,Honest Food Fdl - Turbo,CO900472141,Honest Food Barranquilla - Turbo,Barranquilla,2.0,2400.0,2700.0
18/5/2026,Bogotá,Mañanero Diario - Turbo,CO900443500,Mañanero diario Chapinero - Turbo,Chapinero,2.0,2400.0,2400.0
18/5/2026,Bogotá,Honest Food Fdl - Turbo,CO900472133,Honest Food Villa Del Prado - Turbo,Villa del Prado,2.0,2400.0,2400.0
18/5/2026,Cali,Green House Fd - Turbo,CO900438450,Green House Santa Monica - Turbo,Santa Mónica,2.0,2400.0,3000.0
18/5/2026,Cartagena,Alba Vegetarian - Turbo,CO900479519,Alba Vegetarian - Cartagena Calle 24a 329 - Turbo,Cartagena,2.0,2700.0,2700.0
18/5/2026,Medellín,La Cuadra - Turbo,CO900416193,La Cuadra - Laureles - Turbo,Laureles,2.0,2700.0,2700.0
18/5/2026,Medellín,Selvatiko. - Turbo,CO900475123,Selvatiko. Laureles - Turbo,Laureles,2.0,2700.0,2700.0
18/5/2026,Bogotá,Ñamgucheria Sandwiches - Turbo,CO900473582,Ñamguchería Kennedy - Turbo,Kennedy,2.0,2400.0,2400.0
18/5/2026,Bogotá,Cinnabon Foodology - Turbo,CO900410068,Cinnabon Chapinero - Turbo,Chapinero,2.0,2400.0,2700.0
18/5/2026,Medellín,House Of Salads - Turbo,CO900445679,House Of Salad Laureles - Turbo,Laureles,2.0,2700.0,2700.0
18/5/2026,Bogotá,House Of Salads - Turbo,CO900445677,House Of Salad Villa del Prado - Turbo,Villa del Prado,2.0,3000.0,3000.0
18/5/2026,Bogotá,Burritos & Co - Turbo,CO900410665,Burritos And Co Chapinero - Turbo,Chapinero,2.0,2400.0,2700.0
18/5/2026,Bogotá,Burrito Cantina - Turbo,CO900470961,Burrito Cantina Andes - Turbo,Andes,1.0,2400.0,2400.0
18/5/2026,Bucaramanga,Bottaniko - Turbo,CO900443514,Bottaniko - Bucaramanga - Turbo,Cabecera (Bga),1.0,2700.0,3000.0
18/5/2026,Medellín,Monteverde - Turbo,CO900450776,Monteverde Manila - Turbo,Manila,1.0,2700.0,2700.0
18/5/2026,Medellín,House Of Salads - Turbo,CO900445683,House Of Salad Manila - Turbo,Manila,1.0,2700.0,2700.0
18/5/2026,Bogotá,Burrito Cantina - Turbo,CO900467387,Burrito Cantina Castellana - Turbo,Parque 93 / Castellana,1.0,2400.0,2700.0
18/5/2026,Bogotá,Cacerola - Turbo,CO900464389,Cacerola Cl 109 - Turbo,Calle 109,1.0,2400.0,3000.0
18/5/2026,Bogotá,Frost By Oreo - Turbo,CO900475372,Frost By Oreo Cl 109 - Turbo,Calle 109,1.0,3000.0,3000.0
18/5/2026,Medellín,Almuerzos D´la Casa - Turbo,CO900471213,Almuerzos D´la Casa - Manila - Turbo,Manila,1.0,2700.0,2700.0
18/5/2026,Bogotá,Monteverde - Turbo,CO900450779,Monteverde Chapinero - Turbo,Chapinero,1.0,2700.0,2700.0
18/5/2026,Cali,Mañanero Diario - Turbo,CO900443498,Mañanero Diario Santa Mónica (Cali Norte) - Turbo,Santa Mónica,1.0,2700.0,3000.0
18/5/2026,Bogotá,Selvatiko. - Turbo,CO900475113,Selvatiko. Kennedy - Turbo,Kennedy,1.0,2700.0,2700.0
18/5/2026,Cartagena,House Of Salads - Turbo,CO900481978,House Of Salads Cartagena - Turbo,Cartagena,1.0,2700.0,2700.0
18/5/2026,Medellín,Alba Vegetarian - Turbo,CO900443014,Alba Vegetarian - Manila - Turbo,Manila,1.0,2700.0,2700.0
18/5/2026,Cartagena,Avocalia Turbo,CO900480008,Avocalia - Cartagena - Turbo,Cartagena,1.0,2400.0,2700.0
18/5/2026,Medellín,Vicio - Turbo,CO900405130,Vicio Manila - Turbo,Manila,1.0,2700.0,2700.0
18/5/2026,Bogotá,Alba Vegetarian - Turbo,CO900476064,Alba Vegetarian Villa Del Prado - Turbo,Villa del Prado,1.0,2400.0,2700.0
18/5/2026,Bogotá,Acpm Corrientazo - Turbo,CO900467510,Acpm Corrientazo Villa Del Prado - Turbo,Villa del Prado,1.0,2400.0,2400.0
18/5/2026,Bogotá,Burritos & Co - Turbo,CO900410575,Burritos & Co Usaquen - Turbo,Usaquén,1.0,2700.0,3000.0
18/5/2026,Bogotá,Pret Sandwich Bistro - Turbo,CO900416175,Pret Sándwich Bistro Usaquen - Turbo,Usaquén,1.0,3000.0,3000.0
18/5/2026,Bogotá,Cinnabon - Turbo,CO900402238,Cinnabon Usaquén - Turbo,Usaquén,1.0,3000.0,3000.0
18/5/2026,Bogotá,Green House Fd - Turbo,CO900438449,Green House Parque 93 - Turbo,Parque 93 / Castellana,1.0,2400.0,2700.0
18/5/2026,Medellín,Bottaniko - Turbo,CO900443512,Bottaniko Manila - Medellin - Turbo,Manila,1.0,2700.0,2700.0
18/5/2026,Medellín,Cinnabon - Turbo,CO900405125,Cinnabon Manila - Turbo,Manila,1.0,2700.0,2700.0
18/5/2026,Bogotá,Foodology Court - Turbo,CO900465151,Foodology Usaquen - Turbo Cl. 120a #3,Usaquén,1.0,2400.0,3000.0
18/5/2026,Cartagena,Monteverde - Turbo,CO900482005,Monteverde Cartagena - Turbo,Cartagena,1.0,2400.0,2700.0
18/5/2026,Bogotá,Pret Sandwich Bistro - Turbo,CO900473670,Pret Sandwich Bistro Andes - Turbo,Andes,1.0,3000.0,3000.0
18/5/2026,Bogotá,Desayuno Mi Tierrita - Turbo,CO900465161,Desayuno Mi Tierrita - 93 - Turbo,Parque 93 / Castellana,0.0,3000.0,3000.0
18/5/2026,Bucaramanga,Dembow - Turbo,CO900473642,Dembow - Cabecera - Turbo,Cabecera (Bga),0.0,2400.0,2700.0
18/5/2026,Barrancabermeja,Frost By Oreo - Turbo,CO900428417,Frost by Oreo Bucaramanga - Turbo. CHURNEADO,Cabecera (Bga),,1000,1000
18/5/2026,Barranquilla,Ihop - Turbo,CO900420705,Ihop Barranquilla Norte - Turbo,Barranquilla,,2400.0,2400.0
18/5/2026,Barranquilla,Get Smashed Burgers - Turbo,CO900416438,Get Smash Barranquilla Nte - Turbo,Barranquilla,,2400.0,2400.0
18/5/2026,Barranquilla,Numa Cocina Mediterranea - Turbo,CO900463755,Cocina Mediterranea Barranquilla - Turbo,Barranquilla,,2400.0,2400.0
18/5/2026,Barranquilla,The Crunch Pizza - Turbo,CO900416204,The Crunch Barranquilla Turbo,Barranquilla,,2400.0,2400.0
18/5/2026,Barranquilla,Doritos Locos By Dorito - Turbo,CO900472105,Doritos Locos By Dorito Barranquilla - Turbo,Barranquilla,,2400.0,2400.0
18/5/2026,Barranquilla,Local Cocina Consciente - Turbo,CO900477106,Local - Cocina Consciente Barranquilla - Turbo,Barranquilla,,2400.0,2400.0
18/5/2026,Barranquilla,la Panquequeria - Turbo,CO900482236,La Panquequería Barranquilla Norte - Turbo,Barranquilla,,2400.0,2400.0
18/5/2026,Bogotá,Local Cocina Consciente - Turbo,CO900477101,Local Cocina Consciente Cl 109 - Turbo,Calle 109,,2400.0,2400.0
18/5/2026,Bogotá,Que Chicken By Robegrill - Turbo,CO900463820,Que Chicken Cl 109 - Turbo,Calle 109,,2400.0,2400.0
18/5/2026,Bogotá,Burrito Cantina - Turbo,CO900467515,Burrito Cantina Cl 109 - Turbo Cl. 109 #15-28,Calle 109,,2400.0,2400.0
18/5/2026,Bogotá,Mañanero Diario - Turbo,CO900475202,Mañanero Diario Cl 109 - Turbo,Calle 109,,2400.0,2400.0
18/5/2026,Bogotá,Numa Cocina Mediterranea - Turbo,CO900463768,Numa Cocina Consciente Cl 109 - Turbo,Calle 109,,2400.0,2400.0
18/5/2026,Bogotá,Helados San Jerónimo - Turbo,CO900464391,Helados San Jerónimo Cl 109 - Turbo,Calle 109,,2400.0,2400.0
18/5/2026,Bogotá,Doritos Locos By Dorito - Turbo,CO900472111,Doritos Locos By Dorito Cl 109 - Turbo,Calle 109,,2400.0,2400.0
18/5/2026,Bogotá,Ihop - Turbo,CO900463765,Ihop® - Cl 109 - Turbo,Calle 109,,2400.0,2400.0
18/5/2026,Bogotá,Get Smashed Burgers - Turbo,CO900416433,Get Smash Villa del Prado - Turbo,Villa del Prado,,2400.0,2400.0
18/5/2026,Bogotá,Numa Cocina Mediterranea - Turbo,CO900463762,Cocina Mediterranea Villa Del Prado - Turbo,Villa del Prado,,2400.0,2400.0
18/5/2026,Bogotá,The Crunch Pizza - Turbo,CO900416179,The Crunch - Villa del Prado - Turbo,Villa del Prado,,2400.0,2400.0
18/5/2026,Bogotá,Doritos Locos By Dorito - Turbo,CO900472110,Doritos Locos By Dorito Villa Del Prado - Turbo,Villa del Prado,,2400.0,2400.0
18/5/2026,Bogotá,Ihop - Turbo,CO900420703,Ihop Villa del prado - Turbo,Villa del Prado,,2400.0,2400.0
18/5/2026,Bogotá,Numa Cocina Mediterranea - Turbo,CO900463760,Cocina Mediterranea Usaquen - Turbo,Usaquén,,2400.0,2400.0
18/5/2026,Bogotá,Get Smashed Burgers - Turbo,CO900416432,Get Smash Usaquen - Turbo,Usaquén,,2400.0,2400.0
18/5/2026,Bogotá,Desayunos de la Abuela - Turbo,CO900446319,Desayunos de la Abuela Usaquen - Turbo,Usaquén,,2400.0,2400.0
18/5/2026,Bogotá,Ihop - Turbo,CO900420702,Ihop Usaquén - Turbo,Usaquén,,2400.0,2400.0
18/5/2026,Bogotá,Bottaniko - Turbo,CO900443510,Bottaniko Usaquen - Turbo,Usaquén,,2400.0,2400.0
18/5/2026,Bogotá,Local Cocina Consciente - Turbo,CO900477110,Local - Cocina Consciente Usaquen - Turbo,Usaquén,,3000.0,3000.0
18/5/2026,Bogotá,Brunch & Munch - Turbo,CO900488275,Brunch & Munch Arrecife - Turbo,Arrecife,4.0,3000.0,3000.0
18/5/2026,Bogotá,Green House Fd - Turbo,CO900488845,Green House Arrecife - Turbo,Arrecife,4.0,3000.0,3000.0
18/5/2026,Bogotá,la Cuadra Desayunos Caseros - Turbo,CO900464912,La Cuadra Desayunos Caseros Chapinero - Turbo,Chapinero,,2400.0,2400.0
18/5/2026,Bogotá,Get Smashed Burgers - Turbo,CO900416434,Get Smash Chapinero - Turbo,Chapinero,,2400.0,2400.0
18/5/2026,Bogotá,Numa Cocina Mediterranea - Turbo,CO900463747,Numa Cocina Mediterranea Chapinero - Turbo,Chapinero,,2400.0,2400.0
18/5/2026,Bogotá,The Crunch Pizza - Turbo,CO900416182,The Crunch Chapinero - Turbo,Chapinero,,2400.0,2400.0
18/5/2026,Bogotá,Vicio - Turbo,CO900415608,Vicio Chicó - Turbo,Chicó,,2400.0,2400.0
18/5/2026,Bogotá,Green House Fd - Turbo,CO900438441,Green House Chico - Turbo,Chicó,,2400.0,2400.0
18/5/2026,Bogotá,Local Cocina Consciente - Turbo,CO900477105,Local - Cocina Consciente Chico - Turbo,Chicó,,2400.0,2400.0
18/5/2026,Bogotá,Doritos Locos By Dorito - Turbo,CO900472113,Doritos Locos By Dorito Chico - Turbo,Chicó,,2400.0,2400.0
18/5/2026,Bogotá,Monteverde - Turbo,CO900450762,Monteverde Chico - Turbo,Chicó,,2400.0,2400.0
18/5/2026,Bogotá,Acpm Corrientazo - Turbo,CO900476074,Acpm Corrientazo Chico - Turbo,Chicó,,2400.0,2400.0
18/5/2026,Bogotá,Burrito Cantina - Turbo,CO900475794,Burrito Cantina Chico - Turbo,Chicó,,2400.0,2400.0
18/5/2026,Bogotá,Numa Cocina Mediterranea - Turbo,CO900463757,Cocina Mediterranea Chico - Turbo,Chicó,,2400.0,2400.0
18/5/2026,Bogotá,Helados San Jerónimo - Turbo,CO900415622,San Jerónimo Chicó - Turbo,Chicó,,2400.0,2400.0
18/5/2026,Bogotá,Foodology Court - Turbo,CO900476023,Foodology Chico - Turbo,Chicó,,3000.0,3000.0
18/5/2026,Bogotá,Honest Food Fdl - Turbo,CO900472140,Honest Food Chico - Turbo,Chicó,,2400.0,2400.0
18/5/2026,Bogotá,Local Cocina Consciente - Turbo,CO900477102,Local - Cocina Consciente Colina - Turbo,Colina,,2400.0,2400.0
18/5/2026,Bogotá,la Cuadra Desayunos Caseros - Turbo,CO900467498,La Cuadra Desayunos Caseros Colina - Turbo,Colina,,2400.0,2400.0
18/5/2026,Bogotá,Doritos Locos By Dorito - Turbo,CO900472104,Doritos Locos By Dorito Colina - Turbo,Colina,,2400.0,2400.0
18/5/2026,Bogotá,Numa Cocina Mediterranea - Turbo,CO900463764,Numa - Cocina Mediterranea Colina - Turbo,Colina,,2400.0,2400.0
18/5/2026,Bogotá,Cinnabon - Turbo,CO900476079,Cinnabon Kennedy - Turbo,Kennedy,,2400.0,2400.0
18/5/2026,Bogotá,Local Cocina Consciente - Turbo,CO900477103,Local - Cocina Consciente Kennedy - Turbo,Kennedy,,2400.0,2400.0
18/5/2026,Bogotá,Desayuno Mi Tierrita - Turbo,CO900470919,Desayunos Mi Tierrita - Kennedy - Turbo,Kennedy,,2400.0,2400.0
18/5/2026,Bogotá,Foodology Court - Turbo,CO900471303,Foodology Andes - Turbo,Andes,,2400.0,2400.0
18/5/2026,Bogotá,Ihop - Turbo,CO900426538,IHOP® Andes - Turbo,Andes,,2400.0,2400.0
18/5/2026,Bogotá,Cinnabon - Turbo,CO900475096,Cinnabon Andes - Turbo,Andes,,2400.0,2400.0
18/5/2026,Bogotá,Get Smashed Burgers - Turbo,CO900416431,Get Smash Castellana - Turbo,Parque 93 / Castellana,,2400.0,2400.0
18/5/2026,Bogotá,Cinnabon - Turbo,CO900476017,Cinnabon Calle 93 - Turbo,Parque 93 / Castellana,,2400.0,2400.0
18/5/2026,Bogotá,Numa Cocina Mediterranea - Turbo,CO900463746,Numa Cocina Mediterranea Calle 93 - Turbo,Parque 93 / Castellana,,2400.0,2400.0
18/5/2026,Bogotá,Sanduches el Jefe - Turbo,CO900419503,Sandwich El Jefe Castellana - Turbo,Parque 93 / Castellana,,2400.0,2400.0
18/5/2026,Bogotá,The Crunch Pizza - Turbo,CO900416180,The Crunch Castellana - Turbo,Parque 93 / Castellana,,2400.0,2400.0
18/5/2026,Bogotá,Cinnabon - Turbo,CO900402239,Cinnabon Castellana   - Turbo,Parque 93 / Castellana,,2700.0,2700.0
18/5/2026,Bogotá,Mañanero Diario - Turbo,CO900443501,Mañanero diario Castellana - Turbo,Parque 93 / Castellana,,2400.0,2400.0
18/5/2026,Bogotá,Bottaniko - Turbo,CO900443508,Bottaniko - Cll 93 - Turbo,Parque 93 / Castellana,,2400.0,2400.0
18/5/2026,Bogotá,Ihop - Turbo,CO900420704,Ihop Chapinero- Turbo,Chapinero,,2400.0,2400.0
18/5/2026,Bogotá,Local Cocina Consciente - Turbo,CO900477104,Local - Cocina Consciente Chapinero - Turbo,Chapinero,,2400.0,2400.0
18/5/2026,Bogotá,Pret Sandwich Bistro - Turbo,CO900442052,Pret Sandwich Bistro Engativa - Turbo,Engativá,,2400.0,2400.0
18/5/2026,Bogotá,Burrito Cantina - Turbo,CO900467516,Burrito Cantina Plaza Claro - Turbo,Plaza Claro,,2400.0,2400.0
18/5/2026,Bogotá,House Of Salads - Turbo,CO900477632,House Of Salads Cl 109 - Turbo,Calle 109,,2400.0,2400.0
18/5/2026,Bogotá,Selvatiko. - Turbo,CO900472670,Selvatiko. Engativa - Turbo,Engativá,,2400.0,2400.0
18/5/2026,Bogotá,La Cuadra - Turbo,CO900473138,la Cuadra - Engativa - Turbo,Engativá,,2400.0,2400.0
18/5/2026,Bogotá,Burritos & Co - Turbo,CO900473555,Burritos & Co - Engativa - Turbo,Engativá,,2400.0,2400.0
18/5/2026,Bogotá,Green House Fd - Turbo,CO900481560,Green House Andes - Turbo,Andes,,2400.0,2400.0
18/5/2026,Bogotá,la Panquequeria - Turbo,CO900482242,La Panquequería Villa del Prado - Turbo,Villa del Prado,,2400.0,2400.0
18/5/2026,Bogotá,Foodology Court - Turbo,CO900478306,Foodology Plaza Claro - Turbo,Plaza Claro,,2400.0,2400.0
18/5/2026,Bogotá,Green House Fd - Turbo,CO900481564,Green House Engativa - Turbo,Engativá,,2400.0,2400.0
18/5/2026,Bogotá,La Cuadra - Turbo,CO900464606,la Cuadra Plaza Claro - Turbo,Plaza Claro,,2400.0,2400.0
18/5/2026,Bogotá,Vicio - Turbo,CO900467514,Vicio Cl 109 - Turbo,Calle 109,,2400.0,2400.0
18/5/2026,Bogotá,Doritos Locos By Dorito - Turbo,CO900472103,Doritos Locos By Dorito Calle 93 - Turbo,Parque 93 / Castellana,,2400.0,2400.0
18/5/2026,Bogotá,Cinnabon - Turbo,CO900428404,Cinnabon Prueba Chapinero - Turbo,Chapinero,,2400.0,2400.0
18/5/2026,Bogotá,Get Smashed Burgers - Turbo,CO900442552,Get Smashed Burgers Colina - Turbo,Colina,,2400.0,2400.0
18/5/2026,Bogotá,Cinnabon - Turbo,CO900475097,Cinnabon Engativa - Turbo,Engativá,,2400.0,2400.0
18/5/2026,Bogotá,Burger Lane - Turbo,CO900442997,Burger Lane Calle 93 - Turbo,Parque 93 / Castellana,,2400.0,2400.0
18/5/2026,Bogotá,Brunch & Munch - Turbo,CO900472746,Brunch & Munch - Engativa - Turbo,Engativá,,2400.0,2400.0
18/5/2026,Bogotá,Que Chicken By Robegrill - Turbo,CO900424251,Qué Chicken Usaquen - Turbo,Usaquén,,2400.0,2400.0
18/5/2026,Bogotá,la Panquequeria - Turbo,CO900482238,La Panquequería Chapinero - Turbo,Chapinero,,2400.0,2400.0
18/5/2026,Bogotá,Foodology Court - Turbo,CO900465143,Foodology Engativa - Turbo Cra. 98b #71b-39,Engativá,,2400.0,2400.0
18/5/2026,Bogotá,Cacerola - Turbo,CO900478088,Cacerola Plaza Claro - Turbo,Plaza Claro,,2400.0,2400.0
18/5/2026,Bogotá,Señor Burrito. - Turbo,CO900467420,Señor Burrito Engativa - Turbo,Engativá,,2400.0,2400.0
18/5/2026,Bogotá,The Breakfast Club - Turbo,CO900477830,The Breakfast Club Plaza Claro - Turbo,Plaza Claro,,2400.0,2400.0
18/5/2026,Bogotá,Frost By Oreo - Turbo,CO900475352,Frost By Oreo Engativá - Turbo,Engativá,,2400.0,2400.0
18/5/2026,Bogotá,Frost By Oreo - Turbo,CO900478308,Frost By Oreo Plaza Claro - Turbo,Plaza Claro,,2400.0,2400.0
18/5/2026,Bogotá,Acpm Corrientazo - Turbo,CO900467503,Acpm Corrientazo Engativá - Turbo,Engativá,,2400.0,2400.0
18/5/2026,Bogotá,Local Cocina Consciente - Turbo,CO900481555,Local - Cocina Consciente Andes - Turbo,Andes,,2400.0,2400.0
18/5/2026,Bogotá,Vicio - Turbo,CO900473607,Vicio Engativá - Turbo,Engativá,,2400.0,2400.0
18/5/2026,Bogotá,la Panquequeria - Turbo,CO900482237,La Panquequería Chicó - Turbo,Chicó,,2400.0,2400.0
18/5/2026,Bogotá,Burritos & Co - Turbo,CO900464310,Burritos & Co Plaza Claro - Turbo,Plaza Claro,,2400.0,2400.0
18/5/2026,Bogotá,Panquequeria - Turbo,CO900463851,Panquequeria Cl 109 - Turbo,Calle 109,,2400.0,2400.0
18/5/2026,Bogotá,Selvatiko. - Turbo,CO900479202,Selvatiko Plaza Claro - Turbo,Plaza Claro,,2400.0,2400.0
18/5/2026,Bogotá,Burger Lane - Turbo,CO900442999,Burger Lane Usaquen - Turbo,Usaquén,,2400.0,2400.0
18/5/2026,Bogotá,Cinnabon Foodology,CO900375567,Cinnabon Usaquén,Usaquén,,3000.0,3000.0
18/5/2026,Bogotá,Burger Lane - Turbo,CO900442995,Burger Lane Veraguas 2 - Turbo,Otra,,2400.0,2400.0
18/5/2026,Bogotá,Green House Fd - Turbo,CO900478311,Green House Plaza Claro - Turbo,Plaza Claro,,2400.0,2400.0
18/5/2026,Bogotá,Bottaniko - Turbo,CO900477812,Bottaniko Plaza Claro - Turbo,Plaza Claro,,2400.0,2400.0
18/5/2026,Bogotá,Honest Food Fdl - Turbo,CO900472135,Honest Food Engativa - Turbo,Engativá,,2400.0,2400.0
18/5/2026,Bogotá,Dembow - Turbo,CO900478092,Dembow Plaza Claro - Turbo,Plaza Claro,,2400.0,2400.0
18/5/2026,Bogotá,Almuerzos D´la Casa - Turbo,CO900471205,Almuerzos D´la Casa - Engativa - Turbo,Engativá,,2400.0,2400.0
18/5/2026,Bogotá,Panquequeria - Turbo,CO900479096,Panquequeria Plaza Claro - Turbo,Plaza Claro,,2400.0,2400.0
18/5/2026,Bogotá,Monteverde - Turbo,CO900450777,Monteverde Engativa - Turbo,Engativá,,2400.0,2400.0
18/5/2026,Bogotá,Burrito Cantina - Turbo,CO900467380,Burrito Cantina Engativá - Turbo,Engativá,,2400.0,2400.0
18/5/2026,Bogotá,Local Cocina Consciente - Turbo,CO900477108,Local - Cocina Consciente Engativa - Turbo,Engativá,,2400.0,2400.0
18/5/2026,Bogotá,The Breakfast Club - Turbo,CO900475285,The Breakfast Club Engativa - Turbo,Engativá,,2400.0,2400.0
18/5/2026,Bogotá,Desayuno Mi Tierrita - Turbo,CO900465159,Desayuno Mi Tierrita Engativa - Turbo,Engativá,,2400.0,2400.0
18/5/2026,Bogotá,Desayunos de la Abuela - Turbo,CO900446314,Desayunos de la Abuela Engativa - Turbo,Engativá,,2400.0,2400.0
18/5/2026,Bogotá,Señor Burrito. - Turbo,CO900464395,Señor Burrito Plaza Claro - Turbo,Plaza Claro,,2400.0,2400.0
18/5/2026,Bogotá,Burger Lane - Turbo,CO900442990,Burger Lane Chapinero - Turbo,Chapinero,,2400.0,2400.0
18/5/2026,Bogotá,Numa Cocina Mediterranea - Turbo,CO900478984,Numa Cocina Mediterranea Plaza Claro - Turbo,Plaza Claro,,2400.0,2400.0
18/5/2026,Bogotá,Burger Lane - Turbo,CO900442991,Burger Lane Villa del Prado - Turbo,Villa del Prado,,2400.0,2400.0
18/5/2026,Bogotá,Ihop - Turbo,CO900431789,IHOP® Chicó - Turbo,Chicó,,2400.0,2400.0
18/5/2026,Bogotá,Dembow - Turbo,CO900473648,Dembow - Engativa - Turbo,Engativá,,2400.0,2400.0
18/5/2026,Bogotá,House Of Salads - Turbo,CO900445669,House Of Salad Engativa - Turbo,Engativá,,2400.0,2400.0
18/5/2026,Bogotá,Mañanero Diario - Turbo,CO900443499,Mañanero diario Engativá - Turbo,Engativá,,2400.0,2400.0
18/5/2026,Bogotá,Acpm Corrientazo - Turbo,CO900477809,Acpm Corrientazo Plaza Claro - Turbo,Plaza Claro,,2400.0,2400.0
18/5/2026,Bogotá,Burger Lane - Turbo,CO900443001,Burger Lane - Salitre - Turbo,Otra,,2400.0,2400.0
18/5/2026,Bogotá,Honest Food Fdl - Turbo,CO900478461,Honest Food Plaza Claro - Turbo,Plaza Claro,,2400.0,2400.0
18/5/2026,Bogotá,Get Smashed Burgers - Turbo,CO900476585,Get Smashed Burgers Chico - Turbo,Chicó,,2400.0,2400.0
18/5/2026,Bogotá,Desayuno Mi Tierrita - Turbo,CO900478270,Desayuno Mi Tierrita Plaza Claro - Turbo,Plaza Claro,,2400.0,2400.0
18/5/2026,Bogotá,Local Cocina Consciente - Turbo,CO900481554,Local - Cocina Consciente Villa Del Prado - Turbo,Villa del Prado,,2400.0,2400.0
18/5/2026,Bogotá,Get Smashed Burgers - Turbo,CO900473574,Get Smashed Burgers Andes - Turbo,Andes,,2400.0,2400.0
18/5/2026,Bogotá,Monteverde - Turbo,CO900478981,Monteverde Plaza Claro - Turbo,Plaza Claro,,2400.0,2400.0
18/5/2026,Bogotá,Señor Burrito. - Turbo,CO900477635,Señor Burrito Chico - Turbo,Chicó,,2400.0,2400.0
18/5/2026,Bogotá,Numa Cocina Mediterranea - Turbo,CO900463763,Cocina Mediterranea Engativa - Turbo,Engativá,,2400.0,2400.0
18/5/2026,Bogotá,Desayunos de la Abuela - Turbo,CO900478093,Desayunos de la Abuela Plaza Claro - Turbo,Plaza Claro,,2400.0,2400.0
18/5/2026,Bogotá,Vicio - Turbo,CO900479208,Vicio Plaza Claro - Turbo,Plaza Claro,,2400.0,2400.0
18/5/2026,Bogotá,Get Smashed Burgers - Turbo,CO900476584,Get Smashed Burgers Cl 109 - Turbo,Calle 109,,2400.0,2400.0
18/5/2026,Bogotá,la Cuadra Desayunos Caseros - Turbo,CO900467496,La Cuadra Desayunos Caseros Engativa - Turbo,Engativá,,2400.0,2400.0
18/5/2026,Bogotá,Get Smashed Burgers - Turbo,CO900442551,Get Smashed Burgers Engativa - Turbo,Engativá,,2400.0,2400.0
18/5/2026,Bogotá,Avocalia Turbo,CO900477834,Avocalia Plaza Claro - Turbo,Plaza Claro,,2400.0,2400.0
18/5/2026,Bogotá,Bottaniko - Turbo,CO900443513,Bottaniko Engativa - Turbo,Engativá,,2400.0,2400.0
18/5/2026,Bogotá,Cacerola - Turbo,CO900472658,Cacerola - Engativa - Turbo,Engativá,,2400.0,2400.0
18/5/2026,Bogotá,Get Smashed Burgers - Turbo,CO900473573,Get Smashed Burgers Kennedy - Turbo,Kennedy,,2400.0,2400.0
18/5/2026,Bogotá,la Panquequeria - Turbo,CO900482239,La Panquequería Engativa - Turbo,Engativá,,2400.0,2400.0
18/5/2026,Bogotá,la Panquequeria - Turbo,CO900482244,La Panquequería Usaquen - Turbo,Usaquén,,2400.0,2400.0
18/5/2026,Bogotá,Burger Lane - Turbo,CO900442989,Burger Lane Andes - Turbo,Andes,,2400.0,2400.0
18/5/2026,Bogotá,la Panquequeria - Turbo,CO900482241,La Panquequería Calle 93 - Turbo,Parque 93 / Castellana,,2400.0,2400.0
18/5/2026,Bogotá,Brunch & Munch - Turbo,CO900477832,Brunch & Munch Plaza Claro - Turbo,Plaza Claro,,2400.0,2400.0
18/5/2026,Bogotá,Avocalia Turbo,CO900472744,Avocalia Calle Engativa - Turbo,Engativá,,2400.0,2400.0
18/5/2026,Bogotá,Panquequeria - Turbo,CO900471323,Panquequeria Chico - Turbo,Chicó,,2400.0,2400.0
18/5/2026,Bogotá,la Cuadra Desayunos Caseros - Turbo,CO900470914,la Cuadra Desayunos Chico - Turbo,Chicó,,2400.0,2400.0
18/5/2026,Bogotá,Ñamgucheria Sandwiches - Turbo,CO900439231,Ñamguchería Engativá - Turbo,Engativá,,2400.0,2400.0
18/5/2026,Bogotá,Mr Beast Burger - Turbo,CO900476816,Mr Beast Engativá - Turbo,Engativá,,2400.0,2400.0
18/5/2026,Bogotá,House Of Salads - Turbo,CO900478778,House Of Salads Plaza Claro - Turbo,Plaza Claro,,2400.0,2400.0
18/5/2026,Bogotá,la Panquequeria - Turbo,CO900482232,La Panquequería Colina - Turbo,Colina,,2400.0,2400.0
18/5/2026,Bogotá,The Crunch Pizza - Turbo,CO900416181,The Crunch Usaquen - Turbo,Usaquén,,2400.0,2400.0
18/5/2026,Bogotá,Mr Beast Burger - Turbo,CO900478983,Mr Beast Plaza Claro - Turbo,Plaza Claro,,2400.0,2400.0
18/5/2026,Bogotá,Pret Sandwich Bistro - Turbo,CO900479198,Pret Sandwich Bistro Plaza Claro - Turbo,Plaza Claro,,2400.0,2400.0
18/5/2026,Bogotá,la Cuadra Desayunos Caseros - Turbo,CO900478974,la Cuadra Desayunos Plaza Claro - Turbo,Plaza Claro,,2400.0,2400.0
18/5/2026,Bogotá,Alba Vegetarian - Turbo,CO900443007,Alba Vegetarian - Engativa - Turbo,Engativá,,2400.0,2400.0
18/5/2026,Bogotá,Burger Lane - Turbo,CO900443000,Burger Lane Engativa - Turbo,Engativá,,2400.0,2400.0
18/5/2026,Bogotá,Burger Lane - Turbo,CO900442992,Burger Lane Colina - Turbo,Colina,,2400.0,2400.0
18/5/2026,Bogotá,Sanduches el Jefe - Turbo,CO900479125,Sandwich el Jefe Plaza Claro - Turbo,Plaza Claro,,2400.0,2400.0
18/5/2026,Bogotá,la Panquequeria - Turbo,CO900482243,La Panquequería Kennedy - Turbo,Kennedy,,2400.0,2400.0
18/5/2026,Bogotá,Mañanero Diario - Turbo,CO900478978,Mañanero Diario Plaza Claro - Turbo,Plaza Claro,,2400.0,2400.0
18/5/2026,Bogotá,Almuerzos D´la Casa - Turbo,CO900477781,Almuerzos D´la Casa Chico - Turbo,Chicó,,2400.0,2400.0
18/5/2026,Bogotá,Alba Vegetarian - Turbo,CO900477811,Alba Vegetarian Plaza Claro - Turbo,Plaza Claro,,2400.0,2400.0
18/5/2026,Bucaramanga,Vicio - Turbo,CO900426528,Vicio Bucaramanga - Turbo,Cabecera (Bga),,2400.0,2400.0
18/5/2026,Bucaramanga,Numa Cocina Mediterranea - Turbo,CO900463748,Cocina Mediterranea Cabecera - Turbo,Cabecera (Bga),,2400.0,2400.0
18/5/2026,Bucaramanga,Local Cocina Consciente - Turbo,CO900477109,Local - Cocina Consciente Cabecera - Turbo,Cabecera (Bga),,2400.0,2400.0
18/5/2026,Bucaramanga,Ihop - Turbo,CO900426537,IHOP® Bucaramanga - Turbo,Cabecera (Bga),,2400.0,2400.0
18/5/2026,Bucaramanga,Doritos Locos By Dorito - Turbo,CO900472106,Doritos Locos By Dorito Cabecera - Turbo,Cabecera (Bga),,2400.0,2400.0
18/5/2026,Bucaramanga,Helados San Jerónimo - Turbo,CO900428418,Heladería San Jerónimo Bucaramanga - Turbo,Cabecera (Bga),,2400.0,2400.0
18/5/2026,Bucaramanga,Sanduches el Jefe - Turbo,CO900428426,Sandwich El Jefe Bucaramanga - Turbo,Cabecera (Bga),,2400.0,2400.0
18/5/2026,Bucaramanga,La Cuadra - Turbo,CO900428403,La Cuadra  Bucaramanga - Turbo,Cabecera (Bga),,2400.0,2400.0
18/5/2026,Bucaramanga,Ihop - Turbo,CO900428427,IHOP Bucaramanga - Turbo,Cabecera (Bga),,2400.0,2400.0
18/5/2026,Bucaramanga,la Panquequeria - Turbo,CO900482245,La Panquequería Cabecera - Turbo,Cabecera (Bga),,2400.0,2400.0
18/5/2026,Bucaramanga,Avocalia Turbo,CO900428430,Avocalia - Bucaramanga - Turbo,Cabecera (Bga),,2400.0,2400.0
18/5/2026,Bucaramanga,Brunch & Munch - Turbo,CO900428485,Brunch And Munch - Bucaramanga - Turbo,Cabecera (Bga),,2400.0,2400.0
18/5/2026,Bucaramanga,Get Smashed Burgers - Turbo,CO900442550,Get Smashed Burgers Cabecera Bga - Turbo,Cabecera (Bga),,2400.0,2400.0
18/5/2026,Cali,Get Smashed Burgers - Turbo,CO900416435,Get Smash San Fernando - Turbo,San Fernando,,2400.0,2400.0
18/5/2026,Cali,The Crunch Pizza - Turbo,CO900416186,The Crunch San Fernando Cali - Turbo,San Fernando,,2400.0,2400.0
18/5/2026,Cali,Numa Cocina Mediterranea - Turbo,CO900463758,Cocina Mediterranea San Fernando - Turbo,San Fernando,,2400.0,2400.0
18/5/2026,Cali,Ihop - Turbo,CO900420700,Ihop San Fernando - Turbo,San Fernando,,3000.0,3000.0
18/5/2026,Cali,Doritos Locos By Dorito - Turbo,CO900472109,Doritos Locos By Dorito San Fernando - Turbo,San Fernando,,2400.0,2400.0
18/5/2026,Cali,Get Smashed Burgers - Turbo,CO900416430,Get Smash Santa Monica - Turbo,Santa Mónica,,2400.0,2400.0
18/5/2026,Cali,The Crunch Pizza - Turbo,CO900416185,The Crunch Santa Monica - Turbo,Santa Mónica,,2400.0,2400.0
18/5/2026,Cali,Doritos Locos By Dorito - Turbo,CO900472100,Doritos Locos By Dorito Santa Monica - Turbo,Santa Mónica,,2400.0,2400.0
18/5/2026,Cali,Numa Cocina Mediterranea - Turbo,CO900463759,Cocina Mediterranea Santa Monica - Turbo,Santa Mónica,,3000.0,3000.0
18/5/2026,Cali,Local Cocina Consciente - Turbo,CO900477100,Local - Cocina Consciente Santa Monica - Turbo,Santa Mónica,,2400.0,2400.0
18/5/2026,Cali,Burger Lane - Turbo,CO900442998,Burger Lane Cali Norte - Turbo Calle 34 Norte 2Bn 33 358,Otra,,2400.0,2400.0
18/5/2026,Cali,Dembow - Turbo,CO900473657,Dembow - Ingenio - Turbo,Ingenio,,2400.0,2400.0
18/5/2026,Cali,Cinnabon - Turbo,CO900475098,Cinnabon Ingenio - Turbo,Ingenio,,2400.0,2400.0
18/5/2026,Cali,Local Cocina Consciente - Turbo,CO900481556,Local - Cocina Consciente Ingenio - Turbo,Ingenio,,2400.0,2400.0
18/5/2026,Cali,Honest Food Fdl - Turbo,CO900475461,Honest Food Ingenio - Turbo,Ingenio,,2400.0,2400.0
18/5/2026,Cali,Señor Burrito. - Turbo,CO900465170,Señor Burrito Tienda Padre - Turbo,Otra,,2400.0,2400.0
18/5/2026,Cali,La Cuadra - Turbo,CO900473137,la Cuadra - Ingenio - Turbo,Ingenio,,2400.0,2400.0
18/5/2026,Cali,Acpm Corrientazo - Turbo,CO900473537,Acpm Corrientazo Ingenio - Turbo,Ingenio,,2400.0,2400.0
18/5/2026,Cali,Avocalia Turbo,CO900472745,Avocalia - Ingenio - Turbo,Ingenio,,2400.0,2400.0
18/5/2026,Cali,Mr Beast Burger - Turbo,CO900476815,Mr Beast Ingenio - Turbo,Ingenio,,2400.0,2400.0
18/5/2026,Cali,la Panquequeria - Turbo,CO900482247,La Panquequería Santa Monica - Turbo,Santa Mónica,,2400.0,2400.0
18/5/2026,Cali,Get Smashed Burgers - Turbo,CO900473576,Get Smashed Burgers Ingenio - Turbo,Ingenio,,2400.0,2400.0
18/5/2026,Cali,Foodology Court - Turbo,CO900473569,Foodology Ingenio - Turbo,Ingenio,,2400.0,2400.0
18/5/2026,Cali,Numa Cocina Mediterranea - Turbo,CO900476060,Cocina Mediterranea Ingenio - Turbo,Ingenio,,2400.0,2400.0
18/5/2026,Cali,Desayunos de la Abuela - Turbo,CO900472679,Desayunos de la Abuela Ingenio - Turbo,Ingenio,,2400.0,2400.0
18/5/2026,Cali,The Breakfast Club - Turbo,CO900475209,The Breakfast Club Ingenio - Turbo,Ingenio,,2400.0,2400.0
18/5/2026,Cali,Brunch & Munch - Turbo,CO900472747,Brunch & Munch - Ingenio - Turbo,Ingenio,,2400.0,2400.0
18/5/2026,Cali,Cacerola - Turbo,CO900472659,Cacerola - Ingenio - Turbo,Ingenio,,2400.0,2400.0
18/5/2026,Cali,Monteverde - Turbo,CO900476067,Monteverde Ingenio - Turbo,Ingenio,,2400.0,2400.0
18/5/2026,Cali,Vicio - Turbo,CO900473606,Vicio Ingenio - Turbo,Ingenio,,2400.0,2400.0
18/5/2026,Cali,Mañanero Diario - Turbo,CO900475198,Mañanero Ingenio - Turbo,Ingenio,,2400.0,2400.0
18/5/2026,Cali,Desayuno Mi Tierrita - Turbo,CO900473558,Desayunos Mi Tierrita - Ingenio - Turbo,Ingenio,,2400.0,2400.0
18/5/2026,Cali,Doritos Locos By Dorito - Turbo,CO900473562,Doritos Locos By Dorito Ingenio - Turbo,Ingenio,,2400.0,2400.0
18/5/2026,Cali,House Of Salads - Turbo,CO900476069,House Of Salads Ingenio - Turbo,Ingenio,,2400.0,2400.0
18/5/2026,Cali,la Panquequeria - Turbo,CO900482246,La Panquequería Ingenio Calle 83C - Turbo,Ingenio,,2400.0,2400.0
18/5/2026,Cali,la Cuadra Desayunos Caseros - Turbo,CO900473694,la Cuadra Desayunos Caceros - Ingenio - Turbo,Ingenio,,2400.0,2400.0
18/5/2026,Cali,Pret Sandwich Bistro - Turbo,CO900472664,Pret Sandwich Bistro Ingenio - Turbo,Ingenio,,2400.0,2400.0
18/5/2026,Cali,Frost By Oreo - Turbo,CO900475353,Frost By Oreo Ingenio - Turbo,Ingenio,,2400.0,2400.0
18/5/2026,Cali,Burrito Cantina - Turbo,CO900473552,Burrito Cantina Ingenio - Turbo,Ingenio,,2400.0,2400.0
18/5/2026,Cali,Burritos & Co - Turbo,CO900473554,Burritos & Co - Ingenio - Turbo,Ingenio,,2400.0,2400.0
18/5/2026,Cali,la Panquequeria - Turbo,CO900482235,La Panquequería San Fernando - Turbo,San Fernando,,2400.0,2400.0
18/5/2026,Cali,Señor Burrito. - Turbo,CO900473587,Señor Burrito - Ingenio - Turbo,Ingenio,,2400.0,2400.0
18/5/2026,Cali,Almuerzos D´la Casa - Turbo,CO900475128,Almuerzos D` la Casa - Ingenio - Turbo,Ingenio,,2400.0,2400.0
18/5/2026,Cali,Selvatiko. - Turbo,CO900472668,Selvatiko. Ingenio - Turbo,Ingenio,,2400.0,2400.0
18/5/2026,Cali,Bottaniko - Turbo,CO900472880,Bottaniko - Ingenio - Turbo,Ingenio,,2400.0,2400.0
18/5/2026,Cali,Alba Vegetarian - Turbo,CO900472649,Alba Vegetarian - Ingenio - Turbo,Ingenio,,2400.0,2400.0
18/5/2026,Cali,Burger Lane - Turbo,CO900442993,Burger Lane San Fernando - Turbo,San Fernando,,2400.0,2400.0
18/5/2026,Cali,Green House Fd - Turbo,CO900481561,Green House Ingenio - Turbo,Ingenio,,2400.0,2400.0
18/5/2026,Cali,Ñamgucheria Sandwiches - Turbo,CO900473581,Ñamguchería Ingenio Calle 83c - Turbo,Ingenio,,2400.0,2400.0
18/5/2026,Cartagena,Get Smashed Burgers - Turbo,CO900481818,Get Smashed Burgers Cartagena - Turbo,Cartagena,,3000.0,3000.0
18/5/2026,Cartagena,Mañanero Diario - Turbo,CO900481971,Mañanero Cartagena - Turbo,Cartagena,,2400.0,2400.0
18/5/2026,Cartagena,Cacerola - Turbo,CO900481042,Cacerola - Cartagena - Turbo,Cartagena,,2400.0,2400.0
18/5/2026,Cartagena,Dembow - Turbo,CO900481376,Dembow - Cartagena - Turbo,Cartagena,,3000.0,3000.0
18/5/2026,Cartagena,Local Cocina Consciente - Turbo,CO900481977,Local - Cocina Consciente Cartagena - Turbo,Cartagena,,3000.0,3000.0
18/5/2026,Cartagena,Foodology Court - Turbo,CO900481814,Foodology Cartagena - Turbo,Cartagena,,2400.0,2400.0
18/5/2026,Cartagena,Sanduches el Jefe - Turbo,CO900483661,Sandwich el Jefe Cartagena - Turbo,Cartagena,,2400.0,2400.0
18/5/2026,Medellín,Ihop - Turbo,CO900420701,Ihop Manila - Turbo,Manila,,2400.0,2400.0
18/5/2026,Medellín,Get Smashed Burgers - Turbo,CO900416437,Get Smash Manila - Turbo,Manila,,2400.0,2400.0
18/5/2026,Medellín,Doritos Locos By Dorito - Turbo,CO900472108,Doritos Locos By Dorito Manila - Turbo,Manila,,2400.0,2400.0
18/5/2026,Medellín,Numa Cocina Mediterranea - Turbo,CO900463756,Cocina Mediterranea Manila - Turbo,Manila,,2400.0,2400.0
18/5/2026,Medellín,The Crunch Pizza - Turbo,CO900416183,The Crunch Manila - Turbo,Manila,,2400.0,2400.0
18/5/2026,Medellín,Get Smashed Burgers - Turbo,CO900416436,Get Smash Laureles - Turbo,Laureles,,2400.0,2400.0
18/5/2026,Medellín,Ihop - Turbo,CO900420699,Ihop Laureles - Turbo,Laureles,,2400.0,2400.0
18/5/2026,Medellín,Numa Cocina Mediterranea - Turbo,CO900463749,Cocina Mediterranea Laureles - Turbo,Laureles,,2400.0,2400.0
18/5/2026,Medellín,The Crunch Pizza - Turbo,CO900416184,The Crunch Laureles - Turbo,Laureles,,2400.0,2400.0
18/5/2026,Medellín,Local Cocina Consciente - Turbo,CO900477099,Local - Cocina Consciente Laureles - Turbo,Laureles,,2400.0,2400.0
18/5/2026,Medellín,Doritos Locos By Dorito - Turbo,CO900472101,Doritos Locos By Dorito Laureles - Turbo,Laureles,,2400.0,2400.0
18/5/2026,Medellín,The Breakfast Club - Turbo,CO900475282,The Breakfast Club Envigado - Turbo,Envigado,,2400.0,2400.0
18/5/2026,Medellín,Señor Burrito. - Turbo,CO900473588,Señor Burrito Envigado - Turbo,Envigado,,2400.0,2400.0
18/5/2026,Medellín,Vicio - Turbo,CO900428425,Vicio Envigado - Turbo,Envigado,,2400.0,2400.0
18/5/2026,Medellín,Pret Sandwich Bistro - Turbo,CO900472665,Pret Sandwich Bistro Envigado - Turbo,Envigado,,2400.0,2400.0
18/5/2026,Medellín,la Panquequeria - Turbo,CO900482240,La Panquequería Laureles - Turbo,Laureles,,2400.0,2400.0
18/5/2026,Medellín,Local Cocina Consciente - Turbo,CO900477098,Local - Cocina Consciente Envigado - Turbo,Envigado,,2400.0,2400.0
18/5/2026,Medellín,Burrito Cantina - Turbo,CO900473551,Burrito Cantina Envigado - Turbo,Envigado,,2400.0,2400.0
18/5/2026,Medellín,la Panquequeria - Turbo,CO900482234,La Panquequería Envigado - Turbo,Envigado,,2400.0,2400.0
18/5/2026,Medellín,Doritos Locos By Dorito - Turbo,CO900473564,Doritos Locos By Dorito Envigado - Turbo,Envigado,,2400.0,2400.0
18/5/2026,Medellín,Local Cocina Consciente - Turbo,CO900481557,Local - Cocina Consciente Manila - Turbo,Manila,,2400.0,2400.0
18/5/2026,Medellín,Cacerola - Turbo,CO900472657,Cacerola - Envigado - Turbo,Envigado,,2400.0,2400.0
18/5/2026,Medellín,Green House Fd - Turbo,CO900481562,Green House Envigado - Turbo,Envigado,,2400.0,2400.0
18/5/2026,Medellín,Monteverde - Turbo,CO900476068,Monteverde Envigado - Turbo,Envigado,,2400.0,2400.0
18/5/2026,Medellín,Bottaniko - Turbo,CO900472879,Bottaniko - Envigado - Turbo,Envigado,,2400.0,2400.0
18/5/2026,Medellín,Ñamgucheria Sandwiches - Turbo,CO900473583,Ñamguchería Envigado - Turbo,Envigado,,2400.0,2400.0
18/5/2026,Medellín,House Of Salads - Turbo,CO900476072,House Of Salads Envigado - Turbo,Envigado,,2400.0,2400.0
18/5/2026,Medellín,Numa Cocina Mediterranea - Turbo,CO900476059,Cocina Mediterranea Envigado - Turbo,Envigado,,2400.0,2400.0
18/5/2026,Medellín,Get Smashed Burgers - Turbo,CO900473575,Get Smashed Burgers Envigado - Turbo,Envigado,,2400.0,2400.0
18/5/2026,Medellín,Honest Food Fdl - Turbo,CO900475460,Honest Food Envigado - Turbo,Envigado,,2400.0,2400.0
18/5/2026,Medellín,Acpm Corrientazo - Turbo,CO900473538,Acpm Corrientazo Envigado - Turbo,Envigado,,2400.0,2400.0
18/5/2026,Medellín,Foodology Court - Turbo,CO900473568,Foodology Envigado - Turbo,Envigado,,2400.0,2400.0
18/5/2026,Medellín,la Panquequeria - Turbo,CO900482233,La Panquequería Manila - Turbo,Manila,,2400.0,2400.0
18/5/2026,Medellín,Mañanero Diario - Turbo,CO900475201,Mañanero Envigado - Turbo,Envigado,,2400.0,2400.0
18/5/2026,Medellín,Que Chicken By Robegrill - Turbo,CO900424250,Qué Chicken Manila - Turbo,Manila,,2400.0,2400.0
18/5/2026,Medellín,Alba Vegetarian - Turbo,CO900472648,Alba Vegetarian - Envigado Carrera 42 #40C 301 - Turbo,Envigado,,2400.0,2400.0
18/5/2026,Medellín,Almuerzos D´la Casa - Turbo,CO900483393,Almuerzos D´la Casa - Envigado - Turbo,Envigado,,2400.0,2400.0
18/5/2026,Medellín,Desayunos de la Abuela - Turbo,CO900472678,Desayunos de la Abuela Envigado - Turbo,Envigado,,2400.0,2400.0
18/5/2026,Medellín,Desayuno Mi Tierrita - Turbo,CO900473557,Desayuno Mi Tierrita Envigado - Turbo,Envigado,,2400.0,2400.0
18/5/2026,Medellín,Cinnabon - Turbo,CO900475802,Cinnabon Envigado - Turbo,Envigado,,2400.0,2400.0
18/5/2026,Medellín,Selvatiko. - Turbo,CO900472669,Selvatiko. Envigado - Turbo,Envigado,,2400.0,2400.0
18/5/2026,Medellín,Mr Beast Burger - Turbo,CO900428939,Mr Beast Envigado - Turbo,Envigado,,2400.0,2400.0
18/5/2026,Medellín,la Cuadra Desayunos Caseros - Turbo,CO900473693,la Cuadra Desayunos Caseros Envigado - Turbo,Envigado,,2400.0,2400.0
18/5/2026,Medellín,Dembow - Turbo,CO900473652,Dembow - Envigado - Turbo Carrera 42 #40c Sur-29,Envigado,,2400.0,2400.0
18/5/2026,Medellín,Green House Fd - Turbo,CO900481563,Green House Manila - Turbo,Manila,,2400.0,2400.0
18/5/2026,Pereira,Burger Lane - Turbo,CO900442994,Burger Lane Pereira - Turbo,Otra,,1000,1000
18/5/2026,Bogotá,la Cuadra Desayunos Caseros - Turbo,CO900488956,la Cuadra Desayunos Arrecife - Turbo,Arrecife,2.0,3000.0,3000.0
18/5/2026,Bogotá,Acpm Corrientazo - Turbo,CO900488269,Acpm Corrientazo Arrecife - Turbo,Arrecife,1.0,3000.0,3000.0
18/5/2026,Bogotá,Vicio - Turbo,CO900489022,Vicio Arrecife - Turbo,Arrecife,1.0,3000.0,3000.0
18/5/2026,Bogotá,Burritos & Co - Turbo,CO900488278,Burritos & Co Arrecife - Turbo,Arrecife,1.0,3000.0,3000.0
18/5/2026,Bogotá,Selvatiko. - Turbo,CO900488992,Selvatiko Arrecife - Turbo,Arrecife,,3000.0,3000.0
18/5/2026,Bogotá,Cinnabon - Turbo,CO900488282,Cinnabon Arrecife - Turbo,Arrecife,,3000.0,3000.0
18/5/2026,Bogotá,Ñamgucheria Sandwiches - Turbo,CO900488970,Ñamgucheria Arrecife - Turbo,Arrecife,,3000.0,3000.0
18/5/2026,Bogotá,Doritos Locos By Dorito - Turbo,CO900488774,Doritosclocos By Doritos Arrecife - Turbo,Arrecife,,3000.0,3000.0
18/5/2026,Bogotá,Desayuno Mi Tierrita - Turbo,CO900488770,Desayuno Mi Tierrita Arrecife - Turbo,Arrecife,,3000.0,3000.0
18/5/2026,Bogotá,Local Cocina Consciente - Turbo,CO900489031,Local Cocina Consciente Arrecife - Turbo,Arrecife,,3000.0,3000.0
18/5/2026,Bogotá,The Breakfast Club - Turbo,CO900489002,The Breakfast Club Arrecife - Turbo,Arrecife,,3000.0,3000.0
18/5/2026,Bogotá,Mañanero Diario - Turbo,CO900488961,Mañanero Diario Arrecife - Turbo,Arrecife,,3000.0,3000.0
18/5/2026,Bogotá,Bottaniko - Turbo,CO900488274,Bottaniko Arrecife - Turbo,Arrecife,,3000.0,3000.0
25/5/2026,Bogotá,Brunch & Munch - Turbo,CO900420520,Brunch And Munch - Colina - Turbo,Colina,9.68,2400.0,2100.0
25/5/2026,Cali,Brunch & Munch - Turbo,CO900405252,Brunch & Munch Cali - San Fernando - Turbo,San Fernando,9.64,2400.0,2100.0
25/5/2026,Cali,Desayuno Mi Tierrita - Turbo,CO900465165,Desayuno Mi Tierrita Santa Monica Cali - Turbo,Santa Mónica,9.39,2400.0,2400.0
25/5/2026,Bogotá,Dembow - Turbo,CO900475131,Dembow Cl 109 - Turbo,Calle 109,8.58,2400.0,2400.0
25/5/2026,Bogotá,Dembow - Turbo,CO900473653,Dembow - Kennedy - Turbo,Kennedy,8.47,3000.0,2700.0
25/5/2026,Bogotá,Desayuno Mi Tierrita - Turbo,CO900476019,Desayuno Mi Tierrita Chico - Turbo,Chicó,7.95,2400.0,2100.0
25/5/2026,Bogotá,Local Cocina Consciente - Turbo,CO900489031,Local Cocina Consciente Arrecife - Turbo,Arrecife,7.92,3000.0,2700.0
25/5/2026,Bogotá,Alba Vegetarian - Turbo,CO900443013,Alba Vegetarian - Colina - Turbo Carrera 53  264,Colina,7.59,2700.0,2400.0
25/5/2026,Bogotá,Mr Beast Burger - Turbo,CO900477182,Mr Beast Chico - Turbo,Chicó,7.43,2400.0,2100.0
25/5/2026,Bogotá,Desayuno Mi Tierrita - Turbo,CO900464390,Desayuno Mi Tierrita Cl 109 - Turbo,Calle 109,7.33,2400.0,2100.0
25/5/2026,Cali,Brunch & Munch - Turbo,CO900472747,Brunch & Munch - Ingenio - Turbo,Ingenio,7.25,2400.0,2100.0
25/5/2026,Bogotá,Desayunos de la Abuela - Turbo,CO900446310,Desayunos de la Abuela Colina - Turbo,Colina,7.13,2400.0,2100.0
25/5/2026,Bogotá,Selvatiko. - Turbo,CO900465173,Selvatiko. 93 - Turbo,Parque 93 / Castellana,6.98,2400.0,2400.0
25/5/2026,Cali,Mr Beast Burger - Turbo,CO900405272,Mr Beast San Fernando - Turbo,San Fernando,6.92,2400.0,2100.0
25/5/2026,Bogotá,Desayunos de la Abuela - Turbo,CO900446320,Desayunos de la Abuela Chico - Turbo,Chicó,6.87,2700.0,2400.0
25/5/2026,Bogotá,The Breakfast Club - Turbo,CO900475281,The Breakfast Club Colina - Turbo,Colina,6.69,2400.0,2100.0
25/5/2026,Bogotá,Numa Cocina Mediterranea - Turbo,CO900488968,Numa Cocina Mediterranea Arrecife - Turbo,Arrecife,6.64,3000.0,2700.0
25/5/2026,Bogotá,The Breakfast Club - Turbo,CO900463743,The Breakfast Club Cl 109 - Turbo,Calle 109,6.62,2400.0,2400.0
25/5/2026,Bogotá,Cacerola - Turbo,CO900473673,Cacerola - Colina - Turbo,Colina,6.42,2400.0,2400.0
25/5/2026,Bogotá,Ñamgucheria Sandwiches - Turbo,CO900440314,Ñamgucheria Chicó - Turbo,Chicó,6.31,2400.0,2100.0
25/5/2026,Bogotá,Mr Beast Burger - Turbo,CO900420302,Mr Beast Colina - Turbo,Colina,6.28,2400.0,2400.0
25/5/2026,Bogotá,Desayuno Mi Tierrita - Turbo,CO900465158,Desayuno Mi Tierrita Usaquén - Turbo,Usaquén,6.23,2400.0,2400.0
25/5/2026,Cali,Desayunos de la Abuela - Turbo,CO900446306,Desayunos de la Abuela San Fernando - Turbo,San Fernando,5.88,2400.0,2400.0
25/5/2026,Bogotá,Brunch & Munch - Turbo,CO900409673,Brunch & Munch Castellana - Turbo,Parque 93 / Castellana,5.74,2400.0,2400.0
25/5/2026,Barranquilla,Desayuno Mi Tierrita - Turbo,CO900465156,Desayuno Mi Tierrita Barranquilla - Turbo,Barranquilla,5.63,2400.0,2400.0
25/5/2026,Cali,Cacerola - Turbo,CO900416207,Cacerola Santa Monica - Cali - Turbo,Santa Mónica,5.63,2400.0,3000.0
25/5/2026,Bogotá,Pret Sandwich Bistro - Turbo,CO900442051,Pret Sandwich Bistro Colina - Turbo,Colina,5.58,2400.0,2400.0
25/5/2026,Bogotá,Ñamgucheria Sandwiches - Turbo,CO900439228,Ñamguchería Colina - Turbo,Colina,5.57,2400.0,2400.0
25/5/2026,Bogotá,Numa Cocina Mediterranea - Turbo,CO900463764,Numa - Cocina Mediterranea Colina - Turbo,Colina,5.48,2400.0,2400.0
25/5/2026,Bogotá,la Cuadra Desayunos Caseros - Turbo,CO900470908,La Cuadra Desayunos Caseros Kennedy - Turbo,Kennedy,5.47,2400.0,2400.0
25/5/2026,Bogotá,la Cuadra Desayunos Caseros - Turbo,CO900467499,La Cuadra Desayunos Caceros - Villa del Prado - Turbo,Villa del Prado,5.41,2400.0,2400.0
25/5/2026,Cali,Ñamgucheria Sandwiches - Turbo,CO900439227,Ñamguchería San Fernando - Turbo,San Fernando,5.39,2400.0,2400.0
25/5/2026,Bogotá,Ñamgucheria Sandwiches - Turbo,CO900439230,Ñamguchería Villa del Prado - Turbo,Villa del Prado,5.35,2400.0,2400.0
25/5/2026,Cali,Foodology Court - Turbo,CO900465152,Foodology Santa Mónica Clo - Turbo Calle 34 Norte 2bn 33,Santa Mónica,5.35,2700.0,2700.0
25/5/2026,Cali,Dembow - Turbo,CO900473655,Dembow - San Fernando - Turbo,San Fernando,5.27,2400.0,3000.0
25/5/2026,Bogotá,Brunch & Munch - Turbo,CO900465171,Brunch & Munch Cl 109 - Turbo,Calle 109,5.26,2400.0,2400.0
25/5/2026,Bogotá,Burritos & Co - Turbo,CO900476014,Burritos & Co Chico - Turbo,Chicó,5.24,2700.0,2400.0
25/5/2026,Bogotá,Desayunos de la Abuela - Turbo,CO900463744,Desayunos de la Abuela Cl 109 - Turbo,Calle 109,5.22,2400.0,2400.0
25/5/2026,Cali,Mr Beast Burger - Turbo,CO900407413,Mr Beast Santa Mónica (Cali Norte) - Turbo,Santa Mónica,5.15,2400.0,2400.0
25/5/2026,Bogotá,The Breakfast Club - Turbo,CO900475213,The Breakfast Club Chico - Turbo,Chicó,4.99,2400.0,2400.0
25/5/2026,Bogotá,The Breakfast Club - Turbo,CO900475286,The Breakfast Club Calle 93 - Turbo,Parque 93 / Castellana,4.98,2400.0,2400.0
25/5/2026,Bogotá,Ñamgucheria Sandwiches - Turbo,CO900463788,Ñamgucheria Cl 109 - Turbo,Calle 109,4.93,2400.0,2400.0
25/5/2026,Cali,Monteverde - Turbo,CO900450778,Monteverde Santa Monica - Turbo,Santa Mónica,4.92,2400.0,2400.0
25/5/2026,Bogotá,Mr Beast Burger - Turbo,CO900475371,Mr Beast Cl 109 - Turbo,Calle 109,4.87,2400.0,2400.0
25/5/2026,Medellín,Acpm Corrientazo - Turbo,CO900473538,Acpm Corrientazo Envigado - Turbo,Envigado,,2400.0,2400.0
25/5/2026,Bogotá,Brunch & Munch - Turbo,CO900420483,Brunch & Munch - Chicó - Turbo,Chicó,4.81,2400.0,2400.0
25/5/2026,Bogotá,Foodology Court - Turbo,CO900465145,Foodology Colina - Turbo Carrera 53 #137a-26,Colina,4.76,2400.0,2400.0
25/5/2026,Cali,Desayunos de la Abuela - Turbo,CO900446316,Desayunos de la Abuela Santa Monica - Turbo,Santa Mónica,4.72,2400.0,2400.0
25/5/2026,Bucaramanga,Brunch & Munch - Turbo,CO900426741,Brunch & Munch Bucaramanga - Turbo,Cabecera (Bga),4.67,2400.0,2400.0
25/5/2026,Cali,Green House Fd - Turbo,CO900438450,Green House Santa Monica - Turbo,Santa Mónica,4.67,3000.0,2400.0
25/5/2026,Bogotá,Cacerola - Turbo,CO900473674,Cacerola - Kennedy - Turbo,Kennedy,4.63,2400.0,2400.0
25/5/2026,Bogotá,Cinnabon - Turbo,CO900476080,Cinnabon Colina - Turbo,Colina,4.61,2400.0,2400.0
25/5/2026,Bogotá,Honest Food Fdl - Turbo,CO900488848,Honest Food Arrecife - Turbo,Arrecife,5.41,3000.0,2400.0
25/5/2026,Bogotá,Señor Burrito. - Turbo,CO900488996,Señor Burrito Arrecife - Turbo,Arrecife,4.63,3000.0,2400.0
25/5/2026,Medellín,Acpm Corrientazo - Turbo,CO900467505,Acpm Corrientazo Laureles - Turbo,Laureles,1.0,2700.0,3000.0
25/5/2026,Medellín,Acpm Corrientazo - Turbo,CO900467512,Acpm Corrientazo Manila - Turbo,Manila,0.88,3000.0,3000.0
25/5/2026,Bogotá,Dembow - Turbo,CO900473656,Dembow - Usaquen - Turbo,Usaquén,4.47,2400.0,3000.0
25/5/2026,Bogotá,Mr Beast Burger - Turbo,CO900409678,Mr Beast Chapinero - Turbo,Chapinero,4.47,2400.0,2400.0
25/5/2026,Bogotá,Brunch & Munch - Turbo,CO900410119,Brunch & Munch Villa del Prado  - Turbo,Villa del Prado,4.45,2400.0,2400.0
25/5/2026,Cali,Honest Food Fdl - Turbo,CO900472144,Honest Food Santa Monica - Turbo,Santa Mónica,4.43,2400.0,2400.0
25/5/2026,Bogotá,La Cuadra - Turbo,CO900420510,La Cuadra - Colina - Turbo,Colina,4.42,2400.0,2400.0
25/5/2026,Bogotá,Numa Cocina Mediterranea - Turbo,CO900463746,Numa Cocina Mediterranea Calle 93 - Turbo,Parque 93 / Castellana,4.42,2400.0,2400.0
25/5/2026,Bogotá,Dembow - Turbo,CO900473645,Dembow - Chapinero - Turbo,Chapinero,4.37,2400.0,2400.0
25/5/2026,Bogotá,Brunch & Munch - Turbo,CO900420519,Brunch And Munch - Kennedy - Turbo,Kennedy,4.35,2400.0,2400.0
25/5/2026,Bogotá,Sanduches el Jefe - Turbo,CO900419503,Sandwich El Jefe Castellana - Turbo,Parque 93 / Castellana,4.35,2400.0,2400.0
25/5/2026,Barranquilla,Sanduches el Jefe - Turbo,CO900419499,Sandwich el Jefe Barranquilla - Turbo Cra. 45  353,Barranquilla,4.34,2400.0,2400.0
25/5/2026,Bogotá,The Breakfast Club - Turbo,CO900475287,The Breakfast Club Villa Del Prado - Turbo,Villa del Prado,4.34,2400.0,2400.0
25/5/2026,Cali,Foodology Court - Turbo,CO900465149,Foodology San Fernando - Turbo Carrera 38 #5e-9,San Fernando,4.32,2400.0,2400.0
25/5/2026,Barranquilla,Mr Beast Burger - Turbo,CO900405269,Mr Beast Barranquilla Norte - Turbo Urgencias Eps Sanitas 284,Barranquilla,4.27,2400.0,2400.0
25/5/2026,Bogotá,Honest Food Fdl - Turbo,CO900472142,Honest Food Colina - Turbo,Colina,4.27,2400.0,2400.0
25/5/2026,Bogotá,Desayunos de la Abuela - Turbo,CO900473560,Desayunos de la Abuela Kennedy - Turbo,Kennedy,4.27,2400.0,2400.0
25/5/2026,Bucaramanga,The Breakfast Club - Turbo,CO900475208,The Breakfast Club Cabecera - Turbo,Cabecera (Bga),4.27,2700.0,3000.0
25/5/2026,Bogotá,La Cuadra - Turbo,CO900416198,La Cuadra - Villa del Prado - Turbo,Villa del Prado,4.24,2400.0,2400.0
25/5/2026,Medellín,Alba Vegetarian - Turbo,CO900472648,Alba Vegetarian - Envigado Carrera 42 #40C 301 - Turbo,Envigado,,2400.0,2400.0
25/5/2026,Bogotá,Desayunos de la Abuela - Turbo,CO900446318,Desayunos de la Abuela Villa Del Prado - Turbo,Villa del Prado,4.16,2400.0,2400.0
25/5/2026,Bogotá,Dembow - Turbo,CO900473651,Dembow - Villa Del Prado - Turbo,Villa del Prado,3.98,2700.0,2400.0
25/5/2026,Bogotá,Sanduches el Jefe - Turbo,CO900419501,Sandwich el Jefe Villa Del Prado - Turbo Carrera 55  243,Villa del Prado,3.96,2700.0,2700.0
25/5/2026,Bogotá,Foodology Court - Turbo,CO900465148,Foodology 93 - Turbo Calle 93 #45a-16,Parque 93 / Castellana,3.94,2400.0,2400.0
25/5/2026,Medellín,Alba Vegetarian - Turbo,CO900443008,Alba Vegetarian - Laureles - Turbo,Laureles,3.61,2700.0,3000.0
25/5/2026,Bucaramanga,Foodology Court - Turbo,CO900465153,Foodology Cabecera - Turbo,Cabecera (Bga),3.88,3000.0,3000.0
25/5/2026,Cali,The Breakfast Club - Turbo,CO900475288,The Breakfast Club San Fernando - Turbo,San Fernando,3.86,2400.0,2400.0
25/5/2026,Bogotá,Acpm Corrientazo - Turbo,CO900467513,Acpm Corrientazo Colina - Turbo,Colina,3.85,2400.0,2400.0
25/5/2026,Bogotá,Cinnabon - Turbo,CO900415448,Cinnabon Chicó - Turbo,Chicó,3.84,2700.0,3000.0
25/5/2026,Bogotá,Honest Food Fdl - Turbo,CO900475462,Honest Food Kennedy - Turbo,Kennedy,3.84,2400.0,2400.0
25/5/2026,Bogotá,Sanduches el Jefe - Turbo,CO900420513,Sandwich el Jefe Kennedy - Turbo,Kennedy,3.83,2700.0,3000.0
25/5/2026,Bogotá,la Cuadra Desayunos Caseros - Turbo,CO900470911,La Cuadra Desayunos Caseros Andes - Turbo,Andes,3.83,2400.0,2400.0
25/5/2026,Barranquilla,Dembow - Turbo,CO900473647,Dembow - Barranquilla Nte - Turbo,Barranquilla,3.82,3000.0,3000.0
25/5/2026,Bogotá,Brunch & Munch - Turbo,CO900488275,Brunch & Munch Arrecife - Turbo,Arrecife,4.58,3000.0,2400.0
25/5/2026,Bogotá,Avocalia Turbo,CO900420305,Avocalia - Colina - Turbo,Colina,3.82,2400.0,2400.0
25/5/2026,Cali,Monteverde - Turbo,CO900450772,Monteverde San Fernando - Turbo,San Fernando,3.81,2700.0,2700.0
25/5/2026,Medellín,Alba Vegetarian - Turbo,CO900443014,Alba Vegetarian - Manila - Turbo,Manila,1.17,3000.0,3000.0
25/5/2026,Bogotá,Pret Sandwich Bistro - Turbo,CO900470306,Pret Sandwich Bistro Chico - Turbo,Chicó,3.76,2700.0,3000.0
25/5/2026,Bogotá,Selvatiko. - Turbo,CO900476479,Selvatiko Chico - Turbo,Chicó,3.75,3000.0,3000.0
25/5/2026,Cali,Honest Food Fdl - Turbo,CO900472139,Honest Food San Fernando - Turbo,San Fernando,3.75,2700.0,3000.0
25/5/2026,Bogotá,Selvatiko. - Turbo,CO900475124,Selvatiko. Colina - Turbo,Colina,3.74,3000.0,3000.0
25/5/2026,Bogotá,Bottaniko - Turbo,CO900443508,Bottaniko - Cll 93 - Turbo,Parque 93 / Castellana,3.73,2400.0,2400.0
25/5/2026,Barranquilla,The Breakfast Club - Turbo,CO900475211,The Breakfast Club Barranquilla - Turbo,Barranquilla,3.71,2700.0,2700.0
25/5/2026,Bucaramanga,Numa Cocina Mediterranea - Turbo,CO900463748,Cocina Mediterranea Cabecera - Turbo,Cabecera (Bga),3.71,2400.0,2400.0
25/5/2026,Cali,Avocalia Turbo,CO900407400,Avocalia Santa Monica - Cali - Turbo,Santa Mónica,3.69,2700.0,3000.0
25/5/2026,Bogotá,Alba Vegetarian - Turbo,CO900475346,Alba Vegetarian Chico - Turbo,Chicó,3.68,3000.0,3000.0
25/5/2026,Cali,Burritos & Co - Turbo,CO900410573,Burritos And Co Cali - Turbo,Otra,3.68,2700.0,3000.0
25/5/2026,Bogotá,Pret Sandwich Bistro - Turbo,CO900464394,Pret Sandwich Bistro Cl 109 - Turbo,Calle 109,3.67,2400.0,2400.0
25/5/2026,Bogotá,Alba Vegetarian - Turbo,CO900473540,Alba Vegetarian - Kennedy Calle 26 Sur #72c 258 - Turbo,Kennedy,3.65,2700.0,3000.0
25/5/2026,Bogotá,Brunch & Munch - Turbo,CO900409672,Brunch & Munch Chapinero - Turbo,Chapinero,3.62,2400.0,2400.0
25/5/2026,Medellín,Almuerzos D´la Casa - Turbo,CO900483393,Almuerzos D´la Casa - Envigado - Turbo,Envigado,,2400.0,2400.0
25/5/2026,Cali,Avocalia Turbo,CO900405544,Avocalia Cali - San Fernando - Turbo,San Fernando,3.58,2400.0,2400.0
25/5/2026,Bogotá,Mañanero Diario - Turbo,CO900476020,Mañanero Diario Chico - Turbo,Chicó,3.55,3000.0,3000.0
25/5/2026,Bogotá,Selvatiko. - Turbo,CO900475116,Selvatiko. Chapinero - Turbo,Chapinero,3.53,2400.0,3000.0
25/5/2026,Cali,Dembow - Turbo,CO900473646,Dembow - Santa Mónica - Turbo,Santa Mónica,3.52,2400.0,2400.0
25/5/2026,Bogotá,Desayunos de la Abuela - Turbo,CO900473561,Desayunos de la Abuela Andes - Turbo,Andes,3.51,2400.0,2400.0
25/5/2026,Bogotá,Green House Fd - Turbo,CO900488845,Green House Arrecife - Turbo,Arrecife,4.57,3000.0,2400.0
25/5/2026,Medellín,Almuerzos D´la Casa - Turbo,CO900471207,Almuerzos D´la Casa - Laureles - Turbo,Laureles,2.41,2700.0,3000.0
25/5/2026,Bucaramanga,Selvatiko. - Turbo,CO900475119,Selvatiko. Cabecera - Turbo,Cabecera (Bga),3.45,3000.0,3000.0
25/5/2026,Bogotá,Burrito Cantina - Turbo,CO900467387,Burrito Cantina Castellana - Turbo,Parque 93 / Castellana,3.43,2700.0,2400.0
25/5/2026,Bogotá,House Of Salads - Turbo,CO900445676,House Of Salad Colina - Turbo,Colina,3.41,2700.0,3000.0
25/5/2026,Bogotá,Pret Sandwich Bistro - Turbo,CO900416172,Pret Sandwich Bistro Chapinero - Turbo,Chapinero,3.41,2400.0,2400.0
25/5/2026,Cali,Burritos & Co - Turbo,CO900410569,Burritos & CO Cali - San Fernando - Turbo,San Fernando,3.41,2700.0,3000.0
25/5/2026,Bogotá,Acpm Corrientazo - Turbo,CO900467511,Acpm Corrientazo Castellana - Turbo,Parque 93 / Castellana,3.39,2400.0,2400.0
25/5/2026,Medellín,Almuerzos D´la Casa - Turbo,CO900471213,Almuerzos D´la Casa - Manila - Turbo,Manila,1.19,3000.0,3000.0
25/5/2026,Bogotá,Sanduches el Jefe - Turbo,CO900420512,Sandwich el Jefe Colina - Turbo,Colina,3.38,2400.0,2400.0
25/5/2026,Cali,La Cuadra - Turbo,CO900416195,La Cuadra Santa Monica - Cali - Turbo,Santa Mónica,3.37,3000.0,3000.0
25/5/2026,Cali,Local Cocina Consciente - Turbo,CO900477097,Local - Cocina Consciente San Fernando - Turbo,San Fernando,3.35,2700.0,3000.0
25/5/2026,Cali,Almuerzos D´la Casa - Turbo,CO900471211,Almuerzos D´la Casa - San Fernando - Turbo,San Fernando,3.34,3000.0,3000.0
25/5/2026,Bucaramanga,Burrito Cantina - Turbo,CO900467384,Burrito Cantina Bucaramanga - Turbo,Cabecera (Bga),3.33,2400.0,2400.0
25/5/2026,Medellín,Avocalia Turbo,CO900405545,Avocalia - Manila - Turbo,Manila,1.13,3000.0,3000.0
25/5/2026,Bogotá,Monteverde - Turbo,CO900450767,Monteverde Colina - Turbo,Colina,3.29,2700.0,3000.0
25/5/2026,Cartagena,Mr Beast Burger - Turbo,CO900481990,Mr Beast Cartagena - Turbo,Cartagena,3.29,2400.0,2400.0
25/5/2026,Bogotá,Ñamgucheria Sandwiches - Turbo,CO900439229,Ñamguchería Castellana - Turbo,Parque 93 / Castellana,3.27,2400.0,2400.0
25/5/2026,Bogotá,Honest Food Fdl - Turbo,CO900463745,Honest Food Cl 109 - Turbo,Calle 109,3.26,2700.0,3000.0
25/5/2026,Bogotá,The Breakfast Club - Turbo,CO900475207,The Breakfast Club Kennedy - Turbo,Kennedy,3.26,2400.0,2400.0
25/5/2026,Bogotá,Ñamgucheria Sandwiches - Turbo,CO900473584,Ñamguchería Andes - Turbo,Andes,3.25,2400.0,2400.0
25/5/2026,Bogotá,Cacerola - Turbo,CO900416214,Cacerola Castellana - Turbo,Parque 93 / Castellana,3.25,2400.0,2400.0
25/5/2026,Cali,Acpm Corrientazo - Turbo,CO900467504,Acpm Corrientazo San Fernando - Turbo,San Fernando,3.25,3000.0,3000.0
25/5/2026,Bogotá,Mr Beast Burger - Turbo,CO900405271,Mr Beast Villa Del Prado - Turbo,Villa del Prado,3.23,2400.0,2400.0
25/5/2026,Cali,Alba Vegetarian - Turbo,CO900443016,Alba Vegetarian - San Fernando - Turbo,San Fernando,3.23,2700.0,3000.0
25/5/2026,Bogotá,Burritos & Co - Turbo,CO900420641,Burritos And Co - Colina - Turbo,Colina,3.22,2700.0,3000.0
25/5/2026,Bogotá,Mr Beast Burger - Turbo,CO900420303,Mr Beast Kennedy - Turbo,Kennedy,3.22,2400.0,2400.0
25/5/2026,Bogotá,Señor Burrito. - Turbo,CO900467418,Señor Burrito 93 - Turbo,Parque 93 / Castellana,3.22,2400.0,2400.0
25/5/2026,Cali,Green House Fd - Turbo,CO900438444,Green House San Fernando - Turbo,San Fernando,3.21,2400.0,2400.0
25/5/2026,Medellín,Avocalia Turbo,CO900405766,Avocalia Laureles - Turbo,Laureles,2.31,2700.0,3000.0
25/5/2026,Bucaramanga,Cacerola - Turbo,CO900473672,Cacerola - Cabecera - Turbo,Cabecera (Bga),3.19,2400.0,2400.0
25/5/2026,Bogotá,Señor Burrito. - Turbo,CO900464393,Señor Burrito 109 - Turbo,Calle 109,3.17,3000.0,3000.0
25/5/2026,Bogotá,Burritos & Co - Turbo,CO900464311,Burritos & Co Cl 109 - Turbo,Calle 109,3.16,2700.0,3000.0
25/5/2026,Cartagena,Ñamgucheria Sandwiches - Turbo,CO900481992,Ñamguchería Cartagena - Turbo,Cartagena,3.15,2700.0,3000.0
25/5/2026,Barranquilla,Pret Sandwich Bistro - Turbo,CO900416176,Pret Sandwich Bistro Barranquilla Nte - Turbo,Barranquilla,3.14,2700.0,3000.0
25/5/2026,Cali,House Of Salads - Turbo,CO900445681,House Of Salad Santa Monica - Turbo,Santa Mónica,3.14,2400.0,2400.0
25/5/2026,Bogotá,Mañanero Diario - Turbo,CO900443500,Mañanero diario Chapinero - Turbo,Chapinero,3.13,2400.0,2100.0
25/5/2026,Bogotá,Numa Cocina Mediterranea - Turbo,CO900476061,Cocina Mediterranea Andes - Turbo,Andes,2.98,2400.0,2400.0
25/5/2026,Bogotá,House Of Salads - Turbo,CO900445682,House Of Salad Chico - Turbo,Chicó,2.97,2700.0,3000.0
25/5/2026,Bogotá,Pret Sandwich Bistro - Turbo,CO900416549,Pret Sandwich Bistro 93 - Turbo,Parque 93 / Castellana,2.96,3000.0,3000.0
25/5/2026,Barranquilla,Honest Food Fdl - Turbo,CO900472141,Honest Food Barranquilla - Turbo,Barranquilla,2.95,2700.0,3000.0
25/5/2026,Bucaramanga,House Of Salads - Turbo,CO900476073,House Of Salads Cabecera - Turbo,Cabecera (Bga),2.94,3000.0,2400.0
25/5/2026,Bogotá,Bottaniko - Turbo,CO900475790,Bottaniko - Kennedy - Turbo,Kennedy,2.93,3000.0,3000.0
25/5/2026,Cali,House Of Salads - Turbo,CO900445671,House Of Salad San Fernando - Turbo,San Fernando,2.92,3000.0,2400.0
25/5/2026,Medellín,Bottaniko - Turbo,CO900472879,Bottaniko - Envigado - Turbo,Envigado,,2400.0,2400.0
25/5/2026,Bogotá,La Cuadra - Turbo,CO900416192,La Cuadra - Castellana - Turbo,Parque 93 / Castellana,2.84,2400.0,2400.0
25/5/2026,Bogotá,Dembow - Turbo,CO900473654,Dembow - Colina - Turbo,Colina,2.83,2400.0,2400.0
25/5/2026,Medellín,Bottaniko - Turbo,CO900443506,Bottaniko Laureles - Turbo,Laureles,2.0,2700.0,3000.0
25/5/2026,Bogotá,Bottaniko - Turbo,CO900443516,Bottaniko - Colina - Turbo,Colina,2.81,2400.0,3000.0
25/5/2026,Barranquilla,Brunch & Munch - Turbo,CO900405255,Brunch & Munch Barranquilla - Turbo,Barranquilla,2.78,2400.0,2400.0
25/5/2026,Bogotá,Mr Beast Burger - Turbo,CO900409677,Mr Beast Castellana - Turbo,Parque 93 / Castellana,2.78,2400.0,2400.0
25/5/2026,Cali,Mañanero Diario - Turbo,CO900443498,Mañanero Diario Santa Mónica (Cali Norte) - Turbo,Santa Mónica,2.78,3000.0,3000.0
25/5/2026,Medellín,Bottaniko - Turbo,CO900443512,Bottaniko Manila - Medellin - Turbo,Manila,1.0,3000.0,3000.0
25/5/2026,Bogotá,Green House Fd - Turbo,CO900438446,Green House Kennedy - Turbo,Kennedy,2.76,2700.0,3000.0
25/5/2026,Bogotá,Brunch & Munch - Turbo,CO900426740,Brunch & Munch Andes - Turbo,Andes,2.76,2400.0,2400.0
25/5/2026,Bogotá,Numa Cocina Mediterranea - Turbo,CO900476062,Cocina Mediterranea Kennedy - Turbo,Kennedy,2.74,2400.0,2400.0
25/5/2026,Barranquilla,Mañanero Diario - Turbo,CO900443503,Mañanero diario Barranquilla Norte - Turbo CHURNEADO,Barranquilla,2.73,2400.0,3000.0
25/5/2026,Bogotá,Foodology Court - Turbo,CO900471304,Foodology Kennedy - Turbo,Kennedy,2.73,2400.0,2400.0
25/5/2026,Medellín,Brunch & Munch - Turbo,CO900405253,Brunch & Munch Laureles - Turbo,Laureles,3.31,2700.0,3000.0
25/5/2026,Cali,Alba Vegetarian - Turbo,CO900443011,Alba Vegetarian - Santa Monica - Turbo,Santa Mónica,2.72,2400.0,2400.0
25/5/2026,Bogotá,Monteverde - Turbo,CO900463719,Monteverde Cl 109 - Turbo,Calle 109,2.71,2700.0,3000.0
25/5/2026,Bogotá,la Cuadra Desayunos Caseros - Turbo,CO900467493,La Cuadra Desayunos Caseros Usaquen - Turbo,Usaquén,2.71,3000.0,3000.0
25/5/2026,Bogotá,Mañanero Diario - Turbo,CO900443497,Mañanero diario Colina - Turbo,Colina,2.71,2700.0,3000.0
25/5/2026,Bogotá,Almuerzos D´la Casa - Turbo,CO900475129,Almuerzos D` La Casa - Kennedy - Turbo,Kennedy,2.69,2700.0,3000.0
25/5/2026,Bogotá,Alba Vegetarian - Turbo,CO900475345,Alba Vegetarian Cl 109 - Turbo,Calle 109,2.68,2700.0,3000.0
25/5/2026,Bogotá,Ñamgucheria Sandwiches - Turbo,CO900439225,Ñamguchería Chapinero - Turbo,Chapinero,2.68,2400.0,2400.0
25/5/2026,Bucaramanga,Monteverde - Turbo,CO900450765,Monteverde Cabecera - Turbo,Cabecera (Bga),2.68,3000.0,3000.0
25/5/2026,Bogotá,Green House Fd - Turbo,CO900438447,Green House Villa Del Prado - Turbo Cra. 55  243,Villa del Prado,2.66,2700.0,3000.0
25/5/2026,Bogotá,House Of Salads - Turbo,CO900445677,House Of Salad Villa del Prado - Turbo,Villa del Prado,2.66,3000.0,3000.0
25/5/2026,Cali,Cacerola - Turbo,CO900416209,Cacerola Cali - San Fernando - Turbo,San Fernando,2.66,2400.0,2400.0
25/5/2026,Cali,Almuerzos D´la Casa - Turbo,CO900471208,Almuerzos D´la Casa - Santa Monica - Turbo,Santa Mónica,2.66,2700.0,3000.0
25/5/2026,Cali,Burrito Cantina - Turbo,CO900467383,Burrito Cantina San Fernando - Turbo,San Fernando,2.64,2700.0,3000.0
25/5/2026,Medellín,Brunch & Munch - Turbo,CO900405254,Brunch & Munch Manila - Medellin - Turbo,Manila,1.58,3000.0,3000.0
25/5/2026,Barranquilla,Burrito Cantina - Turbo,CO900467386,Burrito Cantina Barranquilla Norte - Turbo,Barranquilla,2.63,2700.0,2700.0
25/5/2026,Cali,Cinnabon - Turbo,CO900405124,Cinnabon San Fernando - Turbo,San Fernando,2.63,2700.0,3000.0
25/5/2026,Medellín,Burrito Cantina - Turbo,CO900473551,Burrito Cantina Envigado - Turbo,Envigado,,2400.0,2400.0
25/5/2026,Bogotá,Dembow - Turbo,CO900473650,Dembow - Andes - Turbo,Andes,2.62,3000.0,3000.0
25/5/2026,Bucaramanga,Dembow - Turbo,CO900473642,Dembow - Cabecera - Turbo,Cabecera (Bga),2.59,2700.0,3000.0
25/5/2026,Bogotá,Green House Fd - Turbo,CO900438452,Green House Chapinero - Turbo,Chapinero,2.58,2700.0,3000.0
25/5/2026,Bogotá,The Breakfast Club - Turbo,CO900475212,The Breakfast Club Andes - Turbo,Andes,2.56,2400.0,2400.0
25/5/2026,Medellín,Burrito Cantina - Turbo,CO900467385,Burrito Cantina Laureles - Turbo,Laureles,1.0,2700.0,3000.0
25/5/2026,Medellín,Burrito Cantina - Turbo,CO900467377,Burrito Cantina Manila - Turbo,Manila,1.59,3000.0,3000.0
25/5/2026,Barranquilla,Green House Fd - Turbo,CO900438451,Green House Barranquilla - Turbo,Barranquilla,2.55,2700.0,3000.0
25/5/2026,Cali,Sanduches el Jefe - Turbo,CO900419506,Sandwich El Jefe San Fernando - Turbo,San Fernando,2.55,3000.0,3000.0
25/5/2026,Bogotá,Ñamgucheria Sandwiches - Turbo,CO900473582,Ñamguchería Kennedy - Turbo,Kennedy,2.54,2400.0,2400.0
25/5/2026,Cartagena,Brunch & Munch - Turbo,CO900481032,Brunch & Munch - Cartagena - Turbo,Cartagena,2.54,2400.0,2400.0
25/5/2026,Bogotá,Avocalia Turbo,CO900405546,Avocalia - Villa Del Prado - Turbo,Villa del Prado,2.53,2400.0,2400.0
25/5/2026,Bogotá,Cinnabon Foodology - Turbo,CO900410068,Cinnabon Chapinero - Turbo,Chapinero,2.52,2700.0,3000.0
25/5/2026,Bogotá,Avocalia Turbo,CO900464312,Avocalia Cl 109 - Turbo,Calle 109,2.49,2700.0,3000.0
25/5/2026,Bogotá,Cinnabon - Turbo,CO900463784,Cinnabon Cl 109 - Turbo,Calle 109,2.49,3000.0,3000.0
25/5/2026,Bogotá,Mañanero Diario - Turbo,CO900475202,Mañanero Diario Cl 109 - Turbo,Calle 109,2.47,2400.0,3000.0
25/5/2026,Bogotá,Honest Food Fdl - Turbo,CO900472133,Honest Food Villa Del Prado - Turbo,Villa del Prado,2.47,2400.0,2400.0
25/5/2026,Bogotá,Green House Fd - Turbo,CO900438449,Green House Parque 93 - Turbo,Parque 93 / Castellana,2.44,2700.0,2700.0
25/5/2026,Bogotá,Honest Food Fdl - Turbo,CO900472137,Honest Food Chapinero - Turbo,Chapinero,2.44,2700.0,3000.0
25/5/2026,Bogotá,Señor Burrito. - Turbo,CO900467426,Señor Burrito Chapinero - Turbo,Chapinero,2.44,2700.0,3000.0
25/5/2026,Cali,Desayunos de la Abuela - Turbo,CO900472679,Desayunos de la Abuela Ingenio - Turbo,Ingenio,2.44,2400.0,2400.0
25/5/2026,Bucaramanga,la Cuadra Desayunos Caseros - Turbo,CO900470910,La Cuadra Desayunos Caseros Cabecera - Turbo,Cabecera (Bga),2.43,3000.0,3000.0
25/5/2026,Cali,La Cuadra - Turbo,CO900416200,La Cuadra Cali - San Fernando - Turbo,San Fernando,2.43,2700.0,2700.0
25/5/2026,Medellín,Burritos & Co - Turbo,CO900410576,Burritos & Co Manila - Medellin - Turbo,Manila,1.25,3000.0,3000.0
25/5/2026,Bucaramanga,Señor Burrito. - Turbo,CO900467424,Señor Burrito Cabecera - Turbo,Cabecera (Bga),2.42,3000.0,3000.0
25/5/2026,Bogotá,Honest Food Fdl - Turbo,CO900472138,Honest Food Calle 93 - Turbo,Parque 93 / Castellana,2.41,2400.0,2400.0
25/5/2026,Cali,Señor Burrito. - Turbo,CO900467419,Señor Burrito San Fernando - Turbo,San Fernando,2.41,2700.0,3000.0
25/5/2026,Medellín,Burritos & Co - Turbo,CO900410568,Burritos And Co Laureles - Turbo,Laureles,2.56,2700.0,3000.0
25/5/2026,Bogotá,La Cuadra - Turbo,CO900420509,La Cuadra - Kennedy - Turbo,Kennedy,2.38,2700.0,3000.0
25/5/2026,Cali,Selvatiko. - Turbo,CO900475114,Selvatiko. Santa Monica - Turbo,Santa Mónica,2.35,2400.0,2400.0
25/5/2026,Cali,Cinnabon - Turbo,CO900407398,Cinnabon Santa Mónica (Cali Norte) - Turbo,Santa Mónica,2.31,3000.0,3000.0
25/5/2026,Medellín,Cacerola - Turbo,CO900472657,Cacerola - Envigado - Turbo,Envigado,,2400.0,2400.0
25/5/2026,Bucaramanga,Honest Food Fdl - Turbo,CO900472134,Honest Food Cabecera - Turbo,Cabecera (Bga),2.29,3000.0,3000.0
25/5/2026,Bogotá,Selvatiko. - Turbo,CO900475118,Selvatiko. Villa del prado - Turbo,Villa del Prado,2.28,3000.0,3000.0
25/5/2026,Bogotá,Avocalia Turbo,CO900410780,Avocalia Chicó - Turbo,Chicó,2.27,3000.0,3000.0
25/5/2026,Bogotá,Local Cocina Consciente - Turbo,CO900477107,Local - Cocina Consciente Calle 93 - Turbo,Parque 93 / Castellana,2.26,2700.0,3000.0
25/5/2026,Bogotá,Dembow - Turbo,CO900473649,Dembow - Calle 93 - Turbo,Parque 93 / Castellana,2.25,2400.0,2400.0
25/5/2026,Bogotá,Cacerola - Turbo,CO900416212,Cacerola Chapinero - Turbo,Chapinero,2.25,2400.0,2400.0
25/5/2026,Bogotá,Desayunos de la Abuela - Turbo,CO900446276,Desayunos de la Abuela Calle 93 - Turbo,Parque 93 / Castellana,2.24,2700.0,2700.0
25/5/2026,Medellín,Cacerola - Turbo,CO900416211,Cacerola Laureles - Turbo,Laureles,4.54,2700.0,3000.0
25/5/2026,Bogotá,La Cuadra - Turbo,CO900416199,La Cuadra - Chapinero - Turbo,Chapinero,2.23,2700.0,3000.0
25/5/2026,Bogotá,Sanduches el Jefe - Turbo,CO900419502,Sandwich El Jefe Chapinero - Turbo,Chapinero,2.23,2400.0,2400.0
25/5/2026,Bogotá,Almuerzos D´la Casa - Turbo,CO900471210,Almuerzos D´la Casa - Chapinero - Turbo,Chapinero,2.23,2400.0,2400.0
25/5/2026,Cali,Señor Burrito. - Turbo,CO900467417,Señor Burrito Santa Monica - Turbo,Santa Mónica,2.23,3000.0,3000.0
25/5/2026,Bogotá,Burritos & Co - Turbo,CO900410572,Burritos And Co 93 - Turbo,Parque 93 / Castellana,2.22,2700.0,3000.0
25/5/2026,Medellín,Cacerola - Turbo,CO900416206,Cacerola Manila - Medellin - Turbo,Manila,1.68,3000.0,3000.0
25/5/2026,Medellín,Cinnabon - Turbo,CO900475802,Cinnabon Envigado - Turbo,Envigado,,2400.0,2400.0
25/5/2026,Bogotá,House Of Salads - Turbo,CO900445673,House Of Salad Chapinero - Turbo,Chapinero,2.17,2400.0,2400.0
25/5/2026,Bogotá,Monteverde - Turbo,CO900476066,Monteverde Andes - Turbo,Andes,2.16,2700.0,2700.0
25/5/2026,Bucaramanga,Ñamgucheria Sandwiches - Turbo,CO900440620,Ñamguchería Bucaramanga. - Turbo,Cabecera (Bga),2.15,2700.0,3000.0
25/5/2026,Medellín,Cinnabon - Turbo,CO900396466,Cinnabon Laureles - Turbo,Laureles,2.24,2700.0,3000.0
25/5/2026,Bogotá,Desayuno Mi Tierrita - Turbo,CO900465166,Desayuno Mi Tierrita - Colina - Turbo,Colina,15.18,2400.0,2400.0
25/5/2026,Cali,Desayuno Mi Tierrita - Turbo,CO900465164,Desayuno Mi Tierrita San Fernando Cali - Turbo,San Fernando,13.95,2400.0,2100.0
25/5/2026,Bogotá,Cacerola - Turbo,CO900473676,Cacerola Chico - Turbo,Chicó,13.86,2700.0,2400.0
25/5/2026,Bogotá,Avocalia Turbo,CO900488273,Avocalia Arrecife - Turbo,Arrecife,3.82,3000.0,3000.0
25/5/2026,Barranquilla,House Of Salads - Turbo,CO900445675,House Of Salad Barranquilla - Turbo,Barranquilla,1.98,2400.0,2400.0
25/5/2026,Barranquilla,Monteverde - Turbo,CO900450774,Monteverde Barranquilla - Turbo,Barranquilla,1.98,3000.0,3000.0
25/5/2026,Bogotá,Señor Burrito. - Turbo,CO900467421,Señor Burrito - Villa del Prado - Turbo,Villa del Prado,1.98,2400.0,2400.0
25/5/2026,Cartagena,Señor Burrito. - Turbo,CO900482004,Señor Burrito Cartagena - Turbo,Cartagena,1.98,2700.0,2700.0
25/5/2026,Bogotá,Cacerola - Turbo,CO900416213,Cacerola Usaquen - Turbo,Usaquén,1.97,2700.0,3000.0
25/5/2026,Medellín,Cinnabon - Turbo,CO900405125,Cinnabon Manila - Turbo,Manila,1.0,3000.0,3000.0
25/5/2026,Bogotá,House Of Salads - Turbo,CO900488856,House Of Salads Arrecife - Turbo,Arrecife,3.46,3000.0,3000.0
25/5/2026,Bogotá,Alba Vegetarian - Turbo,CO900443009,Alba Vegetarian - Chapinero - Turbo,Chapinero,1.94,2700.0,3000.0
25/5/2026,Bogotá,Burritos & Co - Turbo,CO900410665,Burritos And Co Chapinero - Turbo,Chapinero,1.93,2700.0,3000.0
25/5/2026,Bucaramanga,La Cuadra - Turbo,CO900426535,La Cuadra - Bucaramanga - Turbo,Cabecera (Bga),1.93,3000.0,3000.0
25/5/2026,Cali,la Cuadra Desayunos Caseros - Turbo,CO900467495,La Cuadra Desayunos San Fernando - Turbo,San Fernando,1.93,3000.0,3000.0
25/5/2026,Bogotá,Acpm Corrientazo - Turbo,CO900470916,Acpm Corrientazo Andes - Turbo,Andes,1.92,2700.0,2700.0
25/5/2026,Barranquilla,La Cuadra - Turbo,CO900416197,La Cuadra Barranquilla Norte - Turbo,Barranquilla,1.89,2700.0,3000.0
25/5/2026,Barranquilla,Avocalia Turbo,CO900405547,Avocalia Barranquilla - Turbo,Barranquilla,1.89,2700.0,3000.0
25/5/2026,Cali,Helados San Jerónimo - Turbo,CO900407396,Heladería San Jerónimo Santa Mónica (Cali Norte) - Turbo,Santa Mónica,1.89,2400.0,2400.0
25/5/2026,Bogotá,Monteverde - Turbo,CO900450773,Monteverde Villa Del Prado - Turbo,Villa del Prado,1.88,2700.0,3000.0
25/5/2026,Bogotá,Burrito Cantina - Turbo,CO900488277,Burrito Cantina Arrecife - Turbo,Arrecife,3.26,3000.0,3000.0
25/5/2026,Medellín,Numa Cocina Mediterranea - Turbo,CO900476059,Cocina Mediterranea Envigado - Turbo,Envigado,,2400.0,2400.0
25/5/2026,Bogotá,Mr Beast Burger - Turbo,CO900409679,Mr Beast Usaquén - Turbo,Usaquén,1.87,2700.0,3000.0
25/5/2026,Cali,Mr Beast Burger - Turbo,CO900476815,Mr Beast Ingenio - Turbo,Ingenio,1.87,2400.0,2400.0
25/5/2026,Bogotá,Almuerzos D´la Casa - Turbo,CO900473543,Almuerzos D´la Casa - Andes - Turbo,Andes,1.86,2700.0,2700.0
25/5/2026,Cali,Frost By Oreo - Turbo,CO900407399,Frost By Oreo Santa Mónica (Cali Norte) - Turbo,Santa Mónica,1.85,3000.0,3000.0
25/5/2026,Barranquilla,Alba Vegetarian - Turbo,CO900443015,Alba Vegetarian - Norte - Turbo,Barranquilla,1.84,2700.0,3000.0
25/5/2026,Bogotá,Honest Food Fdl - Turbo,CO900475459,Honest Food Andes - Turbo,Andes,1.84,2700.0,3000.0
25/5/2026,Bogotá,Burrito Cantina - Turbo,CO900467381,Burrito Cantina Usaquén - Turbo,Usaquén,1.83,2700.0,3000.0
25/5/2026,Bogotá,Burritos & Co - Turbo,CO900420642,Burritos And Co - Kennedy - Turbo,Kennedy,1.82,2700.0,3000.0
25/5/2026,Medellín,Numa Cocina Mediterranea - Turbo,CO900463749,Cocina Mediterranea Laureles - Turbo,Laureles,4.85,2400.0,2400.0
25/5/2026,Bogotá,Brunch & Munch - Turbo,CO900409674,Brunch & Munch Usaquen - Turbo,Usaquén,1.81,3000.0,3000.0
25/5/2026,Bucaramanga,Almuerzos D´la Casa - Turbo,CO900471204,Almuerzos D´la Casa - Cabecera - Turbo,Cabecera (Bga),1.78,2700.0,2700.0
25/5/2026,Cartagena,Alba Vegetarian - Turbo,CO900479519,Alba Vegetarian - Cartagena Calle 24a 329 - Turbo,Cartagena,1.77,2700.0,2700.0
25/5/2026,Bogotá,Cinnabon - Turbo,CO900416553,Cinnabon Villa Del Prado - Turbo,Villa del Prado,1.76,2700.0,3000.0
25/5/2026,Bogotá,Numa Cocina Mediterranea - Turbo,CO900463760,Cocina Mediterranea Usaquen - Turbo,Usaquén,1.75,2400.0,2400.0
25/5/2026,Bogotá,Foodology Court - Turbo,CO900465138,Foodology Cl 109 - Turbo Cl. 109 #15-28,Calle 109,1.74,3000.0,3000.0
25/5/2026,Bogotá,Burrito Cantina - Turbo,CO900470960,Burrito Cantina Kennedy - Turbo,Kennedy,1.74,3000.0,3000.0
25/5/2026,Bogotá,Señor Burrito. - Turbo,CO900471311,Señor Burrito Andes - Turbo,Andes,1.74,2400.0,2400.0
25/5/2026,Bucaramanga,Burritos & Co - Turbo,CO900426541,Burritos & Co Bucaramanga - Turbo,Cabecera (Bga),1.74,3000.0,3000.0
25/5/2026,Bogotá,Señor Burrito. - Turbo,CO900471310,Señor Burrito Kennedy - Turbo,Kennedy,1.73,3000.0,3000.0
25/5/2026,Bogotá,The Breakfast Club - Turbo,CO900475289,The Breakfast Club Usaquen - Turbo,Usaquén,1.68,3000.0,3000.0
25/5/2026,Medellín,Numa Cocina Mediterranea - Turbo,CO900463756,Cocina Mediterranea Manila - Turbo,Manila,,3000.0,3000.0
25/5/2026,Barranquilla,Burritos & Co - Turbo,CO900410570,Burritos & Co Barranquilla - Turbo,Barranquilla,1.67,2700.0,3000.0
25/5/2026,Cali,Burritos & Co - Turbo,CO900473554,Burritos & Co - Ingenio - Turbo,Ingenio,1.67,2400.0,2400.0
25/5/2026,Barranquilla,Foodology Court - Turbo,CO900465150,Foodology Barranquilla Nte - Turbo Cra. 45 #85-168,Barranquilla,1.65,2700.0,3000.0
25/5/2026,Bogotá,Vicio - Turbo,CO900400178,Vicio Castellana - Turbo,Parque 93 / Castellana,1.65,2700.0,3000.0
25/5/2026,Cartagena,House Of Salads - Turbo,CO900481978,House Of Salads Cartagena - Turbo,Cartagena,1.65,2700.0,2700.0
25/5/2026,Bogotá,Avocalia Turbo,CO900420304,Avocalia - Kennedy - Turbo,Kennedy,1.64,2700.0,3000.0
25/5/2026,Bogotá,Sanduches el Jefe - Turbo,CO900419505,Sandwich el Jefe Usaquen - Turbo Calle 120A #3A11 236,Usaquén,1.62,2700.0,3000.0
25/5/2026,Medellín,Dembow - Turbo,CO900473652,Dembow - Envigado - Turbo Carrera 42 #40c Sur-29,Envigado,,2400.0,2400.0
25/5/2026,Medellín,Dembow - Turbo,CO900473643,Dembow - Laureles - Turbo,Laureles,1.0,2700.0,3000.0
25/5/2026,Bogotá,Cacerola - Turbo,CO900473675,Cacerola - Andes - Turbo,Andes,1.57,2400.0,2400.0
25/5/2026,Bucaramanga,Bottaniko - Turbo,CO900443514,Bottaniko - Bucaramanga - Turbo,Cabecera (Bga),1.57,3000.0,3000.0
25/5/2026,Bogotá,Cacerola - Turbo,CO900416208,Cacerola - Villa del Prado  - Turbo,Villa del Prado,1.56,2700.0,2700.0
25/5/2026,Barranquilla,Almuerzos D´la Casa - Turbo,CO900471203,Almuerzos D´la Casa - Barranquilla Norte - Turbo,Barranquilla,1.55,3000.0,3000.0
25/5/2026,Medellín,Dembow - Turbo,CO900473644,Dembow - Manila - Turbo,Manila,3.81,3000.0,3000.0
25/5/2026,Cartagena,Acpm Corrientazo - Turbo,CO900479517,Acpm Corrientazo Cartagena - Turbo,Cartagena,1.52,2400.0,3000.0
25/5/2026,Medellín,Desayuno Mi Tierrita - Turbo,CO900473557,Desayuno Mi Tierrita Envigado - Turbo,Envigado,,2400.0,2400.0
25/5/2026,Bogotá,Monteverde - Turbo,CO900450779,Monteverde Chapinero - Turbo,Chapinero,1.51,2700.0,3000.0
25/5/2026,Bogotá,Frost By Oreo - Turbo,CO900475372,Frost By Oreo Cl 109 - Turbo,Calle 109,1.48,3000.0,3000.0
25/5/2026,Bogotá,Monteverde - Turbo,CO900449821,MonteVerde Calle 93 - Turbo,Parque 93 / Castellana,1.48,2400.0,2400.0
25/5/2026,Cartagena,Green House Fd - Turbo,CO900481820,Green House Cartagena - Turbo,Cartagena,1.46,2700.0,3000.0
25/5/2026,Bogotá,Burritos & Co - Turbo,CO900426540,Burritos & Co Andes - Turbo,Andes,1.45,2700.0,3000.0
25/5/2026,Bogotá,Avocalia Turbo,CO900473671,Avocalia Andes Mp - Turbo,Andes,1.43,2700.0,3000.0
25/5/2026,Bogotá,Avocalia Turbo,CO900401242,Avocalia - Castellana - Turbo,Parque 93 / Castellana,1.41,2400.0,2400.0
25/5/2026,Medellín,Desayuno Mi Tierrita - Turbo,CO900465157,Desayuno Mi Tierrita Laureles - Turbo,Laureles,2.64,2700.0,3000.0
25/5/2026,Bogotá,Alba Vegetarian - Turbo,CO900488270,Alba Vegetarian Arrecife - Turbo,Arrecife,2.89,3000.0,3000.0
25/5/2026,Medellín,Desayuno Mi Tierrita - Turbo,CO900465160,Desayuno Mi Tierrita Manila - Turbo,Manila,1.32,3000.0,3000.0
25/5/2026,Medellín,Desayunos de la Abuela - Turbo,CO900472678,Desayunos de la Abuela Envigado - Turbo,Envigado,,2400.0,2400.0
25/5/2026,Barranquilla,Selvatiko. - Turbo,CO900475115,Selvatiko. Barranquilla Norte - Turbo,Barranquilla,1.29,2400.0,2400.0
25/5/2026,Bogotá,Numa Cocina Mediterranea - Turbo,CO900463747,Numa Cocina Mediterranea Chapinero - Turbo,Chapinero,1.29,2400.0,2400.0
25/5/2026,Medellín,Desayunos de la Abuela - Turbo,CO900446317,Desayunos de la Abuela Laureles - Turbo,Laureles,3.46,2700.0,3000.0
25/5/2026,Bogotá,La Cuadra - Turbo,CO900426536,La Cuadra - Andes - Turbo,Andes,1.27,2700.0,3000.0
25/5/2026,Medellín,Desayunos de la Abuela - Turbo,CO900446309,Desayunos de la Abuela Manila - Turbo,Manila,2.19,3000.0,3000.0
25/5/2026,Barranquilla,Cinnabon - Turbo,CO900414571,Cinnabon Barranquilla Norte - Turbo,Barranquilla,1.25,2700.0,3000.0
25/5/2026,Medellín,Doritos Locos By Dorito - Turbo,CO900473564,Doritos Locos By Dorito Envigado - Turbo,Envigado,,2400.0,2400.0
25/5/2026,Cartagena,Honest Food Fdl - Turbo,CO900481826,Honest Food Cartagena - Turbo,Cartagena,1.24,2700.0,3000.0
25/5/2026,Medellín,Doritos Locos By Dorito - Turbo,CO900472101,Doritos Locos By Dorito Laureles - Turbo,Laureles,,2400.0,2400.0
25/5/2026,Bogotá,Alba Vegetarian - Turbo,CO900476064,Alba Vegetarian Villa Del Prado - Turbo,Villa del Prado,1.22,2700.0,3000.0
25/5/2026,Bogotá,Selvatiko. - Turbo,CO900475113,Selvatiko. Kennedy - Turbo,Kennedy,1.22,2700.0,2700.0
25/5/2026,Cali,Avocalia Turbo,CO900472745,Avocalia - Ingenio - Turbo,Ingenio,1.22,2400.0,2400.0
25/5/2026,Cartagena,La Cuadra - Turbo,CO900481970,La Cuadra - Cartagena - Turbo,Cartagena,1.21,2700.0,2700.0
25/5/2026,Bogotá,Green House Fd - Turbo,CO900438448,Green House Usaquen - Turbo,Usaquén,1.19,2700.0,3000.0
25/5/2026,Medellín,Doritos Locos By Dorito - Turbo,CO900472108,Doritos Locos By Dorito Manila - Turbo,Manila,,3000.0,3000.0
25/5/2026,Medellín,Foodology Court - Turbo,CO900473568,Foodology Envigado - Turbo,Envigado,,2400.0,2400.0
25/5/2026,Medellín,Foodology Court - Turbo,CO900465144,Foodology Laureles - Turbo Calle 32f #66b-254,Laureles,2.43,2700.0,3000.0
25/5/2026,Bogotá,Vicio - Turbo,CO900426529,Vicio Andes - Turbo,Andes,1.16,3000.0,3000.0
25/5/2026,Cartagena,Monteverde - Turbo,CO900482005,Monteverde Cartagena - Turbo,Cartagena,1.16,2700.0,3000.0
25/5/2026,Bogotá,Foodology Court - Turbo,CO900465151,Foodology Usaquen - Turbo Cl. 120a #3,Usaquén,1.15,3000.0,3000.0
25/5/2026,Medellín,Foodology Court - Turbo,CO900465147,Foodology Manila - Turbo Cra. 42 #10-65,Manila,0.83,3000.0,3000.0
25/5/2026,Bogotá,Cinnabon - Turbo,CO900402238,Cinnabon Usaquén - Turbo,Usaquén,1.13,3000.0,3000.0
25/5/2026,Cali,Pret Sandwich Bistro - Turbo,CO900416171,Pret Sandwich Bistro San Fernando - Turbo,San Fernando,1.13,3000.0,3000.0
25/5/2026,Cartagena,Pret Sandwich Bistro - Turbo,CO900481996,Pret Sandwich Bistro Cartagena - Turbo,Cartagena,1.13,2400.0,2400.0
25/5/2026,Medellín,Frost By Oreo - Turbo,CO900396768,Frost By Oreo Laureles - Turbo,Laureles,0.7,2700.0,3000.0
25/5/2026,Bogotá,Almuerzos D´la Casa - Turbo,CO900471212,Almuerzos D´la Casa - Colina - Turbo,Colina,0.98,2700.0,3000.0
25/5/2026,Medellín,Frost By Oreo - Turbo,CO900405218,Frost By Oreo Manila - Turbo,Manila,0.21,3000.0,3000.0
25/5/2026,Bogotá,Mañanero Diario - Turbo,CO900475200,Mañanero Andes - Turbo,Andes,0.95,3000.0,3000.0
25/5/2026,Medellín,Get Smashed Burgers - Turbo,CO900416436,Get Smash Laureles - Turbo,Laureles,,2400.0,2400.0
25/5/2026,Bogotá,Honest Food Fdl - Turbo,CO900472136,Honest Food Usaquen - Turbo,Usaquén,0.93,2700.0,3000.0
25/5/2026,Bogotá,Avocalia Turbo,CO900401243,Avocalia Usaquén - Turbo,Usaquén,0.93,3000.0,3000.0
25/5/2026,Bogotá,Numa Cocina Mediterranea - Turbo,CO900463762,Cocina Mediterranea Villa Del Prado - Turbo,Villa del Prado,0.92,2400.0,2400.0
25/5/2026,Bogotá,Frost By Oreo - Turbo,CO900400262,Frost By Oreo Castellana - Turbo,Parque 93 / Castellana,0.92,2700.0,2700.0
25/5/2026,Bogotá,Doritos Locos By Dorito - Turbo,CO900473563,Doritos Locos By Dorito Andes - Turbo,Andes,0.9,3000.0,3000.0
25/5/2026,Bogotá,Mañanero Diario - Turbo,CO900443496,Mañanero Diario Usaquén - Turbo,Usaquén,0.88,3000.0,3000.0
25/5/2026,Cali,Bottaniko - Turbo,CO900443505,Bottaniko Cali - San Fernando - Turbo,San Fernando,0.88,2400.0,2400.0
25/5/2026,Medellín,Get Smashed Burgers - Turbo,CO900416437,Get Smash Manila - Turbo,Manila,,3000.0,3000.0
25/5/2026,Medellín,Get Smashed Burgers - Turbo,CO900473575,Get Smashed Burgers Envigado - Turbo,Envigado,,2400.0,2400.0
25/5/2026,Bogotá,Frost By Oreo - Turbo,CO900405219,Frost By Oreo Villa Del Prado - Turbo,Villa del Prado,0.87,3000.0,3000.0
25/5/2026,Bucaramanga,Mañanero Diario - Turbo,CO900443504,Mañanero diario Bucaramanga - Turbo,Cabecera (Bga),0.86,2700.0,2700.0
25/5/2026,Bucaramanga,Desayuno Mi Tierrita - Turbo,CO900465167,Desayuno Mi Tierrita - Cabecera - Turbo,Cabecera (Bga),0.83,3000.0,3000.0
25/5/2026,Medellín,Green House Fd - Turbo,CO900481562,Green House Envigado - Turbo,Envigado,,2400.0,2400.0
25/5/2026,Bogotá,Burrito Cantina - Turbo,CO900467378,Burrito Cantina Colina - Turbo,Colina,0.8,2400.0,2400.0
25/5/2026,Cartagena,Selvatiko. - Turbo,CO900482001,Selvatiko. Cartagena - Turbo,Cartagena,0.8,2400.0,2400.0
25/5/2026,Bogotá,Helados San Jerónimo - Turbo,CO900420290,San Jeronomio - Colina - Turbo,Colina,0.79,3000.0,3000.0
25/5/2026,Cali,Vicio - Turbo,CO900473606,Vicio Ingenio - Turbo,Ingenio,0.78,2400.0,2400.0
25/5/2026,Bucaramanga,Helados San Jerónimo - Turbo,CO900426594,Heladería San Jerónimo Bucaramanga - Turbo,Cabecera (Bga),0.75,3000.0,3000.0
25/5/2026,Cali,Frost By Oreo - Turbo,CO900405217,Frost By Oreo San Fernando - Turbo,San Fernando,0.74,2700.0,3000.0
25/5/2026,Bogotá,Helados San Jerónimo - Turbo,CO900414572,Heladería San Jerónimo Villa Del Prado - Turbo,Villa del Prado,0.73,3000.0,3000.0
25/5/2026,Bogotá,Pret Sandwich Bistro - Turbo,CO900473669,Pret Sandwich Bistro Kennedy - Turbo,Kennedy,0.73,2700.0,3000.0
25/5/2026,Medellín,Green House Fd - Turbo,CO900438443,Green House Laureles - Turbo,Laureles,2.89,2700.0,3000.0
25/5/2026,Bogotá,Mañanero Diario - Turbo,CO900475199,Mañanero Kennedy - Turbo,Kennedy,0.69,2400.0,3000.0
25/5/2026,Cali,Helados San Jerónimo - Turbo,CO900405136,Heladería San Jerónimo San Fernando - Turbo,San Fernando,0.69,3000.0,3000.0
25/5/2026,Barranquilla,Helados San Jerónimo - Turbo,CO900410462,Heladería San Jerónimo Barranquilla Norte - Turbo,Barranquilla,0.68,3000.0,3000.0
25/5/2026,Bogotá,Frost By Oreo - Turbo,CO900409684,Frost By Oreo Chapinero - Turbo,Chapinero,0.68,2700.0,3000.0
25/5/2026,Bucaramanga,Frost By Oreo - Turbo,CO900426531,Frost by Oreo Bucaramanga - Turbo,Cabecera (Bga),0.68,3000.0,3000.0
25/5/2026,Bogotá,Vicio - Turbo,CO900420288,Vicio Kennedy - Turbo,Kennedy,0.67,3000.0,3000.0
25/5/2026,Cartagena,Vicio - Turbo,CO900482006,Vicio Cartagena - Turbo,Cartagena,0.67,3000.0,3000.0
25/5/2026,Cartagena,Almuerzos D´la Casa - Turbo,CO900479595,Almuerzos D´la Casa - Cartagena - Turbo,Cartagena,0.67,2400.0,2400.0
25/5/2026,Barranquilla,Vicio - Turbo,CO900410120,Vicio Barranquilla Norte - Turbo,Barranquilla,0.65,3000.0,3000.0
25/5/2026,Cartagena,Bottaniko - Turbo,CO900480013,Bottaniko - Cartagena - Turbo,Cartagena,0.65,2400.0,2400.0
25/5/2026,Barranquilla,Cacerola - Turbo,CO900416210,Cacerola Barranquilla - Turbo,Barranquilla,0.63,3000.0,3000.0
25/5/2026,Bogotá,House Of Salads - Turbo,CO900445678,House Of Salad Usaquen - Turbo,Usaquén,0.63,2700.0,3000.0
25/5/2026,Bogotá,Monteverde - Turbo,CO900450766,Monteverde Usaquen - Turbo,Usaquén,0.6,3000.0,3000.0
25/5/2026,Bogotá,House Of Salads - Turbo,CO900476071,House Of Salads Kennedy - Turbo,Kennedy,0.6,2400.0,2400.0
25/5/2026,Cali,Burrito Cantina - Turbo,CO900467382,Burrito Cantina Santa Mónica (Cali Norte) - Turbo,Santa Mónica,0.6,2700.0,3000.0
25/5/2026,Bogotá,Almuerzos D´la Casa - Turbo,CO900464931,Almuerzos D´la Casa - Usaquen - Turbo,Usaquén,0.59,2700.0,3000.0
25/5/2026,Bogotá,Vicio - Turbo,CO900420289,Vicio Colina - Turbo,Colina,0.59,3000.0,3000.0
25/5/2026,Bogotá,Helados San Jerónimo - Turbo,CO900426595,Heladería San Jerónimo Andes - Turbo,Andes,0.59,3000.0,3000.0
25/5/2026,Bogotá,Doritos Locos By Dorito - Turbo,CO900472107,Doritos Locos By Dorito Calle 93 - Turbo,Parque 93 / Castellana,0.58,2700.0,2700.0
25/5/2026,Bogotá,Helados San Jerónimo - Turbo,CO900409698,Heladería San Jerónimo Chapinero - Turbo,Chapinero,0.56,3000.0,3000.0
25/5/2026,Cartagena,Helados San Jerónimo - Turbo,CO900481999,Heladería San Jerónimo Cartagena - Turbo,Cartagena,0.56,3000.0,3000.0
25/5/2026,Bogotá,Foodology Court - Turbo,CO900465154,Foodology Villa Del Prado - Turbo Cra. 55 #172-27,Villa del Prado,0.55,2400.0,2400.0
25/5/2026,Cali,Ñamgucheria Sandwiches - Turbo,CO900473581,Ñamguchería Ingenio Calle 83c - Turbo,Ingenio,0.55,2400.0,2400.0
25/5/2026,Bogotá,Desayuno Mi Tierrita - Turbo,CO900465161,Desayuno Mi Tierrita - 93 - Turbo,Parque 93 / Castellana,0.53,3000.0,3000.0
25/5/2026,Barranquilla,Acpm Corrientazo - Turbo,CO900467508,Acpm Corrientazo Barranquilla Norte - Turbo,Barranquilla,0.51,3000.0,3000.0
25/5/2026,Bogotá,Mañanero Diario - Turbo,CO900443502,Mañanero diario Villa del Prado - Turbo,Villa del Prado,0.5,2700.0,2700.0
25/5/2026,Bogotá,Helados San Jerónimo - Turbo,CO900420291,Heladería San Jerónimo Kennedy - Turbo,Kennedy,0.5,3000.0,3000.0
25/5/2026,Bogotá,Burrito Cantina - Turbo,CO900470961,Burrito Cantina Andes - Turbo,Andes,0.5,2400.0,2400.0
25/5/2026,Bogotá,Vicio - Turbo,CO900409686,Vicio Chapinero - Turbo,Chapinero,0.5,2700.0,3000.0
25/5/2026,Cali,Honest Food Fdl - Turbo,CO900475461,Honest Food Ingenio - Turbo,Ingenio,0.47,2400.0,2400.0
25/5/2026,Cartagena,Desayuno Mi Tierrita - Turbo,CO900481379,Desayuno Mi Tierrita Cartagena - Turbo,Cartagena,0.47,2400.0,2400.0
25/5/2026,Barranquilla,Frost By Oreo - Turbo,CO900410135,Frost By Oreo Barranquilla Norte - Turbo,Barranquilla,0.45,3000.0,3000.0
25/5/2026,Bogotá,Acpm Corrientazo - Turbo,CO900467510,Acpm Corrientazo Villa Del Prado - Turbo,Villa del Prado,0.45,2400.0,2400.0
25/5/2026,Bogotá,Frost By Oreo - Turbo,CO900400261,Frost By Oreo Usaquén - Turbo,Usaquén,0.45,3000.0,3000.0
25/5/2026,Cali,Vicio - Turbo,CO900405131,Vicio San Fernando - Turbo,San Fernando,0.43,2700.0,3000.0
25/5/2026,Bogotá,Frost By Oreo - Turbo,CO900426530,Frost by Oreo Andes - Turbo,Andes,0.42,3000.0,3000.0
25/5/2026,Cali,Cinnabon - Turbo,CO900475098,Cinnabon Ingenio - Turbo,Ingenio,0.42,2400.0,2400.0
25/5/2026,Bogotá,Doritos Locos By Dorito - Turbo,CO900472102,Doritos Locos By Dorito Usaquen - Turbo,Usaquén,0.4,3000.0,3000.0
25/5/2026,Bogotá,Helados San Jerónimo - Turbo,CO900400750,Heladería San Jerónimo Castellana - Turbo Calle 93  247,Parque 93 / Castellana,0.36,3000.0,3000.0
25/5/2026,Bogotá,Acpm Corrientazo - Turbo,CO900467506,Acpm Corrientazo Usaquén - Turbo,Usaquén,0.35,3000.0,3000.0
25/5/2026,Cartagena,Burrito Cantina - Turbo,CO900481034,Burrito Cantina Cartagena - Turbo,Cartagena,0.35,2400.0,2400.0
25/5/2026,Cali,Foodology Court - Turbo,CO900473569,Foodology Ingenio - Turbo,Ingenio,0.32,2400.0,3000.0
25/5/2026,Bogotá,Burrito Cantina - Turbo,CO900467379,Burrito Cantina Villa del Prado - Turbo,Villa del Prado,0.31,2700.0,2700.0
25/5/2026,Bogotá,Vicio - Turbo,CO900400179,Vicio Usaquén - Turbo,Usaquén,0.31,3000.0,3000.0
25/5/2026,Medellín,Green House Fd - Turbo,CO900481563,Green House Manila - Turbo,Manila,,2400.0,2400.0
25/5/2026,Bogotá,la Cuadra Desayunos Caseros - Turbo,CO900467497,La Cuadra Desayunos Caseros 93 - Turbo,Parque 93 / Castellana,0.28,3000.0,3000.0
25/5/2026,Bogotá,Helados San Jerónimo - Turbo,CO900400749,San Jeronimo - Usaquén - Turbo,Usaquén,0.26,3000.0,3000.0
25/5/2026,Bogotá,Frost By Oreo - Turbo,CO900420277,Frost By Oreo Kennedy - Turbo,Kennedy,0.25,3000.0,3000.0
25/5/2026,Medellín,Helados San Jerónimo - Turbo,CO900405135,Heladería San Jerónimo Laureles - Turbo,Laureles,1.23,2700.0,3000.0
25/5/2026,Cartagena,la Cuadra Desayunos Caseros - Turbo,CO900481966,La Cuadra Desayunos Caseros Cartagena - Turbo,Cartagena,0.15,2400.0,3000.0
25/5/2026,Bogotá,Bottaniko - Turbo,CO900475791,Bottaniko - Andes - Turbo,Andes,0.13,2700.0,3000.0
25/5/2026,Cali,Pret Sandwich Bistro - Turbo,CO900416178,Pret Sándwich Bistro Santa Monica - Turbo,Santa Mónica,8.0,2700.0,2400.0
25/5/2026,Bogotá,Dembow - Turbo,CO900476018,Dembow Chico - Turbo,Chicó,8.0,2400.0,2400.0
25/5/2026,Cali,Brunch & Munch - Turbo,CO900407412,Brunch And Munch Santa Monica - Cali - Turbo,Santa Mónica,7.0,2400.0,2100.0
25/5/2026,Bucaramanga,Pret Sandwich Bistro - Turbo,CO900442050,Pret Sandwich Bistro Cabecera - Turbo,Cabecera (Bga),7.0,3000.0,3000.0
25/5/2026,Cali,Vicio - Turbo,CO900407402,Vicio Santa Mónica (Cali Norte) - Turbo,Santa Mónica,6.0,3000.0,2700.0
25/5/2026,Cali,Ñamgucheria Sandwiches - Turbo,CO900439224,Ñamguchería Santa Monica - Turbo,Santa Mónica,6.0,2400.0,2100.0
25/5/2026,Bogotá,Desayuno Mi Tierrita - Turbo,CO900465163,Desayuno Mi Tierrita Chapinero - Turbo,Chapinero,6.0,2400.0,2400.0
25/5/2026,Cali,Sanduches el Jefe - Turbo,CO900419504,Sandwich el Jefe Santa Monica - Turbo Poke Cali 2639,Santa Mónica,5.0,2400.0,2100.0
25/5/2026,Cali,The Breakfast Club - Turbo,CO900475210,The Breakfast Club Santa Monica - Turbo,Santa Mónica,5.0,2400.0,2100.0
25/5/2026,Bogotá,Desayuno Mi Tierrita - Turbo,CO900465162,Desayunos Mi Tierrita - Villa del prado - Turbo,Villa del Prado,5.0,2400.0,2400.0
25/5/2026,Bogotá,Pret Sandwich Bistro - Turbo,CO900416177,Pret Sandwich Bistro Villa del Prado - Turbo,Villa del Prado,5.0,2700.0,2400.0
25/5/2026,Barranquilla,Ñamgucheria Sandwiches - Turbo,CO900439221,Ñamguchería Barranquilla Norte - Turbo,Barranquilla,5.0,2400.0,2400.0
25/5/2026,Bogotá,Green House Fd - Turbo,CO900438442,Green House Colina - Turbo,Colina,4.0,2400.0,2400.0
25/5/2026,Bucaramanga,Sanduches el Jefe - Turbo,CO900427117,Sandwich El Jefe Bucaramanga - Turbo,Cabecera (Bga),4.0,2700.0,3000.0
25/5/2026,Bogotá,Green House Fd - Turbo,CO900463819,Green House Cl 109 - Turbo,Calle 109,4.0,2400.0,2400.0
25/5/2026,Bucaramanga,Mr Beast Burger - Turbo,CO900428937,Mr Beast Bucaramanga - Turbo,Cabecera (Bga),4.0,2700.0,2400.0
25/5/2026,Bogotá,la Cuadra Desayunos Caseros - Turbo,CO900488956,la Cuadra Desayunos Arrecife - Turbo,Arrecife,2.28,3000.0,3000.0
25/5/2026,Bogotá,Mr Beast Burger - Turbo,CO900428938,Mr Beast Andes - Turbo,Andes,4.0,2700.0,3000.0
25/5/2026,Bogotá,Bottaniko - Turbo,CO900464153,Bottaniko Cl 109 - Turbo,Calle 109,3.0,2700.0,3000.0
25/5/2026,Bogotá,La Cuadra - Turbo,CO900464605,La Cuadra Cl 109 - Turbo,Calle 109,3.0,2400.0,2400.0
25/5/2026,Barranquilla,Desayunos de la Abuela - Turbo,CO900446308,Desayunos de la Abuela Barranquilla - Turbo CHURNEADO,Barranquilla,3.0,2400.0,2400.0
25/5/2026,Bogotá,The Breakfast Club - Turbo,CO900475284,The Breakfast Club Chapinero - Turbo,Chapinero,3.0,2400.0,2400.0
25/5/2026,Bogotá,Desayuno Mi Tierrita - Turbo,CO900470918,Desayuno Mi Tierrita Andes - Turbo,Andes,3.0,2400.0,2400.0
25/5/2026,Bucaramanga,Desayunos de la Abuela - Turbo,CO900446313,Desayunos de la Abuela Cabecera - Turbo,Cabecera (Bga),3.0,2700.0,3000.0
25/5/2026,Bogotá,Almuerzos D´la Casa - Turbo,CO900477128,Almuerzos D´la Casa Cl 109 - Turbo,Calle 109,3.0,2400.0,3000.0
25/5/2026,Bogotá,Señor Burrito. - Turbo,CO900467422,Señor Burrito Colina - Turbo,Colina,3.0,3000.0,2400.0
25/5/2026,Bogotá,Selvatiko. - Turbo,CO900475359,Selvatiko Cl 109 - Turbo,Calle 109,3.0,2700.0,3000.0
25/5/2026,Cali,Selvatiko. - Turbo,CO900475120,Selvatiko. San Fernando - Turbo,San Fernando,3.0,2400.0,2400.0
25/5/2026,Medellín,Helados San Jerónimo - Turbo,CO900405137,Heladería San Jerónimo Manila - Turbo,Manila,0.31,3000.0,3000.0
25/5/2026,Bogotá,Frost By Oreo - Turbo,CO900419498,Frost By Oreo Chico - Turbo,Chicó,2.0,3000.0,3000.0
25/5/2026,Bogotá,House Of Salads - Turbo,CO900445607,House Of Salad Calle 93 - Turbo,Parque 93 / Castellana,2.0,2400.0,2400.0
25/5/2026,Bucaramanga,Avocalia Turbo,CO900427112,Avocalia Bucaramanga - Turbo,Cabecera (Bga),2.0,3000.0,3000.0
25/5/2026,Bogotá,Alba Vegetarian - Turbo,CO900475221,Alba Vegetarian - Andes - Turbo,Andes,2.0,2700.0,2700.0
25/5/2026,Bogotá,Desayunos de la Abuela - Turbo,CO900446311,Desayunos de la Abuela Chapinero - Turbo,Chapinero,2.0,2700.0,3000.0
25/5/2026,Medellín,Honest Food Fdl - Turbo,CO900475460,Honest Food Envigado - Turbo,Envigado,,2400.0,2400.0
25/5/2026,Bucaramanga,Green House Fd - Turbo,CO900438445,Green House Bucaramanga - Turbo,Cabecera (Bga),2.0,2700.0,3000.0
25/5/2026,Bucaramanga,Cinnabon - Turbo,CO900426807,Cinnabon Bucaramanga - Turbo,Cabecera (Bga),2.0,3000.0,3000.0
25/5/2026,Bogotá,Acpm Corrientazo - Turbo,CO900470917,Acpm Corrientazo Kennedy - Turbo,Kennedy,2.0,3000.0,3000.0
25/5/2026,Medellín,Honest Food Fdl - Turbo,CO900472132,Honest Food Laureles - Turbo,Laureles,3.93,2700.0,3000.0
25/5/2026,Bogotá,Cacerola - Turbo,CO900464389,Cacerola Cl 109 - Turbo,Calle 109,2.0,3000.0,3000.0
25/5/2026,Bogotá,Bottaniko - Turbo,CO900443511,Bottaniko - Villa del Prado - Turbo,Villa del Prado,2.0,2700.0,2700.0
25/5/2026,Bogotá,Selvatiko. - Turbo,CO900475121,Selvatiko. Andes - Turbo,Andes,2.0,2700.0,3000.0
25/5/2026,Bogotá,Foodology Court - Turbo,CO900488781,Foodology Arrecife - Turbo,Arrecife,13.13,3000.0,2700.0
25/5/2026,Bogotá,Foodology Court - Turbo,CO900465146,Foodology Chapinero - Turbo Cra. 8 #66-88,Chapinero,2.0,3000.0,3000.0
25/5/2026,Bogotá,Almuerzos D´la Casa - Turbo,CO900471209,Almuerzos D´la Casa - 93 - Turbo,Parque 93 / Castellana,2.0,2700.0,2700.0
25/5/2026,Bogotá,Bottaniko - Turbo,CO900443507,Bottaniko Chapinero - Turbo,Chapinero,2.0,2400.0,2400.0
25/5/2026,Bogotá,Pret Sandwich Bistro - Turbo,CO900488980,Pret Sandwich Bistro Arrecife - Turbo,Arrecife,11.99,3000.0,2700.0
25/5/2026,Barranquilla,Bottaniko - Turbo,CO900443515,Bottaniko Barranquilla - Turbo,Barranquilla,2.0,3000.0,3000.0
25/5/2026,Bogotá,House Of Salads - Turbo,CO900476070,House Of Salads Andes - Turbo,Andes,2.0,2400.0,3000.0
25/5/2026,Bogotá,Avocalia Turbo,CO900409671,Avocalia Chapinero - Turbo,Chapinero,2.0,2700.0,3000.0
25/5/2026,Bogotá,Alba Vegetarian - Turbo,CO900443012,Alba Vegetarian - Usaquen - Turbo,Usaquén,1.0,2700.0,3000.0
25/5/2026,Bogotá,Pret Sandwich Bistro - Turbo,CO900416175,Pret Sándwich Bistro Usaquen - Turbo,Usaquén,1.0,3000.0,3000.0
25/5/2026,Cartagena,Burritos & Co - Turbo,CO900481037,Burritos & Co - Cartagena - Turbo,Cartagena,1.0,2700.0,3000.0
25/5/2026,Bucaramanga,Acpm Corrientazo - Turbo,CO900467507,Acpm Corrientazo Bucaramanga - Turbo,Cabecera (Bga),1.0,3000.0,3000.0
25/5/2026,Bogotá,Alba Vegetarian - Turbo,CO900443017,Alba Vegetarian - Calle 93 - Turbo,Parque 93 / Castellana,1.0,2700.0,3000.0
25/5/2026,Cali,Bottaniko - Turbo,CO900443509,Bottaniko Santa Monica - Cali - Turbo,Santa Mónica,1.0,3000.0,3000.0
25/5/2026,Medellín,Honest Food Fdl - Turbo,CO900472143,Honest Food Manila - Turbo,Manila,1.54,3000.0,3000.0
25/5/2026,Bogotá,Monteverde - Turbo,CO900476065,Monteverde Kennedy - Turbo,Kennedy,1.0,2700.0,3000.0
25/5/2026,Bogotá,Doritos Locos By Dorito - Turbo,CO900473565,Doritos Locos By Dorito Kennedy - Turbo,Kennedy,1.0,2400.0,2400.0
25/5/2026,Medellín,House Of Salads - Turbo,CO900445679,House Of Salad Laureles - Turbo,Laureles,1.97,2700.0,3000.0
25/5/2026,Barranquilla,Señor Burrito. - Turbo,CO900467425,Señor Burrito Barranquilla Norte - Turbo,Barranquilla,1.0,3000.0,3000.0
25/5/2026,Cartagena,Avocalia Turbo,CO900480008,Avocalia - Cartagena - Turbo,Cartagena,1.0,2700.0,3000.0
25/5/2026,Bogotá,Burritos & Co - Turbo,CO900410574,Burritos And Co - Calle 174 - Turbo,Otra,1.0,2400.0,2400.0
25/5/2026,Bogotá,Ñamgucheria Sandwiches - Turbo,CO900439226,Ñamguchería Usaquen - Turbo,Usaquén,1.0,3000.0,3000.0
25/5/2026,Medellín,House Of Salads - Turbo,CO900445683,House Of Salad Manila - Turbo,Manila,1.29,3000.0,3000.0
25/5/2026,Barranquilla,Numa Cocina Mediterranea - Turbo,CO900463755,Cocina Mediterranea Barranquilla - Turbo,Barranquilla,1.0,2400.0,2400.0
25/5/2026,Bogotá,Vicio - Turbo,CO900405129,Vicio Villa Del Prado - Turbo,Villa del Prado,1.0,3000.0,3000.0
25/5/2026,Bogotá,La Cuadra - Turbo,CO900416194,La Cuadra - Usaquén - Turbo,Usaquén,1.0,2700.0,3000.0
25/5/2026,Bogotá,Burritos & Co - Turbo,CO900410575,Burritos & Co Usaquen - Turbo,Usaquén,1.0,3000.0,3000.0
25/5/2026,Bogotá,Doritos Locos By Dorito - Turbo,CO900472112,Doritos Locos By Dorito Chapinero - Turbo,Chapinero,1.0,2700.0,2700.0
25/5/2026,Bogotá,Señor Burrito. - Turbo,CO900467416,Señor Burrito Usaquen - Turbo,Usaquén,1.0,3000.0,3000.0
25/5/2026,Bucaramanga,Alba Vegetarian - Turbo,CO900443010,Alba Vegetarian - Cabecera - Turbo,Cabecera (Bga),1.0,3000.0,3000.0
25/5/2026,Medellín,House Of Salads - Turbo,CO900476072,House Of Salads Envigado - Turbo,Envigado,,2400.0,2400.0
25/5/2026,Bogotá,Burrito Cantina - Turbo,CO900465172,Burrito Cantina Cl 109 - Turbo,Calle 109,1.0,2400.0,2400.0
25/5/2026,Bogotá,Acpm Corrientazo - Turbo,CO900464911,Acpm Corrientazo Chapinero - Turbo,Chapinero,1.0,2400.0,2400.0
25/5/2026,Medellín,Ihop - Turbo,CO900420699,Ihop Laureles - Turbo,Laureles,,2400.0,2400.0
25/5/2026,Bogotá,Frost By Oreo - Turbo,CO900420276,Frost by Oreo Colina - Turbo,Colina,1.0,3000.0,3000.0
25/5/2026,Bogotá,Pret Sandwich Bistro - Turbo,CO900473670,Pret Sandwich Bistro Andes - Turbo,Andes,1.0,3000.0,3000.0
25/5/2026,Cali,Mañanero Diario - Turbo,CO900443493,Mañanero diario San Fernando - Turbo,San Fernando,0.0,2400.0,3000.0
25/5/2026,Barrancabermeja,Frost By Oreo - Turbo,CO900428417,Frost by Oreo Bucaramanga - Turbo. CHURNEADO,Cabecera (Bga),,1000,1000
25/5/2026,Barranquilla,Doritos Locos By Dorito - Turbo,CO900472105,Doritos Locos By Dorito Barranquilla - Turbo,Barranquilla,,2400.0,2400.0
25/5/2026,Barranquilla,la Cuadra Desayunos Caseros - Turbo,CO900467494,La Cuadra Desayunos Caseros Barranquilla Norte - Turbo,Barranquilla,,2400.0,2400.0
25/5/2026,Barranquilla,Get Smashed Burgers - Turbo,CO900416438,Get Smash Barranquilla Nte - Turbo,Barranquilla,,2400.0,2400.0
25/5/2026,Barranquilla,The Crunch Pizza - Turbo,CO900416204,The Crunch Barranquilla Turbo,Barranquilla,,2400.0,2400.0
25/5/2026,Barranquilla,Ihop - Turbo,CO900420705,Ihop Barranquilla Norte - Turbo,Barranquilla,,2400.0,2400.0
25/5/2026,Barranquilla,Local Cocina Consciente - Turbo,CO900477106,Local - Cocina Consciente Barranquilla - Turbo,Barranquilla,,2400.0,2400.0
25/5/2026,Barranquilla,la Panquequeria - Turbo,CO900482236,La Panquequería Barranquilla Norte - Turbo,Barranquilla,,2400.0,2400.0
25/5/2026,Bogotá,Local Cocina Consciente - Turbo,CO900477101,Local Cocina Consciente Cl 109 - Turbo,Calle 109,,2400.0,2400.0
25/5/2026,Bogotá,Doritos Locos By Dorito - Turbo,CO900472111,Doritos Locos By Dorito Cl 109 - Turbo,Calle 109,,2400.0,2400.0
25/5/2026,Bogotá,Acpm Corrientazo - Turbo,CO900464913,Acpm Corrientazo Cl 109 - Turbo,Calle 109,,2400.0,2400.0
25/5/2026,Bogotá,Que Chicken By Robegrill - Turbo,CO900463820,Que Chicken Cl 109 - Turbo,Calle 109,,2400.0,2400.0
25/5/2026,Bogotá,Burrito Cantina - Turbo,CO900467515,Burrito Cantina Cl 109 - Turbo Cl. 109 #15-28,Calle 109,,2400.0,2400.0
25/5/2026,Bogotá,Ihop - Turbo,CO900463765,Ihop® - Cl 109 - Turbo,Calle 109,,2400.0,2400.0
25/5/2026,Bogotá,Helados San Jerónimo - Turbo,CO900464391,Helados San Jerónimo Cl 109 - Turbo,Calle 109,,2400.0,2400.0
25/5/2026,Bogotá,Numa Cocina Mediterranea - Turbo,CO900463768,Numa Cocina Consciente Cl 109 - Turbo,Calle 109,,2400.0,2400.0
25/5/2026,Bogotá,la Cuadra Desayunos Caseros - Turbo,CO900464914,la Cuadra - Cl 109 - Turbo,Calle 109,,2400.0,2400.0
25/5/2026,Bogotá,The Crunch Pizza - Turbo,CO900416180,The Crunch Castellana - Turbo,Parque 93 / Castellana,,2400.0,2400.0
25/5/2026,Bogotá,Get Smashed Burgers - Turbo,CO900416431,Get Smash Castellana - Turbo,Parque 93 / Castellana,,2400.0,2400.0
25/5/2026,Bogotá,Doritos Locos By Dorito - Turbo,CO900472110,Doritos Locos By Dorito Villa Del Prado - Turbo,Villa del Prado,,2400.0,2400.0
25/5/2026,Bogotá,The Crunch Pizza - Turbo,CO900416179,The Crunch - Villa del Prado - Turbo,Villa del Prado,,2400.0,2400.0
25/5/2026,Bogotá,Ihop - Turbo,CO900420703,Ihop Villa del prado - Turbo,Villa del Prado,,2400.0,2400.0
25/5/2026,Bogotá,Almuerzos D´la Casa - Turbo,CO900471206,Almuerzos D` la Casa - Villa del Prado - Turbo,Villa del Prado,,2400.0,2400.0
25/5/2026,Bogotá,Get Smashed Burgers - Turbo,CO900416433,Get Smash Villa del Prado - Turbo,Villa del Prado,,2400.0,2400.0
25/5/2026,Bogotá,The Crunch Pizza - Turbo,CO900416182,The Crunch Chapinero - Turbo,Chapinero,,2400.0,2400.0
25/5/2026,Bogotá,Desayunos de la Abuela - Turbo,CO900446319,Desayunos de la Abuela Usaquen - Turbo,Usaquén,,2400.0,2400.0
25/5/2026,Bogotá,Ihop - Turbo,CO900420702,Ihop Usaquén - Turbo,Usaquén,,2400.0,2400.0
25/5/2026,Bogotá,Local Cocina Consciente - Turbo,CO900477110,Local - Cocina Consciente Usaquen - Turbo,Usaquén,,3000.0,3000.0
25/5/2026,Bogotá,Get Smashed Burgers - Turbo,CO900416432,Get Smash Usaquen - Turbo,Usaquén,,2400.0,2400.0
25/5/2026,Bogotá,Selvatiko. - Turbo,CO900475122,Selvatiko. Usaquén - Turbo,Usaquén,,2400.0,2400.0
25/5/2026,Bogotá,Bottaniko - Turbo,CO900443510,Bottaniko Usaquen - Turbo,Usaquén,,2400.0,2400.0
25/5/2026,Bogotá,Doritos Locos By Dorito - Turbo,CO900488774,Doritosclocos By Doritos Arrecife - Turbo,Arrecife,1.95,3000.0,3000.0
25/5/2026,Bogotá,Frost By Oreo - Turbo,CO900488841,Frost By Oreo Arrecife - Turbo,Arrecife,1.94,3000.0,3000.0
25/5/2026,Bogotá,Vicio - Turbo,CO900489022,Vicio Arrecife - Turbo,Arrecife,1.88,3000.0,3000.0
25/5/2026,Bogotá,Acpm Corrientazo - Turbo,CO900488269,Acpm Corrientazo Arrecife - Turbo,Arrecife,1.66,3000.0,3000.0
25/5/2026,Bogotá,Get Smashed Burgers - Turbo,CO900416434,Get Smash Chapinero - Turbo,Chapinero,,2400.0,2400.0
25/5/2026,Bogotá,Helados San Jerónimo - Turbo,CO900415622,San Jerónimo Chicó - Turbo,Chicó,,2400.0,2400.0
25/5/2026,Bogotá,Monteverde - Turbo,CO900450762,Monteverde Chico - Turbo,Chicó,,2400.0,2400.0
25/5/2026,Bogotá,Numa Cocina Mediterranea - Turbo,CO900463757,Cocina Mediterranea Chico - Turbo,Chicó,,2400.0,2400.0
25/5/2026,Bogotá,Acpm Corrientazo - Turbo,CO900476074,Acpm Corrientazo Chico - Turbo,Chicó,,2400.0,2400.0
25/5/2026,Bogotá,Doritos Locos By Dorito - Turbo,CO900472113,Doritos Locos By Dorito Chico - Turbo,Chicó,,2400.0,2400.0
25/5/2026,Bogotá,Foodology Court - Turbo,CO900476023,Foodology Chico - Turbo,Chicó,,3000.0,3000.0
25/5/2026,Bogotá,Vicio - Turbo,CO900415608,Vicio Chicó - Turbo,Chicó,,2400.0,2400.0
25/5/2026,Bogotá,Local Cocina Consciente - Turbo,CO900477105,Local - Cocina Consciente Chico - Turbo,Chicó,,2400.0,2400.0
25/5/2026,Bogotá,Green House Fd - Turbo,CO900438441,Green House Chico - Turbo,Chicó,,2400.0,2400.0
25/5/2026,Bogotá,Honest Food Fdl - Turbo,CO900472140,Honest Food Chico - Turbo,Chicó,,2400.0,2400.0
25/5/2026,Bogotá,Burrito Cantina - Turbo,CO900475794,Burrito Cantina Chico - Turbo,Chicó,,2400.0,2400.0
25/5/2026,Bogotá,la Cuadra Desayunos Caseros - Turbo,CO900467498,La Cuadra Desayunos Caseros Colina - Turbo,Colina,,2400.0,2400.0
25/5/2026,Bogotá,Local Cocina Consciente - Turbo,CO900477102,Local - Cocina Consciente Colina - Turbo,Colina,,2400.0,2400.0
25/5/2026,Bogotá,Doritos Locos By Dorito - Turbo,CO900472104,Doritos Locos By Dorito Colina - Turbo,Colina,,2400.0,2400.0
25/5/2026,Bogotá,Cinnabon - Turbo,CO900476079,Cinnabon Kennedy - Turbo,Kennedy,,2400.0,2400.0
25/5/2026,Bogotá,Local Cocina Consciente - Turbo,CO900477103,Local - Cocina Consciente Kennedy - Turbo,Kennedy,,2400.0,2400.0
25/5/2026,Bogotá,Desayuno Mi Tierrita - Turbo,CO900470919,Desayunos Mi Tierrita - Kennedy - Turbo,Kennedy,,2400.0,2400.0
25/5/2026,Bogotá,Ihop - Turbo,CO900426538,IHOP® Andes - Turbo,Andes,,2400.0,2400.0
25/5/2026,Bogotá,Cinnabon - Turbo,CO900475096,Cinnabon Andes - Turbo,Andes,,2400.0,2400.0
25/5/2026,Bogotá,Foodology Court - Turbo,CO900471303,Foodology Andes - Turbo,Andes,,2400.0,2400.0
25/5/2026,Bogotá,Cinnabon - Turbo,CO900402239,Cinnabon Castellana   - Turbo,Parque 93 / Castellana,,2700.0,2700.0
25/5/2026,Bogotá,Mañanero Diario - Turbo,CO900443501,Mañanero diario Castellana - Turbo,Parque 93 / Castellana,,2400.0,2400.0
25/5/2026,Bogotá,Cinnabon - Turbo,CO900476017,Cinnabon Calle 93 - Turbo,Parque 93 / Castellana,,2400.0,2400.0
25/5/2026,Bogotá,Ihop - Turbo,CO900420704,Ihop Chapinero- Turbo,Chapinero,,2400.0,2400.0
25/5/2026,Bogotá,Local Cocina Consciente - Turbo,CO900477104,Local - Cocina Consciente Chapinero - Turbo,Chapinero,,2400.0,2400.0
25/5/2026,Bogotá,la Cuadra Desayunos Caseros - Turbo,CO900464912,La Cuadra Desayunos Caseros Chapinero - Turbo,Chapinero,,2400.0,2400.0
25/5/2026,Bogotá,Green House Fd - Turbo,CO900481564,Green House Engativa - Turbo,Engativá,,2400.0,2400.0
25/5/2026,Bogotá,Mr Beast Burger - Turbo,CO900478983,Mr Beast Plaza Claro - Turbo,Plaza Claro,,2400.0,2400.0
25/5/2026,Bogotá,Burger Lane - Turbo,CO900442999,Burger Lane Usaquen - Turbo,Usaquén,,2400.0,2400.0
25/5/2026,Bogotá,Señor Burrito. - Turbo,CO900477635,Señor Burrito Chico - Turbo,Chicó,,2400.0,2400.0
25/5/2026,Bogotá,Get Smashed Burgers - Turbo,CO900476585,Get Smashed Burgers Chico - Turbo,Chicó,,2400.0,2400.0
25/5/2026,Bogotá,Burritos & Co - Turbo,CO900473555,Burritos & Co - Engativa - Turbo,Engativá,,2400.0,2400.0
25/5/2026,Bogotá,La Cuadra - Turbo,CO900473138,la Cuadra - Engativa - Turbo,Engativá,,2400.0,2400.0
25/5/2026,Bogotá,Foodology Court - Turbo,CO900465143,Foodology Engativa - Turbo Cra. 98b #71b-39,Engativá,,2400.0,2400.0
25/5/2026,Bogotá,Desayunos de la Abuela - Turbo,CO900446314,Desayunos de la Abuela Engativa - Turbo,Engativá,,2400.0,2400.0
25/5/2026,Bogotá,Panquequeria - Turbo,CO900471323,Panquequeria Chico - Turbo,Chicó,,2400.0,2400.0
25/5/2026,Bogotá,la Cuadra Desayunos Caseros - Turbo,CO900467496,La Cuadra Desayunos Caseros Engativa - Turbo,Engativá,,2400.0,2400.0
25/5/2026,Bogotá,la Panquequeria - Turbo,CO900482232,La Panquequería Colina - Turbo,Colina,,2400.0,2400.0
25/5/2026,Bogotá,Burger Lane - Turbo,CO900442989,Burger Lane Andes - Turbo,Andes,,2400.0,2400.0
25/5/2026,Bogotá,Acpm Corrientazo - Turbo,CO900477809,Acpm Corrientazo Plaza Claro - Turbo,Plaza Claro,,2400.0,2400.0
25/5/2026,Bogotá,Mañanero Diario - Turbo,CO900478978,Mañanero Diario Plaza Claro - Turbo,Plaza Claro,,2400.0,2400.0
25/5/2026,Bogotá,Burger Lane - Turbo,CO900442992,Burger Lane Colina - Turbo,Colina,,2400.0,2400.0
25/5/2026,Bogotá,la Panquequeria - Turbo,CO900482237,La Panquequería Chicó - Turbo,Chicó,,2400.0,2400.0
25/5/2026,Bogotá,Cinnabon - Turbo,CO900428404,Cinnabon Prueba Chapinero - Turbo,Chapinero,,2400.0,2400.0
25/5/2026,Bogotá,Mañanero Diario - Turbo,CO900443499,Mañanero diario Engativá - Turbo,Engativá,,2400.0,2400.0
25/5/2026,Bogotá,Brunch & Munch - Turbo,CO900477832,Brunch & Munch Plaza Claro - Turbo,Plaza Claro,,2400.0,2400.0
25/5/2026,Bogotá,la Panquequeria - Turbo,CO900482241,La Panquequería Calle 93 - Turbo,Parque 93 / Castellana,,2400.0,2400.0
25/5/2026,Bogotá,Honest Food Fdl - Turbo,CO900478461,Honest Food Plaza Claro - Turbo,Plaza Claro,,2400.0,2400.0
25/5/2026,Bogotá,Cacerola - Turbo,CO900478088,Cacerola Plaza Claro - Turbo,Plaza Claro,,2400.0,2400.0
25/5/2026,Bogotá,Vicio - Turbo,CO900467514,Vicio Cl 109 - Turbo,Calle 109,,2400.0,2400.0
25/5/2026,Bogotá,Panquequeria - Turbo,CO900463851,Panquequeria Cl 109 - Turbo,Calle 109,,2400.0,2400.0
25/5/2026,Bogotá,la Panquequeria - Turbo,CO900482244,La Panquequería Usaquen - Turbo,Usaquén,,2400.0,2400.0
25/5/2026,Bogotá,Burger Lane - Turbo,CO900442997,Burger Lane Calle 93 - Turbo,Parque 93 / Castellana,,2400.0,2400.0
25/5/2026,Bogotá,Get Smashed Burgers - Turbo,CO900476584,Get Smashed Burgers Cl 109 - Turbo,Calle 109,,2400.0,2400.0
25/5/2026,Bogotá,Burritos & Co - Turbo,CO900464310,Burritos & Co Plaza Claro - Turbo,Plaza Claro,,2400.0,2400.0
25/5/2026,Bogotá,Almuerzos D´la Casa - Turbo,CO900471205,Almuerzos D´la Casa - Engativa - Turbo,Engativá,,2400.0,2400.0
25/5/2026,Bogotá,Alba Vegetarian - Turbo,CO900477811,Alba Vegetarian Plaza Claro - Turbo,Plaza Claro,,2400.0,2400.0
25/5/2026,Bogotá,Vicio - Turbo,CO900479208,Vicio Plaza Claro - Turbo,Plaza Claro,,2400.0,2400.0
25/5/2026,Bogotá,Get Smashed Burgers - Turbo,CO900442552,Get Smashed Burgers Colina - Turbo,Colina,,2400.0,2400.0
25/5/2026,Bogotá,Desayuno Mi Tierrita - Turbo,CO900465159,Desayuno Mi Tierrita Engativa - Turbo,Engativá,,2400.0,2400.0
25/5/2026,Bogotá,Get Smashed Burgers - Turbo,CO900473573,Get Smashed Burgers Kennedy - Turbo,Kennedy,,2400.0,2400.0
25/5/2026,Bogotá,Green House Fd - Turbo,CO900481560,Green House Andes - Turbo,Andes,,2400.0,2400.0
25/5/2026,Bogotá,Honest Food Fdl - Turbo,CO900472135,Honest Food Engativa - Turbo,Engativá,,2400.0,2400.0
25/5/2026,Bogotá,Que Chicken By Robegrill - Turbo,CO900424251,Qué Chicken Usaquen - Turbo,Usaquén,,2400.0,2400.0
25/5/2026,Bogotá,Burger Lane - Turbo,CO900442991,Burger Lane Villa del Prado - Turbo,Villa del Prado,,2400.0,2400.0
25/5/2026,Bogotá,Get Smashed Burgers - Turbo,CO900473574,Get Smashed Burgers Andes - Turbo,Andes,,2400.0,2400.0
25/5/2026,Bogotá,The Breakfast Club - Turbo,CO900477830,The Breakfast Club Plaza Claro - Turbo,Plaza Claro,,2400.0,2400.0
25/5/2026,Bogotá,La Cuadra - Turbo,CO900464606,la Cuadra Plaza Claro - Turbo,Plaza Claro,,2400.0,2400.0
25/5/2026,Bogotá,Avocalia Turbo,CO900472744,Avocalia Calle Engativa - Turbo,Engativá,,2400.0,2400.0
25/5/2026,Bogotá,Numa Cocina Mediterranea - Turbo,CO900463763,Cocina Mediterranea Engativa - Turbo,Engativá,,2400.0,2400.0
25/5/2026,Bogotá,Almuerzos D´la Casa - Turbo,CO900477781,Almuerzos D´la Casa Chico - Turbo,Chicó,,2400.0,2400.0
25/5/2026,Bogotá,Frost By Oreo - Turbo,CO900475352,Frost By Oreo Engativá - Turbo,Engativá,,2400.0,2400.0
25/5/2026,Bogotá,la Cuadra Desayunos Caseros - Turbo,CO900478974,la Cuadra Desayunos Plaza Claro - Turbo,Plaza Claro,,2400.0,2400.0
25/5/2026,Bogotá,Vicio - Turbo,CO900473607,Vicio Engativá - Turbo,Engativá,,2400.0,2400.0
25/5/2026,Bogotá,Burrito Cantina - Turbo,CO900467516,Burrito Cantina Plaza Claro - Turbo,Plaza Claro,,2400.0,2400.0
25/5/2026,Bogotá,Burger Lane - Turbo,CO900443001,Burger Lane - Salitre - Turbo,Otra,,2400.0,2400.0
25/5/2026,Bogotá,la Panquequeria - Turbo,CO900482243,La Panquequería Kennedy - Turbo,Kennedy,,2400.0,2400.0
25/5/2026,Bogotá,Mr Beast Burger - Turbo,CO900476816,Mr Beast Engativá - Turbo,Engativá,,2400.0,2400.0
25/5/2026,Bogotá,Ihop - Turbo,CO900431789,IHOP® Chicó - Turbo,Chicó,,2400.0,2400.0
25/5/2026,Bogotá,Numa Cocina Mediterranea - Turbo,CO900478984,Numa Cocina Mediterranea Plaza Claro - Turbo,Plaza Claro,,2400.0,2400.0
25/5/2026,Bogotá,Bottaniko - Turbo,CO900443513,Bottaniko Engativa - Turbo,Engativá,,2400.0,2400.0
25/5/2026,Bogotá,Monteverde - Turbo,CO900450777,Monteverde Engativa - Turbo,Engativá,,2400.0,2400.0
25/5/2026,Bogotá,Alba Vegetarian - Turbo,CO900443007,Alba Vegetarian - Engativa - Turbo,Engativá,,2400.0,2400.0
25/5/2026,Bogotá,Señor Burrito. - Turbo,CO900464395,Señor Burrito Plaza Claro - Turbo,Plaza Claro,,2400.0,2400.0
25/5/2026,Bogotá,Cinnabon Foodology,CO900375567,Cinnabon Usaquén,Usaquén,,3000.0,3000.0
25/5/2026,Bogotá,Panquequeria - Turbo,CO900479096,Panquequeria Plaza Claro - Turbo,Plaza Claro,,2400.0,2400.0
25/5/2026,Bogotá,Sanduches el Jefe - Turbo,CO900479125,Sandwich el Jefe Plaza Claro - Turbo,Plaza Claro,,2400.0,2400.0
25/5/2026,Bogotá,Doritos Locos By Dorito - Turbo,CO900472103,Doritos Locos By Dorito Calle 93 - Turbo,Parque 93 / Castellana,,2400.0,2400.0
25/5/2026,Bogotá,Burger Lane - Turbo,CO900443000,Burger Lane Engativa - Turbo,Engativá,,2400.0,2400.0
25/5/2026,Bogotá,la Panquequeria - Turbo,CO900482239,La Panquequería Engativa - Turbo,Engativá,,2400.0,2400.0
25/5/2026,Bogotá,Acpm Corrientazo - Turbo,CO900467503,Acpm Corrientazo Engativá - Turbo,Engativá,,2400.0,2400.0
25/5/2026,Bogotá,Green House Fd - Turbo,CO900478311,Green House Plaza Claro - Turbo,Plaza Claro,,2400.0,2400.0
25/5/2026,Bogotá,Burrito Cantina - Turbo,CO900467380,Burrito Cantina Engativá - Turbo,Engativá,,2400.0,2400.0
25/5/2026,Bogotá,Get Smashed Burgers - Turbo,CO900442551,Get Smashed Burgers Engativa - Turbo,Engativá,,2400.0,2400.0
25/5/2026,Bogotá,Burger Lane - Turbo,CO900442995,Burger Lane Veraguas 2 - Turbo,Otra,,2400.0,2400.0
25/5/2026,Bogotá,House Of Salads - Turbo,CO900445669,House Of Salad Engativa - Turbo,Engativá,,2400.0,2400.0
25/5/2026,Bogotá,Selvatiko. - Turbo,CO900472670,Selvatiko. Engativa - Turbo,Engativá,,2400.0,2400.0
25/5/2026,Bogotá,Cacerola - Turbo,CO900472658,Cacerola - Engativa - Turbo,Engativá,,2400.0,2400.0
25/5/2026,Bogotá,Desayunos de la Abuela - Turbo,CO900478093,Desayunos de la Abuela Plaza Claro - Turbo,Plaza Claro,,2400.0,2400.0
25/5/2026,Bogotá,Pret Sandwich Bistro - Turbo,CO900442052,Pret Sandwich Bistro Engativa - Turbo,Engativá,,2400.0,2400.0
25/5/2026,Bogotá,Brunch & Munch - Turbo,CO900472746,Brunch & Munch - Engativa - Turbo,Engativá,,2400.0,2400.0
25/5/2026,Bogotá,Ñamgucheria Sandwiches - Turbo,CO900439231,Ñamguchería Engativá - Turbo,Engativá,,2400.0,2400.0
25/5/2026,Bogotá,Pret Sandwich Bistro - Turbo,CO900479198,Pret Sandwich Bistro Plaza Claro - Turbo,Plaza Claro,,2400.0,2400.0
25/5/2026,Bogotá,la Cuadra Desayunos Caseros - Turbo,CO900470914,la Cuadra Desayunos Chico - Turbo,Chicó,,2400.0,2400.0
25/5/2026,Bogotá,Desayuno Mi Tierrita - Turbo,CO900478270,Desayuno Mi Tierrita Plaza Claro - Turbo,Plaza Claro,,2400.0,2400.0
25/5/2026,Bogotá,Local Cocina Consciente - Turbo,CO900477108,Local - Cocina Consciente Engativa - Turbo,Engativá,,2400.0,2400.0
25/5/2026,Bogotá,Señor Burrito. - Turbo,CO900467420,Señor Burrito Engativa - Turbo,Engativá,,2400.0,2400.0
25/5/2026,Bogotá,Foodology Court - Turbo,CO900478306,Foodology Plaza Claro - Turbo,Plaza Claro,,2400.0,2400.0
25/5/2026,Bogotá,la Panquequeria - Turbo,CO900482242,La Panquequería Villa del Prado - Turbo,Villa del Prado,,2400.0,2400.0
25/5/2026,Bogotá,Monteverde - Turbo,CO900478981,Monteverde Plaza Claro - Turbo,Plaza Claro,,2400.0,2400.0
25/5/2026,Bogotá,Dembow - Turbo,CO900478092,Dembow Plaza Claro - Turbo,Plaza Claro,,2400.0,2400.0
25/5/2026,Bogotá,Bottaniko - Turbo,CO900477812,Bottaniko Plaza Claro - Turbo,Plaza Claro,,2400.0,2400.0
25/5/2026,Bogotá,The Breakfast Club - Turbo,CO900475285,The Breakfast Club Engativa - Turbo,Engativá,,2400.0,2400.0
25/5/2026,Bogotá,House Of Salads - Turbo,CO900477632,House Of Salads Cl 109 - Turbo,Calle 109,,2400.0,2400.0
25/5/2026,Bogotá,Avocalia Turbo,CO900477834,Avocalia Plaza Claro - Turbo,Plaza Claro,,2400.0,2400.0
25/5/2026,Bogotá,Local Cocina Consciente - Turbo,CO900481554,Local - Cocina Consciente Villa Del Prado - Turbo,Villa del Prado,,2400.0,2400.0
25/5/2026,Bogotá,Selvatiko. - Turbo,CO900479202,Selvatiko Plaza Claro - Turbo,Plaza Claro,,2400.0,2400.0
25/5/2026,Bogotá,Burger Lane - Turbo,CO900442990,Burger Lane Chapinero - Turbo,Chapinero,,2400.0,2400.0
25/5/2026,Bogotá,Frost By Oreo - Turbo,CO900478308,Frost By Oreo Plaza Claro - Turbo,Plaza Claro,,2400.0,2400.0
25/5/2026,Bogotá,Dembow - Turbo,CO900473648,Dembow - Engativa - Turbo,Engativá,,2400.0,2400.0
25/5/2026,Bogotá,la Panquequeria - Turbo,CO900482238,La Panquequería Chapinero - Turbo,Chapinero,,2400.0,2400.0
25/5/2026,Bogotá,Local Cocina Consciente - Turbo,CO900481555,Local - Cocina Consciente Andes - Turbo,Andes,,2400.0,2400.0
25/5/2026,Bogotá,Cinnabon - Turbo,CO900475097,Cinnabon Engativa - Turbo,Engativá,,2400.0,2400.0
25/5/2026,Bogotá,The Crunch Pizza - Turbo,CO900416181,The Crunch Usaquen - Turbo,Usaquén,,2400.0,2400.0
25/5/2026,Bogotá,House Of Salads - Turbo,CO900478778,House Of Salads Plaza Claro - Turbo,Plaza Claro,,2400.0,2400.0
25/5/2026,Bucaramanga,Doritos Locos By Dorito - Turbo,CO900472106,Doritos Locos By Dorito Cabecera - Turbo,Cabecera (Bga),,2400.0,2400.0
25/5/2026,Bucaramanga,Vicio - Turbo,CO900426528,Vicio Bucaramanga - Turbo,Cabecera (Bga),,2400.0,2400.0
25/5/2026,Bucaramanga,Ihop - Turbo,CO900426537,IHOP® Bucaramanga - Turbo,Cabecera (Bga),,2400.0,2400.0
25/5/2026,Bucaramanga,Local Cocina Consciente - Turbo,CO900477109,Local - Cocina Consciente Cabecera - Turbo,Cabecera (Bga),,2400.0,2400.0
25/5/2026,Bucaramanga,Brunch & Munch - Turbo,CO900428485,Brunch And Munch - Bucaramanga - Turbo,Cabecera (Bga),,2400.0,2400.0
25/5/2026,Bucaramanga,Avocalia Turbo,CO900428430,Avocalia - Bucaramanga - Turbo,Cabecera (Bga),,2400.0,2400.0
25/5/2026,Bucaramanga,la Panquequeria - Turbo,CO900482245,La Panquequería Cabecera - Turbo,Cabecera (Bga),,2400.0,2400.0
25/5/2026,Bucaramanga,Sanduches el Jefe - Turbo,CO900428426,Sandwich El Jefe Bucaramanga - Turbo,Cabecera (Bga),,2400.0,2400.0
25/5/2026,Bucaramanga,La Cuadra - Turbo,CO900428403,La Cuadra  Bucaramanga - Turbo,Cabecera (Bga),,2400.0,2400.0
25/5/2026,Bucaramanga,Get Smashed Burgers - Turbo,CO900442550,Get Smashed Burgers Cabecera Bga - Turbo,Cabecera (Bga),,2400.0,2400.0
25/5/2026,Bucaramanga,Ihop - Turbo,CO900428427,IHOP Bucaramanga - Turbo,Cabecera (Bga),,2400.0,2400.0
25/5/2026,Bucaramanga,Helados San Jerónimo - Turbo,CO900428418,Heladería San Jerónimo Bucaramanga - Turbo,Cabecera (Bga),,2400.0,2400.0
25/5/2026,Cali,Ihop - Turbo,CO900420700,Ihop San Fernando - Turbo,San Fernando,,3000.0,3000.0
25/5/2026,Cali,Numa Cocina Mediterranea - Turbo,CO900463758,Cocina Mediterranea San Fernando - Turbo,San Fernando,,2400.0,2400.0
25/5/2026,Cali,Doritos Locos By Dorito - Turbo,CO900472109,Doritos Locos By Dorito San Fernando - Turbo,San Fernando,,2400.0,2400.0
25/5/2026,Cali,The Crunch Pizza - Turbo,CO900416186,The Crunch San Fernando Cali - Turbo,San Fernando,,2400.0,2400.0
25/5/2026,Cali,Get Smashed Burgers - Turbo,CO900416435,Get Smash San Fernando - Turbo,San Fernando,,2400.0,2400.0
25/5/2026,Cali,Doritos Locos By Dorito - Turbo,CO900472100,Doritos Locos By Dorito Santa Monica - Turbo,Santa Mónica,,2400.0,2400.0
25/5/2026,Cali,Numa Cocina Mediterranea - Turbo,CO900463759,Cocina Mediterranea Santa Monica - Turbo,Santa Mónica,,3000.0,3000.0
25/5/2026,Cali,la Cuadra Desayunos Caseros - Turbo,CO900467501,La Cuadra Desayunos Santa Mónica - Turbo,Santa Mónica,,2400.0,2400.0
25/5/2026,Cali,The Crunch Pizza - Turbo,CO900416185,The Crunch Santa Monica - Turbo,Santa Mónica,,2400.0,2400.0
25/5/2026,Cali,Acpm Corrientazo - Turbo,CO900467509,Acpm Corrientazo Santa Mónica (Cali Norte) - Turbo,Santa Mónica,,3000.0,3000.0
25/5/2026,Cali,Get Smashed Burgers - Turbo,CO900416430,Get Smash Santa Monica - Turbo,Santa Mónica,,2400.0,2400.0
25/5/2026,Cali,Local Cocina Consciente - Turbo,CO900477100,Local - Cocina Consciente Santa Monica - Turbo,Santa Mónica,,2400.0,2400.0
25/5/2026,Cali,la Cuadra Desayunos Caseros - Turbo,CO900473694,la Cuadra Desayunos Caceros - Ingenio - Turbo,Ingenio,,2400.0,2400.0
25/5/2026,Cali,Numa Cocina Mediterranea - Turbo,CO900476060,Cocina Mediterranea Ingenio - Turbo,Ingenio,,2400.0,2400.0
25/5/2026,Cali,Alba Vegetarian - Turbo,CO900472649,Alba Vegetarian - Ingenio - Turbo,Ingenio,,2400.0,2400.0
25/5/2026,Cali,The Breakfast Club - Turbo,CO900475209,The Breakfast Club Ingenio - Turbo,Ingenio,,2400.0,2400.0
25/5/2026,Cali,Frost By Oreo - Turbo,CO900475353,Frost By Oreo Ingenio - Turbo,Ingenio,,2400.0,2400.0
25/5/2026,Cali,Bottaniko - Turbo,CO900472880,Bottaniko - Ingenio - Turbo,Ingenio,,2400.0,2400.0
25/5/2026,Cali,House Of Salads - Turbo,CO900476069,House Of Salads Ingenio - Turbo,Ingenio,,2400.0,2400.0
25/5/2026,Cali,Burrito Cantina - Turbo,CO900473552,Burrito Cantina Ingenio - Turbo,Ingenio,,2400.0,2400.0
25/5/2026,Cali,Cacerola - Turbo,CO900472659,Cacerola - Ingenio - Turbo,Ingenio,,2400.0,2400.0
25/5/2026,Cali,Almuerzos D´la Casa - Turbo,CO900475128,Almuerzos D` la Casa - Ingenio - Turbo,Ingenio,,2400.0,2400.0
25/5/2026,Cali,Acpm Corrientazo - Turbo,CO900473537,Acpm Corrientazo Ingenio - Turbo,Ingenio,,2400.0,2400.0
25/5/2026,Cali,Monteverde - Turbo,CO900476067,Monteverde Ingenio - Turbo,Ingenio,,2400.0,2400.0
25/5/2026,Cali,Selvatiko. - Turbo,CO900472668,Selvatiko. Ingenio - Turbo,Ingenio,,2400.0,2400.0
25/5/2026,Cali,Desayuno Mi Tierrita - Turbo,CO900473558,Desayunos Mi Tierrita - Ingenio - Turbo,Ingenio,,2400.0,2400.0
25/5/2026,Cali,Mañanero Diario - Turbo,CO900475198,Mañanero Ingenio - Turbo,Ingenio,,2400.0,2400.0
25/5/2026,Cali,Pret Sandwich Bistro - Turbo,CO900472664,Pret Sandwich Bistro Ingenio - Turbo,Ingenio,,2400.0,2400.0
25/5/2026,Cali,Doritos Locos By Dorito - Turbo,CO900473562,Doritos Locos By Dorito Ingenio - Turbo,Ingenio,,2400.0,2400.0
25/5/2026,Cali,Señor Burrito. - Turbo,CO900473587,Señor Burrito - Ingenio - Turbo,Ingenio,,2400.0,2400.0
25/5/2026,Cali,Dembow - Turbo,CO900473657,Dembow - Ingenio - Turbo,Ingenio,,2400.0,2400.0
25/5/2026,Cali,la Panquequeria - Turbo,CO900482235,La Panquequería San Fernando - Turbo,San Fernando,,2400.0,2400.0
25/5/2026,Cali,Señor Burrito. - Turbo,CO900465170,Señor Burrito Tienda Padre - Turbo,Otra,,2400.0,2400.0
25/5/2026,Cali,Green House Fd - Turbo,CO900481561,Green House Ingenio - Turbo,Ingenio,,2400.0,2400.0
25/5/2026,Cali,la Panquequeria - Turbo,CO900482247,La Panquequería Santa Monica - Turbo,Santa Mónica,,2400.0,2400.0
25/5/2026,Cali,Get Smashed Burgers - Turbo,CO900473576,Get Smashed Burgers Ingenio - Turbo,Ingenio,,2400.0,2400.0
25/5/2026,Cali,La Cuadra - Turbo,CO900473137,la Cuadra - Ingenio - Turbo,Ingenio,,2400.0,2400.0
25/5/2026,Cali,Burger Lane - Turbo,CO900442993,Burger Lane San Fernando - Turbo,San Fernando,,2400.0,2400.0
25/5/2026,Cali,Burger Lane - Turbo,CO900442998,Burger Lane Cali Norte - Turbo Calle 34 Norte 2Bn 33 358,Otra,,2400.0,2400.0
25/5/2026,Cali,Local Cocina Consciente - Turbo,CO900481556,Local - Cocina Consciente Ingenio - Turbo,Ingenio,,2400.0,2400.0
25/5/2026,Cali,la Panquequeria - Turbo,CO900482246,La Panquequería Ingenio Calle 83C - Turbo,Ingenio,,2400.0,2400.0
25/5/2026,Cartagena,Mañanero Diario - Turbo,CO900481971,Mañanero Cartagena - Turbo,Cartagena,,2400.0,2400.0
25/5/2026,Cartagena,Dembow - Turbo,CO900481376,Dembow - Cartagena - Turbo,Cartagena,,3000.0,3000.0
25/5/2026,Cartagena,Foodology Court - Turbo,CO900481814,Foodology Cartagena - Turbo,Cartagena,,2400.0,2400.0
25/5/2026,Cartagena,Local Cocina Consciente - Turbo,CO900481977,Local - Cocina Consciente Cartagena - Turbo,Cartagena,,3000.0,3000.0
25/5/2026,Cartagena,Get Smashed Burgers - Turbo,CO900481818,Get Smashed Burgers Cartagena - Turbo,Cartagena,,3000.0,3000.0
25/5/2026,Cartagena,Cacerola - Turbo,CO900481042,Cacerola - Cartagena - Turbo,Cartagena,,2400.0,2400.0
25/5/2026,Cartagena,Sanduches el Jefe - Turbo,CO900483661,Sandwich el Jefe Cartagena - Turbo,Cartagena,,2400.0,2400.0
25/5/2026,Medellín,Ihop - Turbo,CO900420701,Ihop Manila - Turbo,Manila,,3000.0,3000.0
25/5/2026,Medellín,La Cuadra - Turbo,CO900416193,La Cuadra - Laureles - Turbo,Laureles,2.13,2700.0,3000.0
25/5/2026,Medellín,la Cuadra Desayunos Caseros - Turbo,CO900473693,la Cuadra Desayunos Caseros Envigado - Turbo,Envigado,,2400.0,2400.0
25/5/2026,Medellín,la Cuadra Desayunos Caseros - Turbo,CO900470909,La Cuadra Desayunos Caseros Laureles - Turbo,Laureles,4.49,2700.0,3000.0
25/5/2026,Medellín,la Cuadra Desayunos Caseros - Turbo,CO900467500,La Cuadra Desayunos Caseros Manila - Turbo,Manila,2.22,3000.0,3000.0
25/5/2026,Medellín,La Cuadra - Turbo,CO900416201,La Cuadra Manila - Medellin - Turbo,Manila,1.41,3000.0,3000.0
25/5/2026,Medellín,la Panquequeria - Turbo,CO900482234,La Panquequería Envigado - Turbo,Envigado,,2400.0,2400.0
25/5/2026,Medellín,la Panquequeria - Turbo,CO900482240,La Panquequería Laureles - Turbo,Laureles,,2400.0,2400.0
25/5/2026,Medellín,la Panquequeria - Turbo,CO900482233,La Panquequería Manila - Turbo,Manila,,2400.0,2400.0
25/5/2026,Medellín,Local Cocina Consciente - Turbo,CO900477098,Local - Cocina Consciente Envigado - Turbo,Envigado,,2400.0,2400.0
25/5/2026,Medellín,Local Cocina Consciente - Turbo,CO900477099,Local - Cocina Consciente Laureles - Turbo,Laureles,,2400.0,2400.0
25/5/2026,Medellín,Local Cocina Consciente - Turbo,CO900481557,Local - Cocina Consciente Manila - Turbo,Manila,,2400.0,2400.0
25/5/2026,Medellín,Mañanero Diario - Turbo,CO900443494,Mañanero diario Laureles - Turbo,Laureles,1.82,2700.0,3000.0
25/5/2026,Medellín,Mañanero Diario - Turbo,CO900443495,Mañanero diario Manila - Turbo,Manila,0.88,3000.0,3000.0
25/5/2026,Medellín,Mañanero Diario - Turbo,CO900475201,Mañanero Envigado - Turbo,Envigado,,2400.0,2400.0
25/5/2026,Medellín,Monteverde - Turbo,CO900476068,Monteverde Envigado - Turbo,Envigado,,2400.0,2400.0
25/5/2026,Medellín,Monteverde - Turbo,CO900450764,Monteverde Laureles - Turbo Calle 32F,Laureles,2.63,2700.0,3000.0
25/5/2026,Medellín,Monteverde - Turbo,CO900450776,Monteverde Manila - Turbo,Manila,1.27,3000.0,3000.0
25/5/2026,Medellín,Mr Beast Burger - Turbo,CO900428939,Mr Beast Envigado - Turbo,Envigado,,2400.0,2400.0
25/5/2026,Medellín,Mr Beast Burger - Turbo,CO900405270,Mr Beast Laureles - Turbo,Laureles,4.17,2700.0,3000.0
25/5/2026,Medellín,Mr Beast Burger - Turbo,CO900405268,Mr Beast Manila - Turbo,Manila,2.82,3000.0,3000.0
25/5/2026,Medellín,Ñamgucheria Sandwiches - Turbo,CO900473583,Ñamguchería Envigado - Turbo,Envigado,,2400.0,2400.0
25/5/2026,Medellín,Ñamgucheria Sandwiches - Turbo,CO900439222,Ñamguchería Laureles - Turbo,Laureles,3.0,2700.0,3000.0
25/5/2026,Medellín,Ñamgucheria Sandwiches - Turbo,CO900439223,Ñamguchería Manila - Turbo,Manila,2.77,3000.0,3000.0
25/5/2026,Medellín,Pret Sandwich Bistro - Turbo,CO900472665,Pret Sandwich Bistro Envigado - Turbo,Envigado,,2400.0,2400.0
25/5/2026,Medellín,Pret Sandwich Bistro - Turbo,CO900416173,Pret Sándwich Bistro Laureles - Turbo Calle,Laureles,2.0,2700.0,3000.0
25/5/2026,Medellín,Pret Sandwich Bistro - Turbo,CO900416174,Pret Sándwich Bistro Manila - Turbo,Manila,0.95,3000.0,3000.0
25/5/2026,Medellín,Que Chicken By Robegrill - Turbo,CO900424250,Qué Chicken Manila - Turbo,Manila,,2400.0,2400.0
25/5/2026,Medellín,Sanduches el Jefe - Turbo,CO900419500,Sandwich El Jefe Laureles - Turbo,Laureles,2.73,2700.0,3000.0
25/5/2026,Medellín,Sanduches el Jefe - Turbo,CO900419507,Sandwich El Jefe Manila - Turbo,Manila,2.56,3000.0,3000.0
25/5/2026,Medellín,Selvatiko. - Turbo,CO900472669,Selvatiko. Envigado - Turbo,Envigado,,2400.0,2400.0
25/5/2026,Medellín,Selvatiko. - Turbo,CO900475123,Selvatiko. Laureles - Turbo,Laureles,3.21,2700.0,3000.0
25/5/2026,Medellín,Selvatiko. - Turbo,CO900475117,Selvatiko. Manila - Turbo,Manila,1.34,3000.0,3000.0
25/5/2026,Medellín,Señor Burrito. - Turbo,CO900473588,Señor Burrito Envigado - Turbo,Envigado,,2400.0,2400.0
25/5/2026,Medellín,Señor Burrito. - Turbo,CO900467423,Señor Burrito Laureles - Turbo,Laureles,1.88,2700.0,3000.0
25/5/2026,Medellín,Señor Burrito. - Turbo,CO900467427,Señor Burrito Manila - Turbo,Manila,1.15,3000.0,3000.0
25/5/2026,Medellín,The Breakfast Club - Turbo,CO900475282,The Breakfast Club Envigado - Turbo,Envigado,,2400.0,2400.0
25/5/2026,Medellín,The Breakfast Club - Turbo,CO900475214,The Breakfast Club Laurele - Turbo,Laureles,3.39,2700.0,3000.0
25/5/2026,Medellín,The Breakfast Club - Turbo,CO900475283,The Breakfast Club Manila - Turbo,Manila,1.52,3000.0,3000.0
25/5/2026,Medellín,The Crunch Pizza - Turbo,CO900416184,The Crunch Laureles - Turbo,Laureles,,2400.0,2400.0
25/5/2026,Medellín,The Crunch Pizza - Turbo,CO900416183,The Crunch Manila - Turbo,Manila,,3000.0,3000.0
25/5/2026,Medellín,Vicio - Turbo,CO900428425,Vicio Envigado - Turbo,Envigado,,2400.0,2400.0
25/5/2026,Medellín,Vicio - Turbo,CO900396759,Vicio Laureles - Turbo,Laureles,1.18,2700.0,3000.0
25/5/2026,Medellín,Vicio - Turbo,CO900405130,Vicio Manila - Turbo,Manila,0.97,3000.0,3000.0
25/5/2026,Pereira,Burger Lane - Turbo,CO900442994,Burger Lane Pereira - Turbo,Otra,,1000,1000
25/5/2026,Bogotá,Helados San Jerónimo - Turbo,CO900488984,Helados San Jerónimo Arrecife - Turbo,Arrecife,1.38,3000.0,3000.0
25/5/2026,Bogotá,Desayunos de la Abuela - Turbo,CO900488283,Desayunos de la Abuela Arrecife - Turbo,Arrecife,0.92,3000.0,3000.0
25/5/2026,Bogotá,Mr Beast Burger - Turbo,CO900488966,Mr Beast Burger Arrecife - Turbo,Arrecife,6.0,3000.0,2700.0
25/5/2026,Bogotá,La Cuadra - Turbo,CO900488957,la Cuadra Arrecife - Turbo,Arrecife,4.0,3000.0,2400.0
25/5/2026,Bogotá,Monteverde - Turbo,CO900489032,Monteverde Arrecife - Turbo,Arrecife,2.0,3000.0,3000.0
25/5/2026,Bogotá,Desayuno Mi Tierrita - Turbo,CO900488770,Desayuno Mi Tierrita Arrecife - Turbo,Arrecife,2.0,3000.0,3000.0
25/5/2026,Bogotá,Burritos & Co - Turbo,CO900488278,Burritos & Co Arrecife - Turbo,Arrecife,1.0,3000.0,3000.0
25/5/2026,Bogotá,Bottaniko - Turbo,CO900488274,Bottaniko Arrecife - Turbo,Arrecife,,3000.0,3000.0
25/5/2026,Bogotá,The Breakfast Club - Turbo,CO900489002,The Breakfast Club Arrecife - Turbo,Arrecife,,3000.0,3000.0
25/5/2026,Bogotá,Selvatiko. - Turbo,CO900488992,Selvatiko Arrecife - Turbo,Arrecife,,3000.0,3000.0
25/5/2026,Bogotá,Mañanero Diario - Turbo,CO900488961,Mañanero Diario Arrecife - Turbo,Arrecife,,3000.0,3000.0
25/5/2026,Bogotá,Cinnabon - Turbo,CO900488282,Cinnabon Arrecife - Turbo,Arrecife,,3000.0,3000.0
25/5/2026,Bogotá,Ñamgucheria Sandwiches - Turbo,CO900488970,Ñamgucheria Arrecife - Turbo,Arrecife,,3000.0,3000.0
1/6/2026,Bogotá,Brunch & Munch - Turbo,CO900420520,Brunch And Munch - Colina - Turbo,Colina,9.68,2400.0,1000
1/6/2026,Cali,Brunch & Munch - Turbo,CO900405252,Brunch & Munch Cali - San Fernando - Turbo,San Fernando,9.64,2400.0,2100.0
1/6/2026,Cali,Desayuno Mi Tierrita - Turbo,CO900465165,Desayuno Mi Tierrita Santa Monica Cali - Turbo,Santa Mónica,9.39,2400.0,2400.0
1/6/2026,Bogotá,Dembow - Turbo,CO900475131,Dembow Cl 109 - Turbo,Calle 109,8.58,2400.0,2400.0
1/6/2026,Bogotá,Dembow - Turbo,CO900473653,Dembow - Kennedy - Turbo,Kennedy,8.47,3000.0,1000
1/6/2026,Bogotá,Desayuno Mi Tierrita - Turbo,CO900476019,Desayuno Mi Tierrita Chico - Turbo,Chicó,7.95,2400.0,2100.0
1/6/2026,Bogotá,Local Cocina Consciente - Turbo,CO900489031,Local Cocina Consciente Arrecife - Turbo,Arrecife,7.92,3000.0,2700.0
1/6/2026,Bogotá,Alba Vegetarian - Turbo,CO900443013,Alba Vegetarian - Colina - Turbo Carrera 53  264,Colina,7.59,2700.0,2400.0
1/6/2026,Bogotá,Mr Beast Burger - Turbo,CO900477182,Mr Beast Chico - Turbo,Chicó,7.43,2400.0,2100.0
1/6/2026,Bogotá,Desayuno Mi Tierrita - Turbo,CO900464390,Desayuno Mi Tierrita Cl 109 - Turbo,Calle 109,7.33,2400.0,2100.0
1/6/2026,Cali,Brunch & Munch - Turbo,CO900472747,Brunch & Munch - Ingenio - Turbo,Ingenio,7.25,2400.0,2100.0
1/6/2026,Bogotá,Desayunos de la Abuela - Turbo,CO900446310,Desayunos de la Abuela Colina - Turbo,Colina,7.13,2400.0,2100.0
1/6/2026,Bogotá,Selvatiko. - Turbo,CO900465173,Selvatiko. 93 - Turbo,Parque 93 / Castellana,6.98,2400.0,2400.0
1/6/2026,Cali,Mr Beast Burger - Turbo,CO900405272,Mr Beast San Fernando - Turbo,San Fernando,6.92,2400.0,2100.0
1/6/2026,Bogotá,Desayunos de la Abuela - Turbo,CO900446320,Desayunos de la Abuela Chico - Turbo,Chicó,6.87,2700.0,2400.0
1/6/2026,Bogotá,The Breakfast Club - Turbo,CO900475281,The Breakfast Club Colina - Turbo,Colina,6.69,2400.0,2100.0
1/6/2026,Bogotá,Numa Cocina Mediterranea - Turbo,CO900488968,Numa Cocina Mediterranea Arrecife - Turbo,Arrecife,6.64,3000.0,2700.0
1/6/2026,Bogotá,The Breakfast Club - Turbo,CO900463743,The Breakfast Club Cl 109 - Turbo,Calle 109,6.62,2400.0,2400.0
1/6/2026,Bogotá,Cacerola - Turbo,CO900473673,Cacerola - Colina - Turbo,Colina,6.42,2400.0,2400.0
1/6/2026,Bogotá,Ñamgucheria Sandwiches - Turbo,CO900440314,Ñamgucheria Chicó - Turbo,Chicó,6.31,2400.0,2100.0
1/6/2026,Bogotá,Mr Beast Burger - Turbo,CO900420302,Mr Beast Colina - Turbo,Colina,6.28,2400.0,2400.0
1/6/2026,Bogotá,Desayuno Mi Tierrita - Turbo,CO900465158,Desayuno Mi Tierrita Usaquén - Turbo,Usaquén,6.23,2400.0,2400.0
1/6/2026,Cali,Desayunos de la Abuela - Turbo,CO900446306,Desayunos de la Abuela San Fernando - Turbo,San Fernando,5.88,2400.0,2100.0
1/6/2026,Bogotá,Brunch & Munch - Turbo,CO900409673,Brunch & Munch Castellana - Turbo,Parque 93 / Castellana,5.74,2400.0,2100.0
1/6/2026,Barranquilla,Desayuno Mi Tierrita - Turbo,CO900465156,Desayuno Mi Tierrita Barranquilla - Turbo,Barranquilla,5.63,2400.0,2400.0
1/6/2026,Cali,Cacerola - Turbo,CO900416207,Cacerola Santa Monica - Cali - Turbo,Santa Mónica,5.63,2400.0,2700.0
1/6/2026,Bogotá,Pret Sandwich Bistro - Turbo,CO900442051,Pret Sandwich Bistro Colina - Turbo,Colina,5.58,2400.0,2100.0
1/6/2026,Bogotá,Ñamgucheria Sandwiches - Turbo,CO900439228,Ñamguchería Colina - Turbo,Colina,5.57,2400.0,2100.0
1/6/2026,Bogotá,Numa Cocina Mediterranea - Turbo,CO900463764,Numa - Cocina Mediterranea Colina - Turbo,Colina,5.48,2400.0,2100.0
1/6/2026,Bogotá,la Cuadra Desayunos Caseros - Turbo,CO900470908,La Cuadra Desayunos Caseros Kennedy - Turbo,Kennedy,5.47,2400.0,2400.0
1/6/2026,Bogotá,la Cuadra Desayunos Caseros - Turbo,CO900467499,La Cuadra Desayunos Caceros - Villa del Prado - Turbo,Villa del Prado,5.41,2400.0,2400.0
1/6/2026,Bogotá,Honest Food Fdl - Turbo,CO900488848,Honest Food Arrecife - Turbo,Arrecife,5.41,3000.0,2700.0
1/6/2026,Cali,Ñamgucheria Sandwiches - Turbo,CO900439227,Ñamguchería San Fernando - Turbo,San Fernando,5.39,2400.0,2100.0
1/6/2026,Bogotá,Ñamgucheria Sandwiches - Turbo,CO900439230,Ñamguchería Villa del Prado - Turbo,Villa del Prado,5.35,2400.0,2400.0
1/6/2026,Cali,Foodology Court - Turbo,CO900465152,Foodology Santa Mónica Clo - Turbo Calle 34 Norte 2bn 33,Santa Mónica,5.35,2700.0,2700.0
1/6/2026,Cali,Dembow - Turbo,CO900473655,Dembow - San Fernando - Turbo,San Fernando,5.27,2400.0,2700.0
1/6/2026,Bogotá,Brunch & Munch - Turbo,CO900465171,Brunch & Munch Cl 109 - Turbo,Calle 109,5.26,2400.0,2400.0
1/6/2026,Bogotá,Burritos & Co - Turbo,CO900476014,Burritos & Co Chico - Turbo,Chicó,5.24,2700.0,2400.0
1/6/2026,Bogotá,Desayunos de la Abuela - Turbo,CO900463744,Desayunos de la Abuela Cl 109 - Turbo,Calle 109,5.22,2400.0,2400.0
1/6/2026,Cali,Mr Beast Burger - Turbo,CO900407413,Mr Beast Santa Mónica (Cali Norte) - Turbo,Santa Mónica,5.15,2400.0,2400.0
1/6/2026,Bogotá,The Breakfast Club - Turbo,CO900475213,The Breakfast Club Chico - Turbo,Chicó,4.99,2400.0,2400.0
1/6/2026,Bogotá,The Breakfast Club - Turbo,CO900475286,The Breakfast Club Calle 93 - Turbo,Parque 93 / Castellana,4.98,2400.0,2400.0
1/6/2026,Bogotá,Ñamgucheria Sandwiches - Turbo,CO900463788,Ñamgucheria Cl 109 - Turbo,Calle 109,4.93,2400.0,2400.0
1/6/2026,Cali,Monteverde - Turbo,CO900450778,Monteverde Santa Monica - Turbo,Santa Mónica,4.92,2400.0,2400.0
1/6/2026,Bogotá,Mr Beast Burger - Turbo,CO900475371,Mr Beast Cl 109 - Turbo,Calle 109,4.87,2400.0,2400.0
1/6/2026,Medellín,Numa Cocina Mediterranea - Turbo,CO900463749,Cocina Mediterranea Laureles - Turbo,Laureles,4.85,2400.0,2100.0
1/6/2026,Bogotá,Brunch & Munch - Turbo,CO900420483,Brunch & Munch - Chicó - Turbo,Chicó,4.81,2400.0,2400.0
1/6/2026,Bogotá,Foodology Court - Turbo,CO900465145,Foodology Colina - Turbo Carrera 53 #137a-26,Colina,4.76,2400.0,2400.0
1/6/2026,Cali,Desayunos de la Abuela - Turbo,CO900446316,Desayunos de la Abuela Santa Monica - Turbo,Santa Mónica,4.72,2400.0,2100.0
1/6/2026,Bucaramanga,Brunch & Munch - Turbo,CO900426741,Brunch & Munch Bucaramanga - Turbo,Cabecera (Bga),4.67,2400.0,2400.0
1/6/2026,Cali,Green House Fd - Turbo,CO900438450,Green House Santa Monica - Turbo,Santa Mónica,4.67,3000.0,2700.0
1/6/2026,Bogotá,Señor Burrito. - Turbo,CO900488996,Señor Burrito Arrecife - Turbo,Arrecife,4.63,3000.0,2700.0
1/6/2026,Bogotá,Cacerola - Turbo,CO900473674,Cacerola - Kennedy - Turbo,Kennedy,4.63,2400.0,2400.0
1/6/2026,Bogotá,Cinnabon - Turbo,CO900476080,Cinnabon Colina - Turbo,Colina,4.61,2400.0,2100.0
1/6/2026,Bogotá,Brunch & Munch - Turbo,CO900488275,Brunch & Munch Arrecife - Turbo,Arrecife,4.58,3000.0,2700.0
1/6/2026,Bogotá,Green House Fd - Turbo,CO900488845,Green House Arrecife - Turbo,Arrecife,4.57,3000.0,2700.0
1/6/2026,Medellín,Cacerola - Turbo,CO900416211,Cacerola Laureles - Turbo,Laureles,4.54,2700.0,2700.0
1/6/2026,Medellín,la Cuadra Desayunos Caseros - Turbo,CO900470909,La Cuadra Desayunos Caseros Laureles - Turbo,Laureles,4.49,2700.0,3000.0
1/6/2026,Bogotá,Dembow - Turbo,CO900473656,Dembow - Usaquen - Turbo,Usaquén,4.47,2400.0,2400.0
1/6/2026,Bogotá,Mr Beast Burger - Turbo,CO900409678,Mr Beast Chapinero - Turbo,Chapinero,4.47,2400.0,2100.0
1/6/2026,Bogotá,Brunch & Munch - Turbo,CO900410119,Brunch & Munch Villa del Prado  - Turbo,Villa del Prado,4.45,2400.0,2700.0
1/6/2026,Cali,Honest Food Fdl - Turbo,CO900472144,Honest Food Santa Monica - Turbo,Santa Mónica,4.43,2400.0,2100.0
1/6/2026,Bogotá,La Cuadra - Turbo,CO900420510,La Cuadra - Colina - Turbo,Colina,4.42,2400.0,2400.0
1/6/2026,Bogotá,Numa Cocina Mediterranea - Turbo,CO900463746,Numa Cocina Mediterranea Calle 93 - Turbo,Parque 93 / Castellana,4.42,2400.0,2400.0
1/6/2026,Bogotá,Dembow - Turbo,CO900473645,Dembow - Chapinero - Turbo,Chapinero,4.37,2400.0,2400.0
1/6/2026,Bogotá,Brunch & Munch - Turbo,CO900420519,Brunch And Munch - Kennedy - Turbo,Kennedy,4.35,2400.0,2700.0
1/6/2026,Bogotá,Sanduches el Jefe - Turbo,CO900419503,Sandwich El Jefe Castellana - Turbo,Parque 93 / Castellana,4.35,2400.0,2400.0
1/6/2026,Barranquilla,Sanduches el Jefe - Turbo,CO900419499,Sandwich el Jefe Barranquilla - Turbo Cra. 45  353,Barranquilla,4.34,2400.0,2100.0
1/6/2026,Bogotá,The Breakfast Club - Turbo,CO900475287,The Breakfast Club Villa Del Prado - Turbo,Villa del Prado,4.34,2400.0,2700.0
1/6/2026,Cali,Foodology Court - Turbo,CO900465149,Foodology San Fernando - Turbo Carrera 38 #5e-9,San Fernando,4.32,2400.0,2400.0
1/6/2026,Barranquilla,Mr Beast Burger - Turbo,CO900405269,Mr Beast Barranquilla Norte - Turbo Urgencias Eps Sanitas 284,Barranquilla,4.27,2400.0,2400.0
1/6/2026,Bogotá,Honest Food Fdl - Turbo,CO900472142,Honest Food Colina - Turbo,Colina,4.27,2400.0,2400.0
1/6/2026,Bogotá,Desayunos de la Abuela - Turbo,CO900473560,Desayunos de la Abuela Kennedy - Turbo,Kennedy,4.27,2400.0,2400.0
1/6/2026,Bucaramanga,The Breakfast Club - Turbo,CO900475208,The Breakfast Club Cabecera - Turbo,Cabecera (Bga),4.27,2700.0,2700.0
1/6/2026,Bogotá,La Cuadra - Turbo,CO900416198,La Cuadra - Villa del Prado - Turbo,Villa del Prado,4.24,2400.0,2100.0
1/6/2026,Medellín,Mr Beast Burger - Turbo,CO900405270,Mr Beast Laureles - Turbo,Laureles,4.17,2700.0,2700.0
1/6/2026,Bogotá,Desayunos de la Abuela - Turbo,CO900446318,Desayunos de la Abuela Villa Del Prado - Turbo,Villa del Prado,4.16,2400.0,2400.0
1/6/2026,Bogotá,Dembow - Turbo,CO900473651,Dembow - Villa Del Prado - Turbo,Villa del Prado,3.98,2700.0,2400.0
1/6/2026,Bogotá,Sanduches el Jefe - Turbo,CO900419501,Sandwich el Jefe Villa Del Prado - Turbo Carrera 55  243,Villa del Prado,3.96,2700.0,2700.0
1/6/2026,Bogotá,Foodology Court - Turbo,CO900465148,Foodology 93 - Turbo Calle 93 #45a-16,Parque 93 / Castellana,3.94,2400.0,2400.0
1/6/2026,Medellín,Honest Food Fdl - Turbo,CO900472132,Honest Food Laureles - Turbo,Laureles,3.93,2700.0,2700.0
1/6/2026,Bucaramanga,Foodology Court - Turbo,CO900465153,Foodology Cabecera - Turbo,Cabecera (Bga),3.88,3000.0,3000.0
1/6/2026,Cali,The Breakfast Club - Turbo,CO900475288,The Breakfast Club San Fernando - Turbo,San Fernando,3.86,2400.0,2400.0
1/6/2026,Bogotá,Acpm Corrientazo - Turbo,CO900467513,Acpm Corrientazo Colina - Turbo,Colina,3.85,2400.0,2400.0
1/6/2026,Bogotá,Cinnabon - Turbo,CO900415448,Cinnabon Chicó - Turbo,Chicó,3.84,2700.0,2700.0
1/6/2026,Bogotá,Honest Food Fdl - Turbo,CO900475462,Honest Food Kennedy - Turbo,Kennedy,3.84,2400.0,2400.0
1/6/2026,Bogotá,Sanduches el Jefe - Turbo,CO900420513,Sandwich el Jefe Kennedy - Turbo,Kennedy,3.83,2700.0,2700.0
1/6/2026,Bogotá,la Cuadra Desayunos Caseros - Turbo,CO900470911,La Cuadra Desayunos Caseros Andes - Turbo,Andes,3.83,2400.0,2400.0
1/6/2026,Barranquilla,Dembow - Turbo,CO900473647,Dembow - Barranquilla Nte - Turbo,Barranquilla,3.82,3000.0,3000.0
1/6/2026,Bogotá,Avocalia Turbo,CO900488273,Avocalia Arrecife - Turbo,Arrecife,3.82,3000.0,2700.0
1/6/2026,Bogotá,Avocalia Turbo,CO900420305,Avocalia - Colina - Turbo,Colina,3.82,2400.0,2400.0
1/6/2026,Cali,Monteverde - Turbo,CO900450772,Monteverde San Fernando - Turbo,San Fernando,3.81,2700.0,2700.0
1/6/2026,Medellín,Dembow - Turbo,CO900473644,Dembow - Manila - Turbo,Manila,3.81,3000.0,3000.0
1/6/2026,Bogotá,Pret Sandwich Bistro - Turbo,CO900470306,Pret Sandwich Bistro Chico - Turbo,Chicó,3.76,2700.0,2700.0
1/6/2026,Bogotá,Selvatiko. - Turbo,CO900476479,Selvatiko Chico - Turbo,Chicó,3.75,3000.0,3000.0
1/6/2026,Cali,Honest Food Fdl - Turbo,CO900472139,Honest Food San Fernando - Turbo,San Fernando,3.75,2700.0,2700.0
1/6/2026,Bogotá,Selvatiko. - Turbo,CO900475124,Selvatiko. Colina - Turbo,Colina,3.74,3000.0,3000.0
1/6/2026,Bogotá,Bottaniko - Turbo,CO900443508,Bottaniko - Cll 93 - Turbo,Parque 93 / Castellana,3.73,2400.0,2100.0
1/6/2026,Barranquilla,The Breakfast Club - Turbo,CO900475211,The Breakfast Club Barranquilla - Turbo,Barranquilla,3.71,2700.0,2400.0
1/6/2026,Bucaramanga,Numa Cocina Mediterranea - Turbo,CO900463748,Cocina Mediterranea Cabecera - Turbo,Cabecera (Bga),3.71,2400.0,2400.0
1/6/2026,Cali,Avocalia Turbo,CO900407400,Avocalia Santa Monica - Cali - Turbo,Santa Mónica,3.69,2700.0,2700.0
1/6/2026,Bogotá,Alba Vegetarian - Turbo,CO900475346,Alba Vegetarian Chico - Turbo,Chicó,3.68,3000.0,3000.0
1/6/2026,Cali,Burritos & Co - Turbo,CO900410573,Burritos And Co Cali - Turbo,Otra,3.68,2700.0,2700.0
1/6/2026,Bogotá,Pret Sandwich Bistro - Turbo,CO900464394,Pret Sandwich Bistro Cl 109 - Turbo,Calle 109,3.67,2400.0,2400.0
1/6/2026,Bogotá,Alba Vegetarian - Turbo,CO900473540,Alba Vegetarian - Kennedy Calle 26 Sur #72c 258 - Turbo,Kennedy,3.65,2700.0,3000.0
1/6/2026,Bogotá,Brunch & Munch - Turbo,CO900409672,Brunch & Munch Chapinero - Turbo,Chapinero,3.62,2400.0,2400.0
1/6/2026,Medellín,Alba Vegetarian - Turbo,CO900443008,Alba Vegetarian - Laureles - Turbo,Laureles,3.61,2700.0,3000.0
1/6/2026,Cali,Avocalia Turbo,CO900405544,Avocalia Cali - San Fernando - Turbo,San Fernando,3.58,2400.0,2400.0
1/6/2026,Bogotá,Mañanero Diario - Turbo,CO900476020,Mañanero Diario Chico - Turbo,Chicó,3.55,3000.0,3000.0
1/6/2026,Bogotá,Selvatiko. - Turbo,CO900475116,Selvatiko. Chapinero - Turbo,Chapinero,3.53,2400.0,2400.0
1/6/2026,Cali,Dembow - Turbo,CO900473646,Dembow - Santa Mónica - Turbo,Santa Mónica,3.52,2400.0,2400.0
1/6/2026,Bogotá,Desayunos de la Abuela - Turbo,CO900473561,Desayunos de la Abuela Andes - Turbo,Andes,3.51,2400.0,2400.0
1/6/2026,Bogotá,House Of Salads - Turbo,CO900488856,House Of Salads Arrecife - Turbo,Arrecife,3.46,3000.0,2700.0
1/6/2026,Medellín,Desayunos de la Abuela - Turbo,CO900446317,Desayunos de la Abuela Laureles - Turbo,Laureles,3.46,2700.0,2700.0
1/6/2026,Bucaramanga,Selvatiko. - Turbo,CO900475119,Selvatiko. Cabecera - Turbo,Cabecera (Bga),3.45,3000.0,3000.0
1/6/2026,Bogotá,Burrito Cantina - Turbo,CO900467387,Burrito Cantina Castellana - Turbo,Parque 93 / Castellana,3.43,2700.0,2400.0
1/6/2026,Bogotá,House Of Salads - Turbo,CO900445676,House Of Salad Colina - Turbo,Colina,3.41,2700.0,2700.0
1/6/2026,Bogotá,Pret Sandwich Bistro - Turbo,CO900416172,Pret Sandwich Bistro Chapinero - Turbo,Chapinero,3.41,2400.0,2400.0
1/6/2026,Cali,Burritos & Co - Turbo,CO900410569,Burritos & CO Cali - San Fernando - Turbo,San Fernando,3.41,2700.0,2700.0
1/6/2026,Bogotá,Acpm Corrientazo - Turbo,CO900467511,Acpm Corrientazo Castellana - Turbo,Parque 93 / Castellana,3.39,2400.0,2400.0
1/6/2026,Medellín,The Breakfast Club - Turbo,CO900475214,The Breakfast Club Laurele - Turbo,Laureles,3.39,2700.0,2700.0
1/6/2026,Bogotá,Sanduches el Jefe - Turbo,CO900420512,Sandwich el Jefe Colina - Turbo,Colina,3.38,2400.0,2400.0
1/6/2026,Cali,La Cuadra - Turbo,CO900416195,La Cuadra Santa Monica - Cali - Turbo,Santa Mónica,3.37,3000.0,3000.0
1/6/2026,Cali,Local Cocina Consciente - Turbo,CO900477097,Local - Cocina Consciente San Fernando - Turbo,San Fernando,3.35,2700.0,2700.0
1/6/2026,Cali,Almuerzos D´la Casa - Turbo,CO900471211,Almuerzos D´la Casa - San Fernando - Turbo,San Fernando,3.34,3000.0,3000.0
1/6/2026,Bucaramanga,Burrito Cantina - Turbo,CO900467384,Burrito Cantina Bucaramanga - Turbo,Cabecera (Bga),3.33,2400.0,2400.0
1/6/2026,Medellín,Brunch & Munch - Turbo,CO900405253,Brunch & Munch Laureles - Turbo,Laureles,3.31,2700.0,2700.0
1/6/2026,Bogotá,Monteverde - Turbo,CO900450767,Monteverde Colina - Turbo,Colina,3.29,2700.0,2700.0
1/6/2026,Cartagena,Mr Beast Burger - Turbo,CO900481990,Mr Beast Cartagena - Turbo,Cartagena,3.29,2400.0,2100.0
1/6/2026,Bogotá,Ñamgucheria Sandwiches - Turbo,CO900439229,Ñamguchería Castellana - Turbo,Parque 93 / Castellana,3.27,2400.0,2400.0
1/6/2026,Bogotá,Honest Food Fdl - Turbo,CO900463745,Honest Food Cl 109 - Turbo,Calle 109,3.26,2700.0,2700.0
1/6/2026,Bogotá,Burrito Cantina - Turbo,CO900488277,Burrito Cantina Arrecife - Turbo,Arrecife,3.26,3000.0,2700.0
1/6/2026,Bogotá,The Breakfast Club - Turbo,CO900475207,The Breakfast Club Kennedy - Turbo,Kennedy,3.26,2400.0,2400.0
1/6/2026,Bogotá,Ñamgucheria Sandwiches - Turbo,CO900473584,Ñamguchería Andes - Turbo,Andes,3.25,2400.0,2100.0
1/6/2026,Bogotá,Cacerola - Turbo,CO900416214,Cacerola Castellana - Turbo,Parque 93 / Castellana,3.25,2400.0,2400.0
1/6/2026,Cali,Acpm Corrientazo - Turbo,CO900467504,Acpm Corrientazo San Fernando - Turbo,San Fernando,3.25,3000.0,3000.0
1/6/2026,Bogotá,Mr Beast Burger - Turbo,CO900405271,Mr Beast Villa Del Prado - Turbo,Villa del Prado,3.23,2400.0,2100.0
1/6/2026,Cali,Alba Vegetarian - Turbo,CO900443016,Alba Vegetarian - San Fernando - Turbo,San Fernando,3.23,2700.0,3000.0
1/6/2026,Bogotá,Burritos & Co - Turbo,CO900420641,Burritos And Co - Colina - Turbo,Colina,3.22,2700.0,2700.0
1/6/2026,Bogotá,Mr Beast Burger - Turbo,CO900420303,Mr Beast Kennedy - Turbo,Kennedy,3.22,2400.0,2400.0
1/6/2026,Bogotá,Señor Burrito. - Turbo,CO900467418,Señor Burrito 93 - Turbo,Parque 93 / Castellana,3.22,2400.0,2400.0
1/6/2026,Cali,Green House Fd - Turbo,CO900438444,Green House San Fernando - Turbo,San Fernando,3.21,2400.0,2700.0
1/6/2026,Medellín,Selvatiko. - Turbo,CO900475123,Selvatiko. Laureles - Turbo,Laureles,3.21,2700.0,2700.0
1/6/2026,Bucaramanga,Cacerola - Turbo,CO900473672,Cacerola - Cabecera - Turbo,Cabecera (Bga),3.19,2400.0,2400.0
1/6/2026,Bogotá,Señor Burrito. - Turbo,CO900464393,Señor Burrito 109 - Turbo,Calle 109,3.17,3000.0,3000.0
1/6/2026,Bogotá,Burritos & Co - Turbo,CO900464311,Burritos & Co Cl 109 - Turbo,Calle 109,3.16,2700.0,2700.0
1/6/2026,Cartagena,Ñamgucheria Sandwiches - Turbo,CO900481992,Ñamguchería Cartagena - Turbo,Cartagena,3.15,2700.0,3000.0
1/6/2026,Barranquilla,Pret Sandwich Bistro - Turbo,CO900416176,Pret Sandwich Bistro Barranquilla Nte - Turbo,Barranquilla,3.14,2700.0,3000.0
1/6/2026,Cali,House Of Salads - Turbo,CO900445681,House Of Salad Santa Monica - Turbo,Santa Mónica,3.14,2400.0,2400.0
1/6/2026,Bogotá,Mañanero Diario - Turbo,CO900443500,Mañanero diario Chapinero - Turbo,Chapinero,3.13,2400.0,2100.0
1/6/2026,Bogotá,Numa Cocina Mediterranea - Turbo,CO900476061,Cocina Mediterranea Andes - Turbo,Andes,2.98,2400.0,2700.0
1/6/2026,Bogotá,House Of Salads - Turbo,CO900445682,House Of Salad Chico - Turbo,Chicó,2.97,2700.0,3000.0
1/6/2026,Bogotá,Pret Sandwich Bistro - Turbo,CO900416549,Pret Sandwich Bistro 93 - Turbo,Parque 93 / Castellana,2.96,3000.0,2700.0
1/6/2026,Barranquilla,Honest Food Fdl - Turbo,CO900472141,Honest Food Barranquilla - Turbo,Barranquilla,2.95,2700.0,2700.0
1/6/2026,Bucaramanga,House Of Salads - Turbo,CO900476073,House Of Salads Cabecera - Turbo,Cabecera (Bga),2.94,3000.0,2700.0
1/6/2026,Bogotá,Bottaniko - Turbo,CO900475790,Bottaniko - Kennedy - Turbo,Kennedy,2.93,3000.0,3000.0
1/6/2026,Cali,House Of Salads - Turbo,CO900445671,House Of Salad San Fernando - Turbo,San Fernando,2.92,3000.0,2700.0
1/6/2026,Bogotá,Alba Vegetarian - Turbo,CO900488270,Alba Vegetarian Arrecife - Turbo,Arrecife,2.89,3000.0,3000.0
1/6/2026,Medellín,Green House Fd - Turbo,CO900438443,Green House Laureles - Turbo,Laureles,2.89,2700.0,2700.0
1/6/2026,Bogotá,La Cuadra - Turbo,CO900416192,La Cuadra - Castellana - Turbo,Parque 93 / Castellana,2.84,2400.0,2400.0
1/6/2026,Bogotá,Dembow - Turbo,CO900473654,Dembow - Colina - Turbo,Colina,2.83,2400.0,2400.0
1/6/2026,Medellín,Mr Beast Burger - Turbo,CO900405268,Mr Beast Manila - Turbo,Manila,2.82,3000.0,3000.0
1/6/2026,Bogotá,Bottaniko - Turbo,CO900443516,Bottaniko - Colina - Turbo,Colina,2.81,2400.0,2700.0
1/6/2026,Barranquilla,Brunch & Munch - Turbo,CO900405255,Brunch & Munch Barranquilla - Turbo,Barranquilla,2.78,2400.0,2400.0
1/6/2026,Bogotá,Mr Beast Burger - Turbo,CO900409677,Mr Beast Castellana - Turbo,Parque 93 / Castellana,2.78,2400.0,2400.0
1/6/2026,Cali,Mañanero Diario - Turbo,CO900443498,Mañanero Diario Santa Mónica (Cali Norte) - Turbo,Santa Mónica,2.78,3000.0,2700.0
1/6/2026,Medellín,Ñamgucheria Sandwiches - Turbo,CO900439223,Ñamguchería Manila - Turbo,Manila,2.77,3000.0,3000.0
1/6/2026,Bogotá,Green House Fd - Turbo,CO900438446,Green House Kennedy - Turbo,Kennedy,2.76,2700.0,2700.0
1/6/2026,Bogotá,Brunch & Munch - Turbo,CO900426740,Brunch & Munch Andes - Turbo,Andes,2.76,2400.0,2400.0
1/6/2026,Bogotá,Numa Cocina Mediterranea - Turbo,CO900476062,Cocina Mediterranea Kennedy - Turbo,Kennedy,2.74,2400.0,2700.0
1/6/2026,Barranquilla,Mañanero Diario - Turbo,CO900443503,Mañanero diario Barranquilla Norte - Turbo CHURNEADO,Barranquilla,2.73,2400.0,2700.0
1/6/2026,Bogotá,Foodology Court - Turbo,CO900471304,Foodology Kennedy - Turbo,Kennedy,2.73,2400.0,2100.0
1/6/2026,Medellín,Sanduches el Jefe - Turbo,CO900419500,Sandwich El Jefe Laureles - Turbo,Laureles,2.73,2700.0,3000.0
1/6/2026,Cali,Alba Vegetarian - Turbo,CO900443011,Alba Vegetarian - Santa Monica - Turbo,Santa Mónica,2.72,2400.0,2400.0
1/6/2026,Bogotá,Monteverde - Turbo,CO900463719,Monteverde Cl 109 - Turbo,Calle 109,2.71,2700.0,3000.0
1/6/2026,Bogotá,la Cuadra Desayunos Caseros - Turbo,CO900467493,La Cuadra Desayunos Caseros Usaquen - Turbo,Usaquén,2.71,3000.0,3000.0
1/6/2026,Bogotá,Mañanero Diario - Turbo,CO900443497,Mañanero diario Colina - Turbo,Colina,2.71,2700.0,2700.0
1/6/2026,Bogotá,Almuerzos D´la Casa - Turbo,CO900475129,Almuerzos D` La Casa - Kennedy - Turbo,Kennedy,2.69,2700.0,2700.0
1/6/2026,Bogotá,Alba Vegetarian - Turbo,CO900475345,Alba Vegetarian Cl 109 - Turbo,Calle 109,2.68,2700.0,3000.0
1/6/2026,Bogotá,Ñamgucheria Sandwiches - Turbo,CO900439225,Ñamguchería Chapinero - Turbo,Chapinero,2.68,2400.0,2700.0
1/6/2026,Bucaramanga,Monteverde - Turbo,CO900450765,Monteverde Cabecera - Turbo,Cabecera (Bga),2.68,3000.0,3000.0
1/6/2026,Bogotá,Green House Fd - Turbo,CO900438447,Green House Villa Del Prado - Turbo Cra. 55  243,Villa del Prado,2.66,2700.0,3000.0
1/6/2026,Bogotá,House Of Salads - Turbo,CO900445677,House Of Salad Villa del Prado - Turbo,Villa del Prado,2.66,3000.0,3000.0
1/6/2026,Cali,Cacerola - Turbo,CO900416209,Cacerola Cali - San Fernando - Turbo,San Fernando,2.66,2400.0,2400.0
1/6/2026,Cali,Almuerzos D´la Casa - Turbo,CO900471208,Almuerzos D´la Casa - Santa Monica - Turbo,Santa Mónica,2.66,2700.0,3000.0
1/6/2026,Cali,Burrito Cantina - Turbo,CO900467383,Burrito Cantina San Fernando - Turbo,San Fernando,2.64,2700.0,3000.0
1/6/2026,Medellín,Desayuno Mi Tierrita - Turbo,CO900465157,Desayuno Mi Tierrita Laureles - Turbo,Laureles,2.64,2700.0,3000.0
1/6/2026,Barranquilla,Burrito Cantina - Turbo,CO900467386,Burrito Cantina Barranquilla Norte - Turbo,Barranquilla,2.63,2700.0,2700.0
1/6/2026,Cali,Cinnabon - Turbo,CO900405124,Cinnabon San Fernando - Turbo,San Fernando,2.63,2700.0,2700.0
1/6/2026,Medellín,Monteverde - Turbo,CO900450764,Monteverde Laureles - Turbo Calle 32F,Laureles,2.63,2700.0,2700.0
1/6/2026,Bogotá,Dembow - Turbo,CO900473650,Dembow - Andes - Turbo,Andes,2.62,3000.0,3000.0
1/6/2026,Bucaramanga,Dembow - Turbo,CO900473642,Dembow - Cabecera - Turbo,Cabecera (Bga),2.59,2700.0,3000.0
1/6/2026,Bogotá,Green House Fd - Turbo,CO900438452,Green House Chapinero - Turbo,Chapinero,2.58,2700.0,2700.0
1/6/2026,Bogotá,The Breakfast Club - Turbo,CO900475212,The Breakfast Club Andes - Turbo,Andes,2.56,2400.0,2100.0
1/6/2026,Medellín,Sanduches el Jefe - Turbo,CO900419507,Sandwich El Jefe Manila - Turbo,Manila,2.56,3000.0,3000.0
1/6/2026,Medellín,Burritos & Co - Turbo,CO900410568,Burritos And Co Laureles - Turbo,Laureles,2.56,2700.0,2700.0
1/6/2026,Barranquilla,Green House Fd - Turbo,CO900438451,Green House Barranquilla - Turbo,Barranquilla,2.55,2700.0,3000.0
1/6/2026,Cali,Sanduches el Jefe - Turbo,CO900419506,Sandwich El Jefe San Fernando - Turbo,San Fernando,2.55,3000.0,3000.0
1/6/2026,Bogotá,Ñamgucheria Sandwiches - Turbo,CO900473582,Ñamguchería Kennedy - Turbo,Kennedy,2.54,2400.0,2400.0
1/6/2026,Cartagena,Brunch & Munch - Turbo,CO900481032,Brunch & Munch - Cartagena - Turbo,Cartagena,2.54,2400.0,2400.0
1/6/2026,Bogotá,Avocalia Turbo,CO900405546,Avocalia - Villa Del Prado - Turbo,Villa del Prado,2.53,2400.0,2700.0
1/6/2026,Bogotá,Cinnabon Foodology - Turbo,CO900410068,Cinnabon Chapinero - Turbo,Chapinero,2.52,2700.0,2700.0
1/6/2026,Bogotá,Avocalia Turbo,CO900464312,Avocalia Cl 109 - Turbo,Calle 109,2.49,2700.0,3000.0
1/6/2026,Bogotá,Cinnabon - Turbo,CO900463784,Cinnabon Cl 109 - Turbo,Calle 109,2.49,3000.0,3000.0
1/6/2026,Bogotá,Mañanero Diario - Turbo,CO900475202,Mañanero Diario Cl 109 - Turbo,Calle 109,2.47,2400.0,3000.0
1/6/2026,Bogotá,Honest Food Fdl - Turbo,CO900472133,Honest Food Villa Del Prado - Turbo,Villa del Prado,2.47,2400.0,2100.0
1/6/2026,Bogotá,Green House Fd - Turbo,CO900438449,Green House Parque 93 - Turbo,Parque 93 / Castellana,2.44,2700.0,2700.0
1/6/2026,Bogotá,Honest Food Fdl - Turbo,CO900472137,Honest Food Chapinero - Turbo,Chapinero,2.44,2700.0,3000.0
1/6/2026,Bogotá,Señor Burrito. - Turbo,CO900467426,Señor Burrito Chapinero - Turbo,Chapinero,2.44,2700.0,2700.0
1/6/2026,Cali,Desayunos de la Abuela - Turbo,CO900472679,Desayunos de la Abuela Ingenio - Turbo,Ingenio,2.44,2400.0,2400.0
1/6/2026,Bucaramanga,la Cuadra Desayunos Caseros - Turbo,CO900470910,La Cuadra Desayunos Caseros Cabecera - Turbo,Cabecera (Bga),2.43,3000.0,3000.0
1/6/2026,Cali,La Cuadra - Turbo,CO900416200,La Cuadra Cali - San Fernando - Turbo,San Fernando,2.43,2700.0,2700.0
1/6/2026,Medellín,Foodology Court - Turbo,CO900465144,Foodology Laureles - Turbo Calle 32f #66b-254,Laureles,2.43,2700.0,3000.0
1/6/2026,Bucaramanga,Señor Burrito. - Turbo,CO900467424,Señor Burrito Cabecera - Turbo,Cabecera (Bga),2.42,3000.0,3000.0
1/6/2026,Bogotá,Honest Food Fdl - Turbo,CO900472138,Honest Food Calle 93 - Turbo,Parque 93 / Castellana,2.41,2400.0,2700.0
1/6/2026,Cali,Señor Burrito. - Turbo,CO900467419,Señor Burrito San Fernando - Turbo,San Fernando,2.41,2700.0,3000.0
1/6/2026,Medellín,Almuerzos D´la Casa - Turbo,CO900471207,Almuerzos D´la Casa - Laureles - Turbo,Laureles,2.41,2700.0,3000.0
1/6/2026,Bogotá,La Cuadra - Turbo,CO900420509,La Cuadra - Kennedy - Turbo,Kennedy,2.38,2700.0,3000.0
1/6/2026,Cali,Selvatiko. - Turbo,CO900475114,Selvatiko. Santa Monica - Turbo,Santa Mónica,2.35,2400.0,2700.0
1/6/2026,Cali,Cinnabon - Turbo,CO900407398,Cinnabon Santa Mónica (Cali Norte) - Turbo,Santa Mónica,2.31,3000.0,3000.0
1/6/2026,Medellín,Avocalia Turbo,CO900405766,Avocalia Laureles - Turbo,Laureles,2.31,2700.0,2700.0
1/6/2026,Bucaramanga,Honest Food Fdl - Turbo,CO900472134,Honest Food Cabecera - Turbo,Cabecera (Bga),2.29,3000.0,3000.0
1/6/2026,Bogotá,Selvatiko. - Turbo,CO900475118,Selvatiko. Villa del prado - Turbo,Villa del Prado,2.28,3000.0,3000.0
1/6/2026,Bogotá,la Cuadra Desayunos Caseros - Turbo,CO900488956,la Cuadra Desayunos Arrecife - Turbo,Arrecife,2.28,3000.0,3000.0
1/6/2026,Bogotá,Avocalia Turbo,CO900410780,Avocalia Chicó - Turbo,Chicó,2.27,3000.0,3000.0
1/6/2026,Bogotá,Local Cocina Consciente - Turbo,CO900477107,Local - Cocina Consciente Calle 93 - Turbo,Parque 93 / Castellana,2.26,2700.0,3000.0
1/6/2026,Bogotá,Dembow - Turbo,CO900473649,Dembow - Calle 93 - Turbo,Parque 93 / Castellana,2.25,2400.0,2400.0
1/6/2026,Bogotá,Cacerola - Turbo,CO900416212,Cacerola Chapinero - Turbo,Chapinero,2.25,2400.0,2700.0
1/6/2026,Bogotá,Desayunos de la Abuela - Turbo,CO900446276,Desayunos de la Abuela Calle 93 - Turbo,Parque 93 / Castellana,2.24,2700.0,2700.0
1/6/2026,Medellín,Cinnabon - Turbo,CO900396466,Cinnabon Laureles - Turbo,Laureles,2.24,2700.0,3000.0
1/6/2026,Bogotá,La Cuadra - Turbo,CO900416199,La Cuadra - Chapinero - Turbo,Chapinero,2.23,2700.0,3000.0
1/6/2026,Bogotá,Sanduches el Jefe - Turbo,CO900419502,Sandwich El Jefe Chapinero - Turbo,Chapinero,2.23,2400.0,2400.0
1/6/2026,Bogotá,Almuerzos D´la Casa - Turbo,CO900471210,Almuerzos D´la Casa - Chapinero - Turbo,Chapinero,2.23,2400.0,2400.0
1/6/2026,Cali,Señor Burrito. - Turbo,CO900467417,Señor Burrito Santa Monica - Turbo,Santa Mónica,2.23,3000.0,3000.0
1/6/2026,Bogotá,Burritos & Co - Turbo,CO900410572,Burritos And Co 93 - Turbo,Parque 93 / Castellana,2.22,2700.0,3000.0
1/6/2026,Medellín,la Cuadra Desayunos Caseros - Turbo,CO900467500,La Cuadra Desayunos Caseros Manila - Turbo,Manila,2.22,3000.0,3000.0
1/6/2026,Medellín,Desayunos de la Abuela - Turbo,CO900446309,Desayunos de la Abuela Manila - Turbo,Manila,2.19,3000.0,3000.0
1/6/2026,Bogotá,House Of Salads - Turbo,CO900445673,House Of Salad Chapinero - Turbo,Chapinero,2.17,2400.0,2700.0
1/6/2026,Bogotá,Monteverde - Turbo,CO900476066,Monteverde Andes - Turbo,Andes,2.16,2700.0,2700.0
1/6/2026,Bucaramanga,Ñamgucheria Sandwiches - Turbo,CO900440620,Ñamguchería Bucaramanga. - Turbo,Cabecera (Bga),2.15,2700.0,3000.0
1/6/2026,Medellín,La Cuadra - Turbo,CO900416193,La Cuadra - Laureles - Turbo,Laureles,2.13,2700.0,2700.0
1/6/2026,Bogotá,Desayuno Mi Tierrita - Turbo,CO900465166,Desayuno Mi Tierrita - Colina - Turbo,Colina,15.18,2400.0,2400.0
1/6/2026,Cali,Desayuno Mi Tierrita - Turbo,CO900465164,Desayuno Mi Tierrita San Fernando Cali - Turbo,San Fernando,13.95,2400.0,1000
1/6/2026,Bogotá,Cacerola - Turbo,CO900473676,Cacerola Chico - Turbo,Chicó,13.86,2700.0,1000
1/6/2026,Bogotá,Foodology Court - Turbo,CO900488781,Foodology Arrecife - Turbo,Arrecife,13.13,3000.0,1000
1/6/2026,Bogotá,Pret Sandwich Bistro - Turbo,CO900488980,Pret Sandwich Bistro Arrecife - Turbo,Arrecife,11.99,3000.0,1000
1/6/2026,Barranquilla,House Of Salads - Turbo,CO900445675,House Of Salad Barranquilla - Turbo,Barranquilla,1.98,2400.0,2400.0
1/6/2026,Barranquilla,Monteverde - Turbo,CO900450774,Monteverde Barranquilla - Turbo,Barranquilla,1.98,3000.0,3000.0
1/6/2026,Bogotá,Señor Burrito. - Turbo,CO900467421,Señor Burrito - Villa del Prado - Turbo,Villa del Prado,1.98,2400.0,2400.0
1/6/2026,Cartagena,Señor Burrito. - Turbo,CO900482004,Señor Burrito Cartagena - Turbo,Cartagena,1.98,2700.0,2700.0
1/6/2026,Bogotá,Cacerola - Turbo,CO900416213,Cacerola Usaquen - Turbo,Usaquén,1.97,2700.0,3000.0
1/6/2026,Medellín,House Of Salads - Turbo,CO900445679,House Of Salad Laureles - Turbo,Laureles,1.97,2700.0,3000.0
1/6/2026,Bogotá,Doritos Locos By Dorito - Turbo,CO900488774,Doritosclocos By Doritos Arrecife - Turbo,Arrecife,1.95,3000.0,3000.0
1/6/2026,Bogotá,Frost By Oreo - Turbo,CO900488841,Frost By Oreo Arrecife - Turbo,Arrecife,1.94,3000.0,3000.0
1/6/2026,Bogotá,Alba Vegetarian - Turbo,CO900443009,Alba Vegetarian - Chapinero - Turbo,Chapinero,1.94,2700.0,3000.0
1/6/2026,Bogotá,Burritos & Co - Turbo,CO900410665,Burritos And Co Chapinero - Turbo,Chapinero,1.93,2700.0,3000.0
1/6/2026,Bucaramanga,La Cuadra - Turbo,CO900426535,La Cuadra - Bucaramanga - Turbo,Cabecera (Bga),1.93,3000.0,3000.0
1/6/2026,Cali,la Cuadra Desayunos Caseros - Turbo,CO900467495,La Cuadra Desayunos San Fernando - Turbo,San Fernando,1.93,3000.0,3000.0
1/6/2026,Bogotá,Acpm Corrientazo - Turbo,CO900470916,Acpm Corrientazo Andes - Turbo,Andes,1.92,2700.0,2400.0
1/6/2026,Barranquilla,La Cuadra - Turbo,CO900416197,La Cuadra Barranquilla Norte - Turbo,Barranquilla,1.89,2700.0,3000.0
1/6/2026,Barranquilla,Avocalia Turbo,CO900405547,Avocalia Barranquilla - Turbo,Barranquilla,1.89,2700.0,3000.0
1/6/2026,Cali,Helados San Jerónimo - Turbo,CO900407396,Heladería San Jerónimo Santa Mónica (Cali Norte) - Turbo,Santa Mónica,1.89,2400.0,2400.0
1/6/2026,Bogotá,Monteverde - Turbo,CO900450773,Monteverde Villa Del Prado - Turbo,Villa del Prado,1.88,2700.0,3000.0
1/6/2026,Bogotá,Vicio - Turbo,CO900489022,Vicio Arrecife - Turbo,Arrecife,1.88,3000.0,3000.0
1/6/2026,Medellín,Señor Burrito. - Turbo,CO900467423,Señor Burrito Laureles - Turbo,Laureles,1.88,2700.0,2700.0
1/6/2026,Bogotá,Mr Beast Burger - Turbo,CO900409679,Mr Beast Usaquén - Turbo,Usaquén,1.87,2700.0,3000.0
1/6/2026,Cali,Mr Beast Burger - Turbo,CO900476815,Mr Beast Ingenio - Turbo,Ingenio,1.87,2400.0,2400.0
1/6/2026,Bogotá,Almuerzos D´la Casa - Turbo,CO900473543,Almuerzos D´la Casa - Andes - Turbo,Andes,1.86,2700.0,2700.0
1/6/2026,Cali,Frost By Oreo - Turbo,CO900407399,Frost By Oreo Santa Mónica (Cali Norte) - Turbo,Santa Mónica,1.85,3000.0,3000.0
1/6/2026,Barranquilla,Alba Vegetarian - Turbo,CO900443015,Alba Vegetarian - Norte - Turbo,Barranquilla,1.84,2700.0,3000.0
1/6/2026,Bogotá,Honest Food Fdl - Turbo,CO900475459,Honest Food Andes - Turbo,Andes,1.84,2700.0,3000.0
1/6/2026,Bogotá,Burrito Cantina - Turbo,CO900467381,Burrito Cantina Usaquén - Turbo,Usaquén,1.83,2700.0,3000.0
1/6/2026,Bogotá,Burritos & Co - Turbo,CO900420642,Burritos And Co - Kennedy - Turbo,Kennedy,1.82,2700.0,3000.0
1/6/2026,Medellín,Mañanero Diario - Turbo,CO900443494,Mañanero diario Laureles - Turbo,Laureles,1.82,2700.0,3000.0
1/6/2026,Bogotá,Brunch & Munch - Turbo,CO900409674,Brunch & Munch Usaquen - Turbo,Usaquén,1.81,3000.0,3000.0
1/6/2026,Bucaramanga,Almuerzos D´la Casa - Turbo,CO900471204,Almuerzos D´la Casa - Cabecera - Turbo,Cabecera (Bga),1.78,2700.0,2700.0
1/6/2026,Cartagena,Alba Vegetarian - Turbo,CO900479519,Alba Vegetarian - Cartagena Calle 24a 329 - Turbo,Cartagena,1.77,2700.0,2700.0
1/6/2026,Bogotá,Cinnabon - Turbo,CO900416553,Cinnabon Villa Del Prado - Turbo,Villa del Prado,1.76,2700.0,3000.0
1/6/2026,Bogotá,Numa Cocina Mediterranea - Turbo,CO900463760,Cocina Mediterranea Usaquen - Turbo,Usaquén,1.75,2400.0,2400.0
1/6/2026,Bogotá,Foodology Court - Turbo,CO900465138,Foodology Cl 109 - Turbo Cl. 109 #15-28,Calle 109,1.74,3000.0,3000.0
1/6/2026,Bogotá,Burrito Cantina - Turbo,CO900470960,Burrito Cantina Kennedy - Turbo,Kennedy,1.74,3000.0,3000.0
1/6/2026,Bogotá,Señor Burrito. - Turbo,CO900471311,Señor Burrito Andes - Turbo,Andes,1.74,2400.0,2400.0
1/6/2026,Bucaramanga,Burritos & Co - Turbo,CO900426541,Burritos & Co Bucaramanga - Turbo,Cabecera (Bga),1.74,3000.0,3000.0
1/6/2026,Bogotá,Señor Burrito. - Turbo,CO900471310,Señor Burrito Kennedy - Turbo,Kennedy,1.73,3000.0,3000.0
1/6/2026,Bogotá,The Breakfast Club - Turbo,CO900475289,The Breakfast Club Usaquen - Turbo,Usaquén,1.68,3000.0,3000.0
1/6/2026,Medellín,Cacerola - Turbo,CO900416206,Cacerola Manila - Medellin - Turbo,Manila,1.68,3000.0,3000.0
1/6/2026,Barranquilla,Burritos & Co - Turbo,CO900410570,Burritos & Co Barranquilla - Turbo,Barranquilla,1.67,2700.0,3000.0
1/6/2026,Cali,Burritos & Co - Turbo,CO900473554,Burritos & Co - Ingenio - Turbo,Ingenio,1.67,2400.0,2400.0
1/6/2026,Bogotá,Acpm Corrientazo - Turbo,CO900488269,Acpm Corrientazo Arrecife - Turbo,Arrecife,1.66,3000.0,3000.0
1/6/2026,Barranquilla,Foodology Court - Turbo,CO900465150,Foodology Barranquilla Nte - Turbo Cra. 45 #85-168,Barranquilla,1.65,2700.0,3000.0
1/6/2026,Bogotá,Vicio - Turbo,CO900400178,Vicio Castellana - Turbo,Parque 93 / Castellana,1.65,2700.0,3000.0
1/6/2026,Cartagena,House Of Salads - Turbo,CO900481978,House Of Salads Cartagena - Turbo,Cartagena,1.65,2700.0,2700.0
1/6/2026,Bogotá,Avocalia Turbo,CO900420304,Avocalia - Kennedy - Turbo,Kennedy,1.64,2700.0,3000.0
1/6/2026,Bogotá,Sanduches el Jefe - Turbo,CO900419505,Sandwich el Jefe Usaquen - Turbo Calle 120A #3A11 236,Usaquén,1.62,2700.0,3000.0
1/6/2026,Medellín,Burrito Cantina - Turbo,CO900467377,Burrito Cantina Manila - Turbo,Manila,1.59,3000.0,3000.0
1/6/2026,Medellín,Brunch & Munch - Turbo,CO900405254,Brunch & Munch Manila - Medellin - Turbo,Manila,1.58,3000.0,3000.0
1/6/2026,Bogotá,Cacerola - Turbo,CO900473675,Cacerola - Andes - Turbo,Andes,1.57,2400.0,2100.0
1/6/2026,Bucaramanga,Bottaniko - Turbo,CO900443514,Bottaniko - Bucaramanga - Turbo,Cabecera (Bga),1.57,3000.0,3000.0
1/6/2026,Bogotá,Cacerola - Turbo,CO900416208,Cacerola - Villa del Prado  - Turbo,Villa del Prado,1.56,2700.0,2700.0
1/6/2026,Barranquilla,Almuerzos D´la Casa - Turbo,CO900471203,Almuerzos D´la Casa - Barranquilla Norte - Turbo,Barranquilla,1.55,3000.0,3000.0
1/6/2026,Medellín,Honest Food Fdl - Turbo,CO900472143,Honest Food Manila - Turbo,Manila,1.54,3000.0,3000.0
1/6/2026,Cartagena,Acpm Corrientazo - Turbo,CO900479517,Acpm Corrientazo Cartagena - Turbo,Cartagena,1.52,2400.0,2700.0
1/6/2026,Medellín,The Breakfast Club - Turbo,CO900475283,The Breakfast Club Manila - Turbo,Manila,1.52,3000.0,3000.0
1/6/2026,Bogotá,Monteverde - Turbo,CO900450779,Monteverde Chapinero - Turbo,Chapinero,1.51,2700.0,3000.0
1/6/2026,Bogotá,Frost By Oreo - Turbo,CO900475372,Frost By Oreo Cl 109 - Turbo,Calle 109,1.48,3000.0,3000.0
1/6/2026,Bogotá,Monteverde - Turbo,CO900449821,MonteVerde Calle 93 - Turbo,Parque 93 / Castellana,1.48,2400.0,2400.0
1/6/2026,Cartagena,Green House Fd - Turbo,CO900481820,Green House Cartagena - Turbo,Cartagena,1.46,2700.0,3000.0
1/6/2026,Bogotá,Burritos & Co - Turbo,CO900426540,Burritos & Co Andes - Turbo,Andes,1.45,2700.0,3000.0
1/6/2026,Bogotá,Avocalia Turbo,CO900473671,Avocalia Andes Mp - Turbo,Andes,1.43,2700.0,3000.0
1/6/2026,Bogotá,Avocalia Turbo,CO900401242,Avocalia - Castellana - Turbo,Parque 93 / Castellana,1.41,2400.0,2700.0
1/6/2026,Medellín,La Cuadra - Turbo,CO900416201,La Cuadra Manila - Medellin - Turbo,Manila,1.41,3000.0,3000.0
1/6/2026,Bogotá,Helados San Jerónimo - Turbo,CO900488984,Helados San Jerónimo Arrecife - Turbo,Arrecife,1.38,3000.0,3000.0
1/6/2026,Medellín,Selvatiko. - Turbo,CO900475117,Selvatiko. Manila - Turbo,Manila,1.34,3000.0,3000.0
1/6/2026,Medellín,Desayuno Mi Tierrita - Turbo,CO900465160,Desayuno Mi Tierrita Manila - Turbo,Manila,1.32,3000.0,3000.0
1/6/2026,Barranquilla,Selvatiko. - Turbo,CO900475115,Selvatiko. Barranquilla Norte - Turbo,Barranquilla,1.29,2400.0,2400.0
1/6/2026,Bogotá,Numa Cocina Mediterranea - Turbo,CO900463747,Numa Cocina Mediterranea Chapinero - Turbo,Chapinero,1.29,2400.0,2400.0
1/6/2026,Medellín,House Of Salads - Turbo,CO900445683,House Of Salad Manila - Turbo,Manila,1.29,3000.0,3000.0
1/6/2026,Bogotá,La Cuadra - Turbo,CO900426536,La Cuadra - Andes - Turbo,Andes,1.27,2700.0,3000.0
1/6/2026,Medellín,Monteverde - Turbo,CO900450776,Monteverde Manila - Turbo,Manila,1.27,3000.0,3000.0
1/6/2026,Barranquilla,Cinnabon - Turbo,CO900414571,Cinnabon Barranquilla Norte - Turbo,Barranquilla,1.25,2700.0,3000.0
1/6/2026,Medellín,Burritos & Co - Turbo,CO900410576,Burritos & Co Manila - Medellin - Turbo,Manila,1.25,3000.0,3000.0
1/6/2026,Cartagena,Honest Food Fdl - Turbo,CO900481826,Honest Food Cartagena - Turbo,Cartagena,1.24,2700.0,3000.0
1/6/2026,Medellín,Helados San Jerónimo - Turbo,CO900405135,Heladería San Jerónimo Laureles - Turbo,Laureles,1.23,2700.0,3000.0
1/6/2026,Bogotá,Alba Vegetarian - Turbo,CO900476064,Alba Vegetarian Villa Del Prado - Turbo,Villa del Prado,1.22,2700.0,3000.0
1/6/2026,Bogotá,Selvatiko. - Turbo,CO900475113,Selvatiko. Kennedy - Turbo,Kennedy,1.22,2700.0,2700.0
1/6/2026,Cali,Avocalia Turbo,CO900472745,Avocalia - Ingenio - Turbo,Ingenio,1.22,2400.0,2400.0
1/6/2026,Cartagena,La Cuadra - Turbo,CO900481970,La Cuadra - Cartagena - Turbo,Cartagena,1.21,2700.0,2700.0
1/6/2026,Bogotá,Green House Fd - Turbo,CO900438448,Green House Usaquen - Turbo,Usaquén,1.19,2700.0,3000.0
1/6/2026,Medellín,Almuerzos D´la Casa - Turbo,CO900471213,Almuerzos D´la Casa - Manila - Turbo,Manila,1.19,3000.0,3000.0
1/6/2026,Medellín,Vicio - Turbo,CO900396759,Vicio Laureles - Turbo,Laureles,1.18,2700.0,3000.0
1/6/2026,Medellín,Alba Vegetarian - Turbo,CO900443014,Alba Vegetarian - Manila - Turbo,Manila,1.17,3000.0,3000.0
1/6/2026,Bogotá,Vicio - Turbo,CO900426529,Vicio Andes - Turbo,Andes,1.16,3000.0,3000.0
1/6/2026,Cartagena,Monteverde - Turbo,CO900482005,Monteverde Cartagena - Turbo,Cartagena,1.16,2700.0,3000.0
1/6/2026,Bogotá,Foodology Court - Turbo,CO900465151,Foodology Usaquen - Turbo Cl. 120a #3,Usaquén,1.15,3000.0,3000.0
1/6/2026,Medellín,Señor Burrito. - Turbo,CO900467427,Señor Burrito Manila - Turbo,Manila,1.15,3000.0,3000.0
1/6/2026,Bogotá,Cinnabon - Turbo,CO900402238,Cinnabon Usaquén - Turbo,Usaquén,1.13,3000.0,3000.0
1/6/2026,Cali,Pret Sandwich Bistro - Turbo,CO900416171,Pret Sandwich Bistro San Fernando - Turbo,San Fernando,1.13,3000.0,3000.0
1/6/2026,Cartagena,Pret Sandwich Bistro - Turbo,CO900481996,Pret Sandwich Bistro Cartagena - Turbo,Cartagena,1.13,2400.0,2400.0
1/6/2026,Medellín,Avocalia Turbo,CO900405545,Avocalia - Manila - Turbo,Manila,1.13,3000.0,3000.0
1/6/2026,Bogotá,Almuerzos D´la Casa - Turbo,CO900471212,Almuerzos D´la Casa - Colina - Turbo,Colina,0.98,2700.0,3000.0
1/6/2026,Medellín,Vicio - Turbo,CO900405130,Vicio Manila - Turbo,Manila,0.97,3000.0,3000.0
1/6/2026,Bogotá,Mañanero Diario - Turbo,CO900475200,Mañanero Andes - Turbo,Andes,0.95,3000.0,3000.0
1/6/2026,Medellín,Pret Sandwich Bistro - Turbo,CO900416174,Pret Sándwich Bistro Manila - Turbo,Manila,0.95,3000.0,3000.0
1/6/2026,Bogotá,Honest Food Fdl - Turbo,CO900472136,Honest Food Usaquen - Turbo,Usaquén,0.93,2700.0,3000.0
1/6/2026,Bogotá,Avocalia Turbo,CO900401243,Avocalia Usaquén - Turbo,Usaquén,0.93,3000.0,3000.0
1/6/2026,Bogotá,Numa Cocina Mediterranea - Turbo,CO900463762,Cocina Mediterranea Villa Del Prado - Turbo,Villa del Prado,0.92,2400.0,2400.0
1/6/2026,Bogotá,Desayunos de la Abuela - Turbo,CO900488283,Desayunos de la Abuela Arrecife - Turbo,Arrecife,0.92,3000.0,3000.0
1/6/2026,Bogotá,Frost By Oreo - Turbo,CO900400262,Frost By Oreo Castellana - Turbo,Parque 93 / Castellana,0.92,2700.0,2700.0
1/6/2026,Bogotá,Doritos Locos By Dorito - Turbo,CO900473563,Doritos Locos By Dorito Andes - Turbo,Andes,0.9,3000.0,3000.0
1/6/2026,Bogotá,Mañanero Diario - Turbo,CO900443496,Mañanero Diario Usaquén - Turbo,Usaquén,0.88,3000.0,3000.0
1/6/2026,Cali,Bottaniko - Turbo,CO900443505,Bottaniko Cali - San Fernando - Turbo,San Fernando,0.88,2400.0,2400.0
1/6/2026,Medellín,Acpm Corrientazo - Turbo,CO900467512,Acpm Corrientazo Manila - Turbo,Manila,0.88,3000.0,3000.0
1/6/2026,Medellín,Mañanero Diario - Turbo,CO900443495,Mañanero diario Manila - Turbo,Manila,0.88,3000.0,3000.0
1/6/2026,Bogotá,Frost By Oreo - Turbo,CO900405219,Frost By Oreo Villa Del Prado - Turbo,Villa del Prado,0.87,3000.0,3000.0
1/6/2026,Bucaramanga,Mañanero Diario - Turbo,CO900443504,Mañanero diario Bucaramanga - Turbo,Cabecera (Bga),0.86,2700.0,2700.0
1/6/2026,Bucaramanga,Desayuno Mi Tierrita - Turbo,CO900465167,Desayuno Mi Tierrita - Cabecera - Turbo,Cabecera (Bga),0.83,3000.0,3000.0
1/6/2026,Medellín,Foodology Court - Turbo,CO900465147,Foodology Manila - Turbo Cra. 42 #10-65,Manila,0.83,3000.0,3000.0
1/6/2026,Bogotá,Burrito Cantina - Turbo,CO900467378,Burrito Cantina Colina - Turbo,Colina,0.8,2400.0,2400.0
1/6/2026,Cartagena,Selvatiko. - Turbo,CO900482001,Selvatiko. Cartagena - Turbo,Cartagena,0.8,2400.0,2400.0
1/6/2026,Bogotá,Helados San Jerónimo - Turbo,CO900420290,San Jeronomio - Colina - Turbo,Colina,0.79,3000.0,3000.0
1/6/2026,Cali,Vicio - Turbo,CO900473606,Vicio Ingenio - Turbo,Ingenio,0.78,2400.0,2400.0
1/6/2026,Bucaramanga,Helados San Jerónimo - Turbo,CO900426594,Heladería San Jerónimo Bucaramanga - Turbo,Cabecera (Bga),0.75,3000.0,3000.0
1/6/2026,Cali,Frost By Oreo - Turbo,CO900405217,Frost By Oreo San Fernando - Turbo,San Fernando,0.74,2700.0,3000.0
1/6/2026,Bogotá,Helados San Jerónimo - Turbo,CO900414572,Heladería San Jerónimo Villa Del Prado - Turbo,Villa del Prado,0.73,3000.0,3000.0
1/6/2026,Bogotá,Pret Sandwich Bistro - Turbo,CO900473669,Pret Sandwich Bistro Kennedy - Turbo,Kennedy,0.73,2700.0,3000.0
1/6/2026,Medellín,Frost By Oreo - Turbo,CO900396768,Frost By Oreo Laureles - Turbo,Laureles,0.7,2700.0,3000.0
1/6/2026,Bogotá,Mañanero Diario - Turbo,CO900475199,Mañanero Kennedy - Turbo,Kennedy,0.69,2400.0,2700.0
1/6/2026,Cali,Helados San Jerónimo - Turbo,CO900405136,Heladería San Jerónimo San Fernando - Turbo,San Fernando,0.69,3000.0,3000.0
1/6/2026,Barranquilla,Helados San Jerónimo - Turbo,CO900410462,Heladería San Jerónimo Barranquilla Norte - Turbo,Barranquilla,0.68,3000.0,3000.0
1/6/2026,Bogotá,Frost By Oreo - Turbo,CO900409684,Frost By Oreo Chapinero - Turbo,Chapinero,0.68,2700.0,3000.0
1/6/2026,Bucaramanga,Frost By Oreo - Turbo,CO900426531,Frost by Oreo Bucaramanga - Turbo,Cabecera (Bga),0.68,3000.0,3000.0
1/6/2026,Bogotá,Vicio - Turbo,CO900420288,Vicio Kennedy - Turbo,Kennedy,0.67,3000.0,3000.0
1/6/2026,Cartagena,Vicio - Turbo,CO900482006,Vicio Cartagena - Turbo,Cartagena,0.67,3000.0,3000.0
1/6/2026,Cartagena,Almuerzos D´la Casa - Turbo,CO900479595,Almuerzos D´la Casa - Cartagena - Turbo,Cartagena,0.67,2400.0,2400.0
1/6/2026,Barranquilla,Vicio - Turbo,CO900410120,Vicio Barranquilla Norte - Turbo,Barranquilla,0.65,3000.0,3000.0
1/6/2026,Cartagena,Bottaniko - Turbo,CO900480013,Bottaniko - Cartagena - Turbo,Cartagena,0.65,2400.0,2400.0
1/6/2026,Barranquilla,Cacerola - Turbo,CO900416210,Cacerola Barranquilla - Turbo,Barranquilla,0.63,3000.0,3000.0
1/6/2026,Bogotá,House Of Salads - Turbo,CO900445678,House Of Salad Usaquen - Turbo,Usaquén,0.63,2700.0,3000.0
1/6/2026,Bogotá,Monteverde - Turbo,CO900450766,Monteverde Usaquen - Turbo,Usaquén,0.6,3000.0,3000.0
1/6/2026,Bogotá,House Of Salads - Turbo,CO900476071,House Of Salads Kennedy - Turbo,Kennedy,0.6,2400.0,2400.0
1/6/2026,Cali,Burrito Cantina - Turbo,CO900467382,Burrito Cantina Santa Mónica (Cali Norte) - Turbo,Santa Mónica,0.6,2700.0,3000.0
1/6/2026,Bogotá,Almuerzos D´la Casa - Turbo,CO900464931,Almuerzos D´la Casa - Usaquen - Turbo,Usaquén,0.59,2700.0,3000.0
1/6/2026,Bogotá,Vicio - Turbo,CO900420289,Vicio Colina - Turbo,Colina,0.59,3000.0,3000.0
1/6/2026,Bogotá,Helados San Jerónimo - Turbo,CO900426595,Heladería San Jerónimo Andes - Turbo,Andes,0.59,3000.0,3000.0
1/6/2026,Bogotá,Doritos Locos By Dorito - Turbo,CO900472107,Doritos Locos By Dorito Calle 93 - Turbo,Parque 93 / Castellana,0.58,2700.0,2700.0
1/6/2026,Bogotá,Helados San Jerónimo - Turbo,CO900409698,Heladería San Jerónimo Chapinero - Turbo,Chapinero,0.56,3000.0,3000.0
1/6/2026,Cartagena,Helados San Jerónimo - Turbo,CO900481999,Heladería San Jerónimo Cartagena - Turbo,Cartagena,0.56,3000.0,3000.0
1/6/2026,Bogotá,Foodology Court - Turbo,CO900465154,Foodology Villa Del Prado - Turbo Cra. 55 #172-27,Villa del Prado,0.55,2400.0,2400.0
1/6/2026,Cali,Ñamgucheria Sandwiches - Turbo,CO900473581,Ñamguchería Ingenio Calle 83c - Turbo,Ingenio,0.55,2400.0,2400.0
1/6/2026,Bogotá,Desayuno Mi Tierrita - Turbo,CO900465161,Desayuno Mi Tierrita - 93 - Turbo,Parque 93 / Castellana,0.53,3000.0,3000.0
1/6/2026,Barranquilla,Acpm Corrientazo - Turbo,CO900467508,Acpm Corrientazo Barranquilla Norte - Turbo,Barranquilla,0.51,3000.0,3000.0
1/6/2026,Bogotá,Mañanero Diario - Turbo,CO900443502,Mañanero diario Villa del Prado - Turbo,Villa del Prado,0.5,2700.0,2700.0
1/6/2026,Bogotá,Helados San Jerónimo - Turbo,CO900420291,Heladería San Jerónimo Kennedy - Turbo,Kennedy,0.5,3000.0,3000.0
1/6/2026,Bogotá,Burrito Cantina - Turbo,CO900470961,Burrito Cantina Andes - Turbo,Andes,0.5,2400.0,2400.0
1/6/2026,Bogotá,Vicio - Turbo,CO900409686,Vicio Chapinero - Turbo,Chapinero,0.5,2700.0,3000.0
1/6/2026,Cali,Honest Food Fdl - Turbo,CO900475461,Honest Food Ingenio - Turbo,Ingenio,0.47,2400.0,2400.0
1/6/2026,Cartagena,Desayuno Mi Tierrita - Turbo,CO900481379,Desayuno Mi Tierrita Cartagena - Turbo,Cartagena,0.47,2400.0,2400.0
1/6/2026,Barranquilla,Frost By Oreo - Turbo,CO900410135,Frost By Oreo Barranquilla Norte - Turbo,Barranquilla,0.45,3000.0,3000.0
1/6/2026,Bogotá,Acpm Corrientazo - Turbo,CO900467510,Acpm Corrientazo Villa Del Prado - Turbo,Villa del Prado,0.45,2400.0,2400.0
1/6/2026,Bogotá,Frost By Oreo - Turbo,CO900400261,Frost By Oreo Usaquén - Turbo,Usaquén,0.45,3000.0,3000.0
1/6/2026,Cali,Vicio - Turbo,CO900405131,Vicio San Fernando - Turbo,San Fernando,0.43,2700.0,3000.0
1/6/2026,Bogotá,Frost By Oreo - Turbo,CO900426530,Frost by Oreo Andes - Turbo,Andes,0.42,3000.0,3000.0
1/6/2026,Cali,Cinnabon - Turbo,CO900475098,Cinnabon Ingenio - Turbo,Ingenio,0.42,2400.0,2700.0
1/6/2026,Bogotá,Doritos Locos By Dorito - Turbo,CO900472102,Doritos Locos By Dorito Usaquen - Turbo,Usaquén,0.4,3000.0,3000.0
1/6/2026,Bogotá,Helados San Jerónimo - Turbo,CO900400750,Heladería San Jerónimo Castellana - Turbo Calle 93  247,Parque 93 / Castellana,0.36,3000.0,3000.0
1/6/2026,Bogotá,Acpm Corrientazo - Turbo,CO900467506,Acpm Corrientazo Usaquén - Turbo,Usaquén,0.35,3000.0,3000.0
1/6/2026,Cartagena,Burrito Cantina - Turbo,CO900481034,Burrito Cantina Cartagena - Turbo,Cartagena,0.35,2400.0,2400.0
1/6/2026,Cali,Foodology Court - Turbo,CO900473569,Foodology Ingenio - Turbo,Ingenio,0.32,2400.0,2700.0
1/6/2026,Bogotá,Burrito Cantina - Turbo,CO900467379,Burrito Cantina Villa del Prado - Turbo,Villa del Prado,0.31,2700.0,2700.0
1/6/2026,Bogotá,Vicio - Turbo,CO900400179,Vicio Usaquén - Turbo,Usaquén,0.31,3000.0,3000.0
1/6/2026,Medellín,Helados San Jerónimo - Turbo,CO900405137,Heladería San Jerónimo Manila - Turbo,Manila,0.31,3000.0,3000.0
1/6/2026,Bogotá,la Cuadra Desayunos Caseros - Turbo,CO900467497,La Cuadra Desayunos Caseros 93 - Turbo,Parque 93 / Castellana,0.28,3000.0,3000.0
1/6/2026,Bogotá,Helados San Jerónimo - Turbo,CO900400749,San Jeronimo - Usaquén - Turbo,Usaquén,0.26,3000.0,3000.0
1/6/2026,Bogotá,Frost By Oreo - Turbo,CO900420277,Frost By Oreo Kennedy - Turbo,Kennedy,0.25,3000.0,3000.0
1/6/2026,Medellín,Frost By Oreo - Turbo,CO900405218,Frost By Oreo Manila - Turbo,Manila,0.21,3000.0,3000.0
1/6/2026,Cartagena,la Cuadra Desayunos Caseros - Turbo,CO900481966,La Cuadra Desayunos Caseros Cartagena - Turbo,Cartagena,0.15,2400.0,3000.0
1/6/2026,Bogotá,Bottaniko - Turbo,CO900475791,Bottaniko - Andes - Turbo,Andes,0.13,2700.0,3000.0
1/6/2026,Cali,Pret Sandwich Bistro - Turbo,CO900416178,Pret Sándwich Bistro Santa Monica - Turbo,Santa Mónica,8.0,2700.0,1000
1/6/2026,Bogotá,Dembow - Turbo,CO900476018,Dembow Chico - Turbo,Chicó,8.0,2400.0,2400.0
1/6/2026,Cali,Brunch & Munch - Turbo,CO900407412,Brunch And Munch Santa Monica - Cali - Turbo,Santa Mónica,7.0,2400.0,2100.0
1/6/2026,Bucaramanga,Pret Sandwich Bistro - Turbo,CO900442050,Pret Sandwich Bistro Cabecera - Turbo,Cabecera (Bga),7.0,3000.0,3000.0
1/6/2026,Cali,Vicio - Turbo,CO900407402,Vicio Santa Mónica (Cali Norte) - Turbo,Santa Mónica,6.0,3000.0,2700.0
1/6/2026,Bogotá,Mr Beast Burger - Turbo,CO900488966,Mr Beast Burger Arrecife - Turbo,Arrecife,6.0,3000.0,2700.0
1/6/2026,Cali,Ñamgucheria Sandwiches - Turbo,CO900439224,Ñamguchería Santa Monica - Turbo,Santa Mónica,6.0,2400.0,2100.0
1/6/2026,Bogotá,Desayuno Mi Tierrita - Turbo,CO900465162,Desayunos Mi Tierrita - Villa del prado - Turbo,Villa del Prado,6.0,2400.0,2400.0
1/6/2026,Bogotá,Desayuno Mi Tierrita - Turbo,CO900465163,Desayuno Mi Tierrita Chapinero - Turbo,Chapinero,6.0,2400.0,2400.0
1/6/2026,Cali,Sanduches el Jefe - Turbo,CO900419504,Sandwich el Jefe Santa Monica - Turbo Poke Cali 2639,Santa Mónica,5.0,2400.0,2100.0
1/6/2026,Cali,The Breakfast Club - Turbo,CO900475210,The Breakfast Club Santa Monica - Turbo,Santa Mónica,5.0,2400.0,2100.0
1/6/2026,Bogotá,Pret Sandwich Bistro - Turbo,CO900416177,Pret Sandwich Bistro Villa del Prado - Turbo,Villa del Prado,5.0,2700.0,2400.0
1/6/2026,Barranquilla,Ñamgucheria Sandwiches - Turbo,CO900439221,Ñamguchería Barranquilla Norte - Turbo,Barranquilla,5.0,2400.0,2100.0
1/6/2026,Bogotá,Green House Fd - Turbo,CO900438442,Green House Colina - Turbo,Colina,4.0,2400.0,2100.0
1/6/2026,Bucaramanga,Sanduches el Jefe - Turbo,CO900427117,Sandwich El Jefe Bucaramanga - Turbo,Cabecera (Bga),4.0,2700.0,2700.0
1/6/2026,Bogotá,Green House Fd - Turbo,CO900463819,Green House Cl 109 - Turbo,Calle 109,4.0,2400.0,2400.0
1/6/2026,Bucaramanga,Mr Beast Burger - Turbo,CO900428937,Mr Beast Bucaramanga - Turbo,Cabecera (Bga),4.0,2700.0,2400.0
1/6/2026,Bogotá,The Breakfast Club - Turbo,CO900475284,The Breakfast Club Chapinero - Turbo,Chapinero,4.0,2400.0,2400.0
1/6/2026,Bogotá,La Cuadra - Turbo,CO900488957,la Cuadra Arrecife - Turbo,Arrecife,4.0,3000.0,2700.0
1/6/2026,Bogotá,Mr Beast Burger - Turbo,CO900428938,Mr Beast Andes - Turbo,Andes,4.0,2700.0,2700.0
1/6/2026,Bogotá,Bottaniko - Turbo,CO900464153,Bottaniko Cl 109 - Turbo,Calle 109,3.0,2700.0,3000.0
1/6/2026,Bogotá,La Cuadra - Turbo,CO900464605,La Cuadra Cl 109 - Turbo,Calle 109,3.0,2400.0,2700.0
1/6/2026,Barranquilla,Desayunos de la Abuela - Turbo,CO900446308,Desayunos de la Abuela Barranquilla - Turbo CHURNEADO,Barranquilla,3.0,2400.0,2700.0
1/6/2026,Bogotá,Desayuno Mi Tierrita - Turbo,CO900470918,Desayuno Mi Tierrita Andes - Turbo,Andes,3.0,2400.0,2400.0
1/6/2026,Bucaramanga,Desayunos de la Abuela - Turbo,CO900446313,Desayunos de la Abuela Cabecera - Turbo,Cabecera (Bga),3.0,2700.0,3000.0
1/6/2026,Bogotá,Almuerzos D´la Casa - Turbo,CO900477128,Almuerzos D´la Casa Cl 109 - Turbo,Calle 109,3.0,2400.0,2400.0
1/6/2026,Bogotá,Señor Burrito. - Turbo,CO900467422,Señor Burrito Colina - Turbo,Colina,3.0,3000.0,2700.0
1/6/2026,Bogotá,Selvatiko. - Turbo,CO900475359,Selvatiko Cl 109 - Turbo,Calle 109,3.0,2700.0,3000.0
1/6/2026,Cali,Selvatiko. - Turbo,CO900475120,Selvatiko. San Fernando - Turbo,San Fernando,3.0,2400.0,2400.0
1/6/2026,Medellín,Ñamgucheria Sandwiches - Turbo,CO900439222,Ñamguchería Laureles - Turbo,Laureles,3.0,2700.0,2700.0
1/6/2026,Bogotá,Frost By Oreo - Turbo,CO900419498,Frost By Oreo Chico - Turbo,Chicó,2.0,3000.0,3000.0
1/6/2026,Bogotá,House Of Salads - Turbo,CO900445607,House Of Salad Calle 93 - Turbo,Parque 93 / Castellana,2.0,2400.0,2700.0
1/6/2026,Bucaramanga,Avocalia Turbo,CO900427112,Avocalia Bucaramanga - Turbo,Cabecera (Bga),2.0,3000.0,3000.0
1/6/2026,Bogotá,Alba Vegetarian - Turbo,CO900475221,Alba Vegetarian - Andes - Turbo,Andes,2.0,2700.0,2700.0
1/6/2026,Bogotá,Desayunos de la Abuela - Turbo,CO900446311,Desayunos de la Abuela Chapinero - Turbo,Chapinero,2.0,2700.0,2700.0
1/6/2026,Medellín,Pret Sandwich Bistro - Turbo,CO900416173,Pret Sándwich Bistro Laureles - Turbo Calle,Laureles,2.0,2700.0,3000.0
1/6/2026,Bogotá,Alba Vegetarian - Turbo,CO900443017,Alba Vegetarian - Calle 93 - Turbo,Parque 93 / Castellana,2.0,2700.0,3000.0
1/6/2026,Bucaramanga,Green House Fd - Turbo,CO900438445,Green House Bucaramanga - Turbo,Cabecera (Bga),2.0,2700.0,3000.0
1/6/2026,Bucaramanga,Cinnabon - Turbo,CO900426807,Cinnabon Bucaramanga - Turbo,Cabecera (Bga),2.0,3000.0,3000.0
1/6/2026,Bogotá,Acpm Corrientazo - Turbo,CO900470917,Acpm Corrientazo Kennedy - Turbo,Kennedy,2.0,3000.0,3000.0
1/6/2026,Medellín,Bottaniko - Turbo,CO900443506,Bottaniko Laureles - Turbo,Laureles,2.0,2700.0,3000.0
1/6/2026,Bogotá,Cacerola - Turbo,CO900464389,Cacerola Cl 109 - Turbo,Calle 109,2.0,3000.0,3000.0
1/6/2026,Bogotá,Bottaniko - Turbo,CO900443511,Bottaniko - Villa del Prado - Turbo,Villa del Prado,2.0,2700.0,2700.0
1/6/2026,Bogotá,Selvatiko. - Turbo,CO900475121,Selvatiko. Andes - Turbo,Andes,2.0,2700.0,2700.0
1/6/2026,Bogotá,Monteverde - Turbo,CO900489032,Monteverde Arrecife - Turbo,Arrecife,2.0,3000.0,3000.0
1/6/2026,Bogotá,Foodology Court - Turbo,CO900465146,Foodology Chapinero - Turbo Cra. 8 #66-88,Chapinero,2.0,3000.0,3000.0
1/6/2026,Bogotá,Almuerzos D´la Casa - Turbo,CO900471209,Almuerzos D´la Casa - 93 - Turbo,Parque 93 / Castellana,2.0,2700.0,2700.0
1/6/2026,Bogotá,Bottaniko - Turbo,CO900443507,Bottaniko Chapinero - Turbo,Chapinero,2.0,2400.0,2400.0
1/6/2026,Barranquilla,Bottaniko - Turbo,CO900443515,Bottaniko Barranquilla - Turbo,Barranquilla,2.0,3000.0,3000.0
1/6/2026,Bogotá,House Of Salads - Turbo,CO900476070,House Of Salads Andes - Turbo,Andes,2.0,2400.0,2700.0
1/6/2026,Bogotá,Avocalia Turbo,CO900409671,Avocalia Chapinero - Turbo,Chapinero,2.0,2700.0,3000.0
1/6/2026,Bogotá,Alba Vegetarian - Turbo,CO900443012,Alba Vegetarian - Usaquen - Turbo,Usaquén,1.0,2700.0,3000.0
1/6/2026,Bogotá,Pret Sandwich Bistro - Turbo,CO900416175,Pret Sándwich Bistro Usaquen - Turbo,Usaquén,1.0,3000.0,3000.0
1/6/2026,Cartagena,Burritos & Co - Turbo,CO900481037,Burritos & Co - Cartagena - Turbo,Cartagena,1.0,2700.0,3000.0
1/6/2026,Bucaramanga,Acpm Corrientazo - Turbo,CO900467507,Acpm Corrientazo Bucaramanga - Turbo,Cabecera (Bga),1.0,3000.0,3000.0
1/6/2026,Cali,Bottaniko - Turbo,CO900443509,Bottaniko Santa Monica - Cali - Turbo,Santa Mónica,1.0,3000.0,3000.0
1/6/2026,Medellín,Dembow - Turbo,CO900473643,Dembow - Laureles - Turbo,Laureles,1.0,2700.0,3000.0
1/6/2026,Bogotá,Monteverde - Turbo,CO900476065,Monteverde Kennedy - Turbo,Kennedy,1.0,2700.0,3000.0
1/6/2026,Bogotá,Doritos Locos By Dorito - Turbo,CO900473565,Doritos Locos By Dorito Kennedy - Turbo,Kennedy,1.0,2400.0,2700.0
1/6/2026,Medellín,Burrito Cantina - Turbo,CO900467385,Burrito Cantina Laureles - Turbo,Laureles,1.0,2700.0,3000.0
1/6/2026,Barranquilla,Señor Burrito. - Turbo,CO900467425,Señor Burrito Barranquilla Norte - Turbo,Barranquilla,1.0,3000.0,3000.0
1/6/2026,Cartagena,Avocalia Turbo,CO900480008,Avocalia - Cartagena - Turbo,Cartagena,1.0,2700.0,3000.0
1/6/2026,Bogotá,Burritos & Co - Turbo,CO900410574,Burritos And Co - Calle 174 - Turbo,Otra,1.0,2400.0,2700.0
1/6/2026,Bogotá,Ñamgucheria Sandwiches - Turbo,CO900439226,Ñamguchería Usaquen - Turbo,Usaquén,1.0,3000.0,3000.0
1/6/2026,Medellín,Acpm Corrientazo - Turbo,CO900467505,Acpm Corrientazo Laureles - Turbo,Laureles,1.0,2700.0,3000.0
1/6/2026,Barranquilla,Numa Cocina Mediterranea - Turbo,CO900463755,Cocina Mediterranea Barranquilla - Turbo,Barranquilla,1.0,2400.0,2700.0
1/6/2026,Bogotá,Vicio - Turbo,CO900405129,Vicio Villa Del Prado - Turbo,Villa del Prado,1.0,3000.0,3000.0
1/6/2026,Bogotá,La Cuadra - Turbo,CO900416194,La Cuadra - Usaquén - Turbo,Usaquén,1.0,2700.0,3000.0
1/6/2026,Bogotá,Burritos & Co - Turbo,CO900410575,Burritos & Co Usaquen - Turbo,Usaquén,1.0,3000.0,3000.0
1/6/2026,Bogotá,Doritos Locos By Dorito - Turbo,CO900472112,Doritos Locos By Dorito Chapinero - Turbo,Chapinero,1.0,2700.0,2700.0
1/6/2026,Bogotá,Señor Burrito. - Turbo,CO900467416,Señor Burrito Usaquen - Turbo,Usaquén,1.0,3000.0,3000.0
1/6/2026,Bucaramanga,Alba Vegetarian - Turbo,CO900443010,Alba Vegetarian - Cabecera - Turbo,Cabecera (Bga),1.0,3000.0,3000.0
1/6/2026,Medellín,Bottaniko - Turbo,CO900443512,Bottaniko Manila - Medellin - Turbo,Manila,1.0,3000.0,3000.0
1/6/2026,Bogotá,Desayuno Mi Tierrita - Turbo,CO900488770,Desayuno Mi Tierrita Arrecife - Turbo,Arrecife,1.0,3000.0,3000.0
1/6/2026,Bogotá,Burrito Cantina - Turbo,CO900465172,Burrito Cantina Cl 109 - Turbo,Calle 109,1.0,2400.0,2400.0
1/6/2026,Bogotá,Acpm Corrientazo - Turbo,CO900464911,Acpm Corrientazo Chapinero - Turbo,Chapinero,1.0,2400.0,2400.0
1/6/2026,Medellín,Cinnabon - Turbo,CO900405125,Cinnabon Manila - Turbo,Manila,1.0,3000.0,3000.0
1/6/2026,Bogotá,Burritos & Co - Turbo,CO900488278,Burritos & Co Arrecife - Turbo,Arrecife,1.0,3000.0,3000.0
1/6/2026,Bogotá,Frost By Oreo - Turbo,CO900420276,Frost by Oreo Colina - Turbo,Colina,1.0,3000.0,3000.0
1/6/2026,Bogotá,Pret Sandwich Bistro - Turbo,CO900473670,Pret Sandwich Bistro Andes - Turbo,Andes,1.0,3000.0,3000.0
1/6/2026,Cali,Mañanero Diario - Turbo,CO900443493,Mañanero diario San Fernando - Turbo,San Fernando,0.0,2400.0,3000.0
1/6/2026,Barrancabermeja,Frost By Oreo - Turbo,CO900428417,Frost by Oreo Bucaramanga - Turbo. CHURNEADO,Cabecera (Bga),,1000,1000
1/6/2026,Barranquilla,Doritos Locos By Dorito - Turbo,CO900472105,Doritos Locos By Dorito Barranquilla - Turbo,Barranquilla,,2400.0,2400.0
1/6/2026,Barranquilla,la Cuadra Desayunos Caseros - Turbo,CO900467494,La Cuadra Desayunos Caseros Barranquilla Norte - Turbo,Barranquilla,,2400.0,2400.0
1/6/2026,Barranquilla,Get Smashed Burgers - Turbo,CO900416438,Get Smash Barranquilla Nte - Turbo,Barranquilla,,2400.0,2400.0
1/6/2026,Barranquilla,The Crunch Pizza - Turbo,CO900416204,The Crunch Barranquilla Turbo,Barranquilla,,2400.0,2400.0
1/6/2026,Barranquilla,Ihop - Turbo,CO900420705,Ihop Barranquilla Norte - Turbo,Barranquilla,,2400.0,2400.0
1/6/2026,Barranquilla,Local Cocina Consciente - Turbo,CO900477106,Local - Cocina Consciente Barranquilla - Turbo,Barranquilla,,2400.0,2400.0
1/6/2026,Barranquilla,la Panquequeria - Turbo,CO900482236,La Panquequería Barranquilla Norte - Turbo,Barranquilla,,2400.0,2400.0
1/6/2026,Bogotá,Local Cocina Consciente - Turbo,CO900477101,Local Cocina Consciente Cl 109 - Turbo,Calle 109,,2400.0,2400.0
1/6/2026,Bogotá,Doritos Locos By Dorito - Turbo,CO900472111,Doritos Locos By Dorito Cl 109 - Turbo,Calle 109,,2400.0,2400.0
1/6/2026,Bogotá,Acpm Corrientazo - Turbo,CO900464913,Acpm Corrientazo Cl 109 - Turbo,Calle 109,,2400.0,2400.0
1/6/2026,Bogotá,Que Chicken By Robegrill - Turbo,CO900463820,Que Chicken Cl 109 - Turbo,Calle 109,,2400.0,2400.0
1/6/2026,Bogotá,Burrito Cantina - Turbo,CO900467515,Burrito Cantina Cl 109 - Turbo Cl. 109 #15-28,Calle 109,,2400.0,2400.0
1/6/2026,Bogotá,Ihop - Turbo,CO900463765,Ihop® - Cl 109 - Turbo,Calle 109,,2400.0,2400.0
1/6/2026,Bogotá,Helados San Jerónimo - Turbo,CO900464391,Helados San Jerónimo Cl 109 - Turbo,Calle 109,,2400.0,2400.0
1/6/2026,Bogotá,Numa Cocina Mediterranea - Turbo,CO900463768,Numa Cocina Consciente Cl 109 - Turbo,Calle 109,,2400.0,2400.0
1/6/2026,Bogotá,la Cuadra Desayunos Caseros - Turbo,CO900464914,la Cuadra - Cl 109 - Turbo,Calle 109,,2400.0,2400.0
1/6/2026,Bogotá,The Crunch Pizza - Turbo,CO900416180,The Crunch Castellana - Turbo,Parque 93 / Castellana,,2400.0,2400.0
1/6/2026,Bogotá,Get Smashed Burgers - Turbo,CO900416431,Get Smash Castellana - Turbo,Parque 93 / Castellana,,2400.0,2400.0
1/6/2026,Bogotá,Doritos Locos By Dorito - Turbo,CO900472110,Doritos Locos By Dorito Villa Del Prado - Turbo,Villa del Prado,,2400.0,2400.0
1/6/2026,Bogotá,The Crunch Pizza - Turbo,CO900416179,The Crunch - Villa del Prado - Turbo,Villa del Prado,,2400.0,2400.0
1/6/2026,Bogotá,Ihop - Turbo,CO900420703,Ihop Villa del prado - Turbo,Villa del Prado,,2400.0,2400.0
1/6/2026,Bogotá,Almuerzos D´la Casa - Turbo,CO900471206,Almuerzos D` la Casa - Villa del Prado - Turbo,Villa del Prado,,2400.0,2400.0
1/6/2026,Bogotá,Get Smashed Burgers - Turbo,CO900416433,Get Smash Villa del Prado - Turbo,Villa del Prado,,2400.0,2400.0
1/6/2026,Bogotá,The Crunch Pizza - Turbo,CO900416182,The Crunch Chapinero - Turbo,Chapinero,,2400.0,2400.0
1/6/2026,Bogotá,Desayunos de la Abuela - Turbo,CO900446319,Desayunos de la Abuela Usaquen - Turbo,Usaquén,,2400.0,2400.0
1/6/2026,Bogotá,Ihop - Turbo,CO900420702,Ihop Usaquén - Turbo,Usaquén,,2400.0,2400.0
1/6/2026,Bogotá,Local Cocina Consciente - Turbo,CO900477110,Local - Cocina Consciente Usaquen - Turbo,Usaquén,,3000.0,3000.0
1/6/2026,Bogotá,Get Smashed Burgers - Turbo,CO900416432,Get Smash Usaquen - Turbo,Usaquén,,2400.0,2400.0
1/6/2026,Bogotá,Selvatiko. - Turbo,CO900475122,Selvatiko. Usaquén - Turbo,Usaquén,,2400.0,2400.0
1/6/2026,Bogotá,Bottaniko - Turbo,CO900443510,Bottaniko Usaquen - Turbo,Usaquén,,2400.0,2400.0
1/6/2026,Bogotá,Bottaniko - Turbo,CO900488274,Bottaniko Arrecife - Turbo,Arrecife,,3000.0,3000.0
1/6/2026,Bogotá,The Breakfast Club - Turbo,CO900489002,The Breakfast Club Arrecife - Turbo,Arrecife,,3000.0,3000.0
1/6/2026,Bogotá,Selvatiko. - Turbo,CO900488992,Selvatiko Arrecife - Turbo,Arrecife,,3000.0,3000.0
1/6/2026,Bogotá,Mañanero Diario - Turbo,CO900488961,Mañanero Diario Arrecife - Turbo,Arrecife,,3000.0,3000.0
1/6/2026,Bogotá,Cinnabon - Turbo,CO900488282,Cinnabon Arrecife - Turbo,Arrecife,,3000.0,3000.0
1/6/2026,Bogotá,Ñamgucheria Sandwiches - Turbo,CO900488970,Ñamgucheria Arrecife - Turbo,Arrecife,,3000.0,3000.0
1/6/2026,Bogotá,Get Smashed Burgers - Turbo,CO900416434,Get Smash Chapinero - Turbo,Chapinero,,2400.0,2400.0
1/6/2026,Bogotá,Helados San Jerónimo - Turbo,CO900415622,San Jerónimo Chicó - Turbo,Chicó,,2400.0,2400.0
1/6/2026,Bogotá,Monteverde - Turbo,CO900450762,Monteverde Chico - Turbo,Chicó,,2400.0,2400.0
1/6/2026,Bogotá,Numa Cocina Mediterranea - Turbo,CO900463757,Cocina Mediterranea Chico - Turbo,Chicó,,2400.0,2400.0
1/6/2026,Bogotá,Acpm Corrientazo - Turbo,CO900476074,Acpm Corrientazo Chico - Turbo,Chicó,,2400.0,2400.0
1/6/2026,Bogotá,Doritos Locos By Dorito - Turbo,CO900472113,Doritos Locos By Dorito Chico - Turbo,Chicó,,2400.0,2400.0
1/6/2026,Bogotá,Foodology Court - Turbo,CO900476023,Foodology Chico - Turbo,Chicó,,3000.0,3000.0
1/6/2026,Bogotá,Vicio - Turbo,CO900415608,Vicio Chicó - Turbo,Chicó,,2400.0,2400.0
1/6/2026,Bogotá,Local Cocina Consciente - Turbo,CO900477105,Local - Cocina Consciente Chico - Turbo,Chicó,,2400.0,2400.0
1/6/2026,Bogotá,Green House Fd - Turbo,CO900438441,Green House Chico - Turbo,Chicó,,2400.0,2400.0
1/6/2026,Bogotá,Honest Food Fdl - Turbo,CO900472140,Honest Food Chico - Turbo,Chicó,,2400.0,2400.0
1/6/2026,Bogotá,Burrito Cantina - Turbo,CO900475794,Burrito Cantina Chico - Turbo,Chicó,,2400.0,2400.0
1/6/2026,Bogotá,la Cuadra Desayunos Caseros - Turbo,CO900467498,La Cuadra Desayunos Caseros Colina - Turbo,Colina,,2400.0,2400.0
1/6/2026,Bogotá,Local Cocina Consciente - Turbo,CO900477102,Local - Cocina Consciente Colina - Turbo,Colina,,2400.0,2400.0
1/6/2026,Bogotá,Doritos Locos By Dorito - Turbo,CO900472104,Doritos Locos By Dorito Colina - Turbo,Colina,,2400.0,2400.0
1/6/2026,Bogotá,Cinnabon - Turbo,CO900476079,Cinnabon Kennedy - Turbo,Kennedy,,2400.0,2400.0
1/6/2026,Bogotá,Local Cocina Consciente - Turbo,CO900477103,Local - Cocina Consciente Kennedy - Turbo,Kennedy,,2400.0,2400.0
1/6/2026,Bogotá,Desayuno Mi Tierrita - Turbo,CO900470919,Desayunos Mi Tierrita - Kennedy - Turbo,Kennedy,,2400.0,2400.0
1/6/2026,Bogotá,Ihop - Turbo,CO900426538,IHOP® Andes - Turbo,Andes,,2400.0,2400.0
1/6/2026,Bogotá,Cinnabon - Turbo,CO900475096,Cinnabon Andes - Turbo,Andes,,2400.0,2400.0
1/6/2026,Bogotá,Foodology Court - Turbo,CO900471303,Foodology Andes - Turbo,Andes,,2400.0,2400.0
1/6/2026,Bogotá,Cinnabon - Turbo,CO900402239,Cinnabon Castellana   - Turbo,Parque 93 / Castellana,,2700.0,2700.0
1/6/2026,Bogotá,Mañanero Diario - Turbo,CO900443501,Mañanero diario Castellana - Turbo,Parque 93 / Castellana,,2400.0,2400.0
1/6/2026,Bogotá,Cinnabon - Turbo,CO900476017,Cinnabon Calle 93 - Turbo,Parque 93 / Castellana,,2400.0,2400.0
1/6/2026,Bogotá,Ihop - Turbo,CO900420704,Ihop Chapinero- Turbo,Chapinero,,2400.0,2400.0
1/6/2026,Bogotá,Local Cocina Consciente - Turbo,CO900477104,Local - Cocina Consciente Chapinero - Turbo,Chapinero,,2400.0,2400.0
1/6/2026,Bogotá,la Cuadra Desayunos Caseros - Turbo,CO900464912,La Cuadra Desayunos Caseros Chapinero - Turbo,Chapinero,,2400.0,2400.0
1/6/2026,Bogotá,Green House Fd - Turbo,CO900481564,Green House Engativa - Turbo,Engativá,,2400.0,2400.0
1/6/2026,Bogotá,Mr Beast Burger - Turbo,CO900478983,Mr Beast Plaza Claro - Turbo,Plaza Claro,,2400.0,2400.0
1/6/2026,Bogotá,Burger Lane - Turbo,CO900442999,Burger Lane Usaquen - Turbo,Usaquén,,2400.0,2400.0
1/6/2026,Bogotá,Señor Burrito. - Turbo,CO900477635,Señor Burrito Chico - Turbo,Chicó,,2400.0,2400.0
1/6/2026,Bogotá,Get Smashed Burgers - Turbo,CO900476585,Get Smashed Burgers Chico - Turbo,Chicó,,2400.0,2400.0
1/6/2026,Bogotá,Burritos & Co - Turbo,CO900473555,Burritos & Co - Engativa - Turbo,Engativá,,2400.0,2400.0
1/6/2026,Bogotá,La Cuadra - Turbo,CO900473138,la Cuadra - Engativa - Turbo,Engativá,,2400.0,2400.0
1/6/2026,Bogotá,Foodology Court - Turbo,CO900465143,Foodology Engativa - Turbo Cra. 98b #71b-39,Engativá,,2400.0,2400.0
1/6/2026,Bogotá,Desayunos de la Abuela - Turbo,CO900446314,Desayunos de la Abuela Engativa - Turbo,Engativá,,2400.0,2400.0
1/6/2026,Bogotá,Panquequeria - Turbo,CO900471323,Panquequeria Chico - Turbo,Chicó,,2400.0,2400.0
1/6/2026,Bogotá,la Cuadra Desayunos Caseros - Turbo,CO900467496,La Cuadra Desayunos Caseros Engativa - Turbo,Engativá,,2400.0,2400.0
1/6/2026,Bogotá,la Panquequeria - Turbo,CO900482232,La Panquequería Colina - Turbo,Colina,,2400.0,2400.0
1/6/2026,Bogotá,Burger Lane - Turbo,CO900442989,Burger Lane Andes - Turbo,Andes,,2400.0,2400.0
1/6/2026,Bogotá,Acpm Corrientazo - Turbo,CO900477809,Acpm Corrientazo Plaza Claro - Turbo,Plaza Claro,,2400.0,2400.0
1/6/2026,Bogotá,Mañanero Diario - Turbo,CO900478978,Mañanero Diario Plaza Claro - Turbo,Plaza Claro,,2400.0,2400.0
1/6/2026,Bogotá,Burger Lane - Turbo,CO900442992,Burger Lane Colina - Turbo,Colina,,2400.0,2400.0
1/6/2026,Bogotá,la Panquequeria - Turbo,CO900482237,La Panquequería Chicó - Turbo,Chicó,,2400.0,2400.0
1/6/2026,Bogotá,Cinnabon - Turbo,CO900428404,Cinnabon Prueba Chapinero - Turbo,Chapinero,,2400.0,2400.0
1/6/2026,Bogotá,Mañanero Diario - Turbo,CO900443499,Mañanero diario Engativá - Turbo,Engativá,,2400.0,2400.0
1/6/2026,Bogotá,Brunch & Munch - Turbo,CO900477832,Brunch & Munch Plaza Claro - Turbo,Plaza Claro,,2400.0,2400.0
1/6/2026,Bogotá,la Panquequeria - Turbo,CO900482241,La Panquequería Calle 93 - Turbo,Parque 93 / Castellana,,2400.0,2400.0
1/6/2026,Bogotá,Honest Food Fdl - Turbo,CO900478461,Honest Food Plaza Claro - Turbo,Plaza Claro,,2400.0,2400.0
1/6/2026,Bogotá,Cacerola - Turbo,CO900478088,Cacerola Plaza Claro - Turbo,Plaza Claro,,2400.0,2400.0
1/6/2026,Bogotá,Vicio - Turbo,CO900467514,Vicio Cl 109 - Turbo,Calle 109,,2400.0,2400.0
1/6/2026,Bogotá,Panquequeria - Turbo,CO900463851,Panquequeria Cl 109 - Turbo,Calle 109,,2400.0,2400.0
1/6/2026,Bogotá,la Panquequeria - Turbo,CO900482244,La Panquequería Usaquen - Turbo,Usaquén,,2400.0,2400.0
1/6/2026,Bogotá,Burger Lane - Turbo,CO900442997,Burger Lane Calle 93 - Turbo,Parque 93 / Castellana,,2400.0,2400.0
1/6/2026,Bogotá,Get Smashed Burgers - Turbo,CO900476584,Get Smashed Burgers Cl 109 - Turbo,Calle 109,,2400.0,2400.0
1/6/2026,Bogotá,Burritos & Co - Turbo,CO900464310,Burritos & Co Plaza Claro - Turbo,Plaza Claro,,2400.0,2400.0
1/6/2026,Bogotá,Almuerzos D´la Casa - Turbo,CO900471205,Almuerzos D´la Casa - Engativa - Turbo,Engativá,,2400.0,2400.0
1/6/2026,Bogotá,Alba Vegetarian - Turbo,CO900477811,Alba Vegetarian Plaza Claro - Turbo,Plaza Claro,,2400.0,2400.0
1/6/2026,Bogotá,Vicio - Turbo,CO900479208,Vicio Plaza Claro - Turbo,Plaza Claro,,2400.0,2400.0
1/6/2026,Bogotá,Get Smashed Burgers - Turbo,CO900442552,Get Smashed Burgers Colina - Turbo,Colina,,2400.0,2400.0
1/6/2026,Bogotá,Desayuno Mi Tierrita - Turbo,CO900465159,Desayuno Mi Tierrita Engativa - Turbo,Engativá,,2400.0,2400.0
1/6/2026,Bogotá,Get Smashed Burgers - Turbo,CO900473573,Get Smashed Burgers Kennedy - Turbo,Kennedy,,2400.0,2400.0
1/6/2026,Bogotá,Green House Fd - Turbo,CO900481560,Green House Andes - Turbo,Andes,,2400.0,2400.0
1/6/2026,Bogotá,Honest Food Fdl - Turbo,CO900472135,Honest Food Engativa - Turbo,Engativá,,2400.0,2400.0
1/6/2026,Bogotá,Que Chicken By Robegrill - Turbo,CO900424251,Qué Chicken Usaquen - Turbo,Usaquén,,2400.0,2400.0
1/6/2026,Bogotá,Burger Lane - Turbo,CO900442991,Burger Lane Villa del Prado - Turbo,Villa del Prado,,2400.0,2400.0
1/6/2026,Bogotá,Get Smashed Burgers - Turbo,CO900473574,Get Smashed Burgers Andes - Turbo,Andes,,2400.0,2400.0
1/6/2026,Bogotá,The Breakfast Club - Turbo,CO900477830,The Breakfast Club Plaza Claro - Turbo,Plaza Claro,,2400.0,2400.0
1/6/2026,Bogotá,La Cuadra - Turbo,CO900464606,la Cuadra Plaza Claro - Turbo,Plaza Claro,,2400.0,2400.0
1/6/2026,Bogotá,Avocalia Turbo,CO900472744,Avocalia Calle Engativa - Turbo,Engativá,,2400.0,2400.0
1/6/2026,Bogotá,Numa Cocina Mediterranea - Turbo,CO900463763,Cocina Mediterranea Engativa - Turbo,Engativá,,2400.0,2400.0
1/6/2026,Bogotá,Almuerzos D´la Casa - Turbo,CO900477781,Almuerzos D´la Casa Chico - Turbo,Chicó,,2400.0,2400.0
1/6/2026,Bogotá,Frost By Oreo - Turbo,CO900475352,Frost By Oreo Engativá - Turbo,Engativá,,2400.0,2400.0
1/6/2026,Bogotá,la Cuadra Desayunos Caseros - Turbo,CO900478974,la Cuadra Desayunos Plaza Claro - Turbo,Plaza Claro,,2400.0,2400.0
1/6/2026,Bogotá,Vicio - Turbo,CO900473607,Vicio Engativá - Turbo,Engativá,,2400.0,2400.0
1/6/2026,Bogotá,Burrito Cantina - Turbo,CO900467516,Burrito Cantina Plaza Claro - Turbo,Plaza Claro,,2400.0,2400.0
1/6/2026,Bogotá,Burger Lane - Turbo,CO900443001,Burger Lane - Salitre - Turbo,Otra,,2400.0,2400.0
1/6/2026,Bogotá,la Panquequeria - Turbo,CO900482243,La Panquequería Kennedy - Turbo,Kennedy,,2400.0,2400.0
1/6/2026,Bogotá,Mr Beast Burger - Turbo,CO900476816,Mr Beast Engativá - Turbo,Engativá,,2400.0,2400.0
1/6/2026,Bogotá,Ihop - Turbo,CO900431789,IHOP® Chicó - Turbo,Chicó,,2400.0,2400.0
1/6/2026,Bogotá,Numa Cocina Mediterranea - Turbo,CO900478984,Numa Cocina Mediterranea Plaza Claro - Turbo,Plaza Claro,,2400.0,2400.0
1/6/2026,Bogotá,Bottaniko - Turbo,CO900443513,Bottaniko Engativa - Turbo,Engativá,,2400.0,2400.0
1/6/2026,Bogotá,Monteverde - Turbo,CO900450777,Monteverde Engativa - Turbo,Engativá,,2400.0,2400.0
1/6/2026,Bogotá,Alba Vegetarian - Turbo,CO900443007,Alba Vegetarian - Engativa - Turbo,Engativá,,2400.0,2400.0
1/6/2026,Bogotá,Señor Burrito. - Turbo,CO900464395,Señor Burrito Plaza Claro - Turbo,Plaza Claro,,2400.0,2400.0
1/6/2026,Bogotá,Cinnabon Foodology,CO900375567,Cinnabon Usaquén,Usaquén,,3000.0,3000.0
1/6/2026,Bogotá,Panquequeria - Turbo,CO900479096,Panquequeria Plaza Claro - Turbo,Plaza Claro,,2400.0,2400.0
1/6/2026,Bogotá,Sanduches el Jefe - Turbo,CO900479125,Sandwich el Jefe Plaza Claro - Turbo,Plaza Claro,,2400.0,2400.0
1/6/2026,Bogotá,Doritos Locos By Dorito - Turbo,CO900472103,Doritos Locos By Dorito Calle 93 - Turbo,Parque 93 / Castellana,,2400.0,2400.0
1/6/2026,Bogotá,Burger Lane - Turbo,CO900443000,Burger Lane Engativa - Turbo,Engativá,,2400.0,2400.0
1/6/2026,Bogotá,la Panquequeria - Turbo,CO900482239,La Panquequería Engativa - Turbo,Engativá,,2400.0,2400.0
1/6/2026,Bogotá,Acpm Corrientazo - Turbo,CO900467503,Acpm Corrientazo Engativá - Turbo,Engativá,,2400.0,2400.0
1/6/2026,Bogotá,Green House Fd - Turbo,CO900478311,Green House Plaza Claro - Turbo,Plaza Claro,,2400.0,2400.0
1/6/2026,Bogotá,Burrito Cantina - Turbo,CO900467380,Burrito Cantina Engativá - Turbo,Engativá,,2400.0,2400.0
1/6/2026,Bogotá,Get Smashed Burgers - Turbo,CO900442551,Get Smashed Burgers Engativa - Turbo,Engativá,,2400.0,2400.0
1/6/2026,Bogotá,Burger Lane - Turbo,CO900442995,Burger Lane Veraguas 2 - Turbo,Otra,,2400.0,2400.0
1/6/2026,Bogotá,House Of Salads - Turbo,CO900445669,House Of Salad Engativa - Turbo,Engativá,,2400.0,2400.0
1/6/2026,Bogotá,Selvatiko. - Turbo,CO900472670,Selvatiko. Engativa - Turbo,Engativá,,2400.0,2400.0
1/6/2026,Bogotá,Cacerola - Turbo,CO900472658,Cacerola - Engativa - Turbo,Engativá,,2400.0,2400.0
1/6/2026,Bogotá,Desayunos de la Abuela - Turbo,CO900478093,Desayunos de la Abuela Plaza Claro - Turbo,Plaza Claro,,2400.0,2400.0
1/6/2026,Bogotá,Pret Sandwich Bistro - Turbo,CO900442052,Pret Sandwich Bistro Engativa - Turbo,Engativá,,2400.0,2400.0
1/6/2026,Bogotá,Brunch & Munch - Turbo,CO900472746,Brunch & Munch - Engativa - Turbo,Engativá,,2400.0,2400.0
1/6/2026,Bogotá,Ñamgucheria Sandwiches - Turbo,CO900439231,Ñamguchería Engativá - Turbo,Engativá,,2400.0,2400.0
1/6/2026,Bogotá,Pret Sandwich Bistro - Turbo,CO900479198,Pret Sandwich Bistro Plaza Claro - Turbo,Plaza Claro,,2400.0,2400.0
1/6/2026,Bogotá,la Cuadra Desayunos Caseros - Turbo,CO900470914,la Cuadra Desayunos Chico - Turbo,Chicó,,2400.0,2400.0
1/6/2026,Bogotá,Desayuno Mi Tierrita - Turbo,CO900478270,Desayuno Mi Tierrita Plaza Claro - Turbo,Plaza Claro,,2400.0,2400.0
1/6/2026,Bogotá,Local Cocina Consciente - Turbo,CO900477108,Local - Cocina Consciente Engativa - Turbo,Engativá,,2400.0,2400.0
1/6/2026,Bogotá,Señor Burrito. - Turbo,CO900467420,Señor Burrito Engativa - Turbo,Engativá,,2400.0,2400.0
1/6/2026,Bogotá,Foodology Court - Turbo,CO900478306,Foodology Plaza Claro - Turbo,Plaza Claro,,2400.0,2400.0
1/6/2026,Bogotá,la Panquequeria - Turbo,CO900482242,La Panquequería Villa del Prado - Turbo,Villa del Prado,,2400.0,2400.0
1/6/2026,Bogotá,Monteverde - Turbo,CO900478981,Monteverde Plaza Claro - Turbo,Plaza Claro,,2400.0,2400.0
1/6/2026,Bogotá,Dembow - Turbo,CO900478092,Dembow Plaza Claro - Turbo,Plaza Claro,,2400.0,2400.0
1/6/2026,Bogotá,Bottaniko - Turbo,CO900477812,Bottaniko Plaza Claro - Turbo,Plaza Claro,,2400.0,2400.0
1/6/2026,Bogotá,The Breakfast Club - Turbo,CO900475285,The Breakfast Club Engativa - Turbo,Engativá,,2400.0,2400.0
1/6/2026,Bogotá,House Of Salads - Turbo,CO900477632,House Of Salads Cl 109 - Turbo,Calle 109,,2400.0,2400.0
1/6/2026,Bogotá,Avocalia Turbo,CO900477834,Avocalia Plaza Claro - Turbo,Plaza Claro,,2400.0,2400.0
1/6/2026,Bogotá,Local Cocina Consciente - Turbo,CO900481554,Local - Cocina Consciente Villa Del Prado - Turbo,Villa del Prado,,2400.0,2400.0
1/6/2026,Bogotá,Selvatiko. - Turbo,CO900479202,Selvatiko Plaza Claro - Turbo,Plaza Claro,,2400.0,2400.0
1/6/2026,Bogotá,Burger Lane - Turbo,CO900442990,Burger Lane Chapinero - Turbo,Chapinero,,2400.0,2400.0
1/6/2026,Bogotá,Frost By Oreo - Turbo,CO900478308,Frost By Oreo Plaza Claro - Turbo,Plaza Claro,,2400.0,2400.0
1/6/2026,Bogotá,Dembow - Turbo,CO900473648,Dembow - Engativa - Turbo,Engativá,,2400.0,2400.0
1/6/2026,Bogotá,la Panquequeria - Turbo,CO900482238,La Panquequería Chapinero - Turbo,Chapinero,,2400.0,2400.0
1/6/2026,Bogotá,Local Cocina Consciente - Turbo,CO900481555,Local - Cocina Consciente Andes - Turbo,Andes,,2400.0,2400.0
1/6/2026,Bogotá,Cinnabon - Turbo,CO900475097,Cinnabon Engativa - Turbo,Engativá,,2400.0,2400.0
1/6/2026,Bogotá,The Crunch Pizza - Turbo,CO900416181,The Crunch Usaquen - Turbo,Usaquén,,2400.0,2400.0
1/6/2026,Bogotá,House Of Salads - Turbo,CO900478778,House Of Salads Plaza Claro - Turbo,Plaza Claro,,2400.0,2400.0
1/6/2026,Bucaramanga,Doritos Locos By Dorito - Turbo,CO900472106,Doritos Locos By Dorito Cabecera - Turbo,Cabecera (Bga),,2400.0,2400.0
1/6/2026,Bucaramanga,Vicio - Turbo,CO900426528,Vicio Bucaramanga - Turbo,Cabecera (Bga),,2400.0,2400.0
1/6/2026,Bucaramanga,Ihop - Turbo,CO900426537,IHOP® Bucaramanga - Turbo,Cabecera (Bga),,2400.0,2400.0
1/6/2026,Bucaramanga,Local Cocina Consciente - Turbo,CO900477109,Local - Cocina Consciente Cabecera - Turbo,Cabecera (Bga),,2400.0,2400.0
1/6/2026,Bucaramanga,Brunch & Munch - Turbo,CO900428485,Brunch And Munch - Bucaramanga - Turbo,Cabecera (Bga),,2400.0,2400.0
1/6/2026,Bucaramanga,Avocalia Turbo,CO900428430,Avocalia - Bucaramanga - Turbo,Cabecera (Bga),,2400.0,2400.0
1/6/2026,Bucaramanga,la Panquequeria - Turbo,CO900482245,La Panquequería Cabecera - Turbo,Cabecera (Bga),,2400.0,2400.0
1/6/2026,Bucaramanga,Sanduches el Jefe - Turbo,CO900428426,Sandwich El Jefe Bucaramanga - Turbo,Cabecera (Bga),,2400.0,2400.0
1/6/2026,Bucaramanga,La Cuadra - Turbo,CO900428403,La Cuadra  Bucaramanga - Turbo,Cabecera (Bga),,2400.0,2400.0
1/6/2026,Bucaramanga,Get Smashed Burgers - Turbo,CO900442550,Get Smashed Burgers Cabecera Bga - Turbo,Cabecera (Bga),,2400.0,2400.0
1/6/2026,Bucaramanga,Ihop - Turbo,CO900428427,IHOP Bucaramanga - Turbo,Cabecera (Bga),,2400.0,2400.0
1/6/2026,Bucaramanga,Helados San Jerónimo - Turbo,CO900428418,Heladería San Jerónimo Bucaramanga - Turbo,Cabecera (Bga),,2400.0,2400.0
1/6/2026,Cali,Ihop - Turbo,CO900420700,Ihop San Fernando - Turbo,San Fernando,,3000.0,3000.0
1/6/2026,Cali,Numa Cocina Mediterranea - Turbo,CO900463758,Cocina Mediterranea San Fernando - Turbo,San Fernando,,2400.0,2400.0
1/6/2026,Cali,Doritos Locos By Dorito - Turbo,CO900472109,Doritos Locos By Dorito San Fernando - Turbo,San Fernando,,2400.0,2400.0
1/6/2026,Cali,The Crunch Pizza - Turbo,CO900416186,The Crunch San Fernando Cali - Turbo,San Fernando,,2400.0,2400.0
1/6/2026,Cali,Get Smashed Burgers - Turbo,CO900416435,Get Smash San Fernando - Turbo,San Fernando,,2400.0,2400.0
1/6/2026,Cali,Doritos Locos By Dorito - Turbo,CO900472100,Doritos Locos By Dorito Santa Monica - Turbo,Santa Mónica,,2400.0,2400.0
1/6/2026,Cali,Numa Cocina Mediterranea - Turbo,CO900463759,Cocina Mediterranea Santa Monica - Turbo,Santa Mónica,,3000.0,3000.0
1/6/2026,Cali,la Cuadra Desayunos Caseros - Turbo,CO900467501,La Cuadra Desayunos Santa Mónica - Turbo,Santa Mónica,,2400.0,2400.0
1/6/2026,Cali,The Crunch Pizza - Turbo,CO900416185,The Crunch Santa Monica - Turbo,Santa Mónica,,2400.0,2400.0
1/6/2026,Cali,Acpm Corrientazo - Turbo,CO900467509,Acpm Corrientazo Santa Mónica (Cali Norte) - Turbo,Santa Mónica,,3000.0,3000.0
1/6/2026,Cali,Get Smashed Burgers - Turbo,CO900416430,Get Smash Santa Monica - Turbo,Santa Mónica,,2400.0,2400.0
1/6/2026,Cali,Local Cocina Consciente - Turbo,CO900477100,Local - Cocina Consciente Santa Monica - Turbo,Santa Mónica,,2400.0,2400.0
1/6/2026,Cali,la Cuadra Desayunos Caseros - Turbo,CO900473694,la Cuadra Desayunos Caceros - Ingenio - Turbo,Ingenio,,2400.0,2400.0
1/6/2026,Cali,Numa Cocina Mediterranea - Turbo,CO900476060,Cocina Mediterranea Ingenio - Turbo,Ingenio,,2400.0,2400.0
1/6/2026,Cali,Alba Vegetarian - Turbo,CO900472649,Alba Vegetarian - Ingenio - Turbo,Ingenio,,2400.0,2400.0
1/6/2026,Cali,The Breakfast Club - Turbo,CO900475209,The Breakfast Club Ingenio - Turbo,Ingenio,,2400.0,2400.0
1/6/2026,Cali,Frost By Oreo - Turbo,CO900475353,Frost By Oreo Ingenio - Turbo,Ingenio,,2400.0,2400.0
1/6/2026,Cali,Bottaniko - Turbo,CO900472880,Bottaniko - Ingenio - Turbo,Ingenio,,2400.0,2400.0
1/6/2026,Cali,House Of Salads - Turbo,CO900476069,House Of Salads Ingenio - Turbo,Ingenio,,2400.0,2400.0
1/6/2026,Cali,Burrito Cantina - Turbo,CO900473552,Burrito Cantina Ingenio - Turbo,Ingenio,,2400.0,2400.0
1/6/2026,Cali,Cacerola - Turbo,CO900472659,Cacerola - Ingenio - Turbo,Ingenio,,2400.0,2400.0
1/6/2026,Cali,Almuerzos D´la Casa - Turbo,CO900475128,Almuerzos D` la Casa - Ingenio - Turbo,Ingenio,,2400.0,2400.0
1/6/2026,Cali,Acpm Corrientazo - Turbo,CO900473537,Acpm Corrientazo Ingenio - Turbo,Ingenio,,2400.0,2400.0
1/6/2026,Cali,Monteverde - Turbo,CO900476067,Monteverde Ingenio - Turbo,Ingenio,,2400.0,2400.0
1/6/2026,Cali,Selvatiko. - Turbo,CO900472668,Selvatiko. Ingenio - Turbo,Ingenio,,2400.0,2400.0
1/6/2026,Cali,Desayuno Mi Tierrita - Turbo,CO900473558,Desayunos Mi Tierrita - Ingenio - Turbo,Ingenio,,2400.0,2400.0
1/6/2026,Cali,Mañanero Diario - Turbo,CO900475198,Mañanero Ingenio - Turbo,Ingenio,,2400.0,2400.0
1/6/2026,Cali,Pret Sandwich Bistro - Turbo,CO900472664,Pret Sandwich Bistro Ingenio - Turbo,Ingenio,,2400.0,2400.0
1/6/2026,Cali,Doritos Locos By Dorito - Turbo,CO900473562,Doritos Locos By Dorito Ingenio - Turbo,Ingenio,,2400.0,2400.0
1/6/2026,Cali,Señor Burrito. - Turbo,CO900473587,Señor Burrito - Ingenio - Turbo,Ingenio,,2400.0,2400.0
1/6/2026,Cali,Dembow - Turbo,CO900473657,Dembow - Ingenio - Turbo,Ingenio,,2400.0,2400.0
1/6/2026,Cali,la Panquequeria - Turbo,CO900482235,La Panquequería San Fernando - Turbo,San Fernando,,2400.0,2400.0
1/6/2026,Cali,Señor Burrito. - Turbo,CO900465170,Señor Burrito Tienda Padre - Turbo,Otra,,2400.0,2400.0
1/6/2026,Cali,Green House Fd - Turbo,CO900481561,Green House Ingenio - Turbo,Ingenio,,2400.0,2400.0
1/6/2026,Cali,la Panquequeria - Turbo,CO900482247,La Panquequería Santa Monica - Turbo,Santa Mónica,,2400.0,2400.0
1/6/2026,Cali,Get Smashed Burgers - Turbo,CO900473576,Get Smashed Burgers Ingenio - Turbo,Ingenio,,2400.0,2400.0
1/6/2026,Cali,La Cuadra - Turbo,CO900473137,la Cuadra - Ingenio - Turbo,Ingenio,,2400.0,2400.0
1/6/2026,Cali,Burger Lane - Turbo,CO900442993,Burger Lane San Fernando - Turbo,San Fernando,,2400.0,2400.0
1/6/2026,Cali,Burger Lane - Turbo,CO900442998,Burger Lane Cali Norte - Turbo Calle 34 Norte 2Bn 33 358,Otra,,2400.0,2400.0
1/6/2026,Cali,Local Cocina Consciente - Turbo,CO900481556,Local - Cocina Consciente Ingenio - Turbo,Ingenio,,2400.0,2400.0
1/6/2026,Cali,la Panquequeria - Turbo,CO900482246,La Panquequería Ingenio Calle 83C - Turbo,Ingenio,,2400.0,2400.0
1/6/2026,Cartagena,Mañanero Diario - Turbo,CO900481971,Mañanero Cartagena - Turbo,Cartagena,,2400.0,2400.0
1/6/2026,Cartagena,Dembow - Turbo,CO900481376,Dembow - Cartagena - Turbo,Cartagena,,3000.0,3000.0
1/6/2026,Cartagena,Foodology Court - Turbo,CO900481814,Foodology Cartagena - Turbo,Cartagena,,2400.0,2400.0
1/6/2026,Cartagena,Local Cocina Consciente - Turbo,CO900481977,Local - Cocina Consciente Cartagena - Turbo,Cartagena,,3000.0,3000.0
1/6/2026,Cartagena,Get Smashed Burgers - Turbo,CO900481818,Get Smashed Burgers Cartagena - Turbo,Cartagena,,3000.0,3000.0
1/6/2026,Cartagena,Cacerola - Turbo,CO900481042,Cacerola - Cartagena - Turbo,Cartagena,,2400.0,2400.0
1/6/2026,Cartagena,Sanduches el Jefe - Turbo,CO900483661,Sandwich el Jefe Cartagena - Turbo,Cartagena,,2400.0,2400.0
1/6/2026,Medellín,Ihop - Turbo,CO900420701,Ihop Manila - Turbo,Manila,,3000.0,3000.0
1/6/2026,Medellín,Doritos Locos By Dorito - Turbo,CO900472108,Doritos Locos By Dorito Manila - Turbo,Manila,,3000.0,3000.0
1/6/2026,Medellín,Get Smashed Burgers - Turbo,CO900416437,Get Smash Manila - Turbo,Manila,,3000.0,3000.0
1/6/2026,Medellín,The Crunch Pizza - Turbo,CO900416183,The Crunch Manila - Turbo,Manila,,3000.0,3000.0
1/6/2026,Medellín,Numa Cocina Mediterranea - Turbo,CO900463756,Cocina Mediterranea Manila - Turbo,Manila,,3000.0,3000.0
1/6/2026,Medellín,Doritos Locos By Dorito - Turbo,CO900472101,Doritos Locos By Dorito Laureles - Turbo,Laureles,,2400.0,2400.0
1/6/2026,Medellín,Get Smashed Burgers - Turbo,CO900416436,Get Smash Laureles - Turbo,Laureles,,2400.0,2400.0
1/6/2026,Medellín,Ihop - Turbo,CO900420699,Ihop Laureles - Turbo,Laureles,,2400.0,2400.0
1/6/2026,Medellín,The Crunch Pizza - Turbo,CO900416184,The Crunch Laureles - Turbo,Laureles,,2400.0,2400.0
1/6/2026,Medellín,Local Cocina Consciente - Turbo,CO900477099,Local - Cocina Consciente Laureles - Turbo,Laureles,,2400.0,2400.0
1/6/2026,Medellín,Green House Fd - Turbo,CO900481563,Green House Manila - Turbo,Manila,,2400.0,2400.0
1/6/2026,Medellín,la Panquequeria - Turbo,CO900482233,La Panquequería Manila - Turbo,Manila,,2400.0,2400.0
1/6/2026,Medellín,Bottaniko - Turbo,CO900472879,Bottaniko - Envigado - Turbo,Envigado,,2400.0,2400.0
1/6/2026,Medellín,Monteverde - Turbo,CO900476068,Monteverde Envigado - Turbo,Envigado,,2400.0,2400.0
1/6/2026,Medellín,Pret Sandwich Bistro - Turbo,CO900472665,Pret Sandwich Bistro Envigado - Turbo,Envigado,,2400.0,2400.0
1/6/2026,Medellín,The Breakfast Club - Turbo,CO900475282,The Breakfast Club Envigado - Turbo,Envigado,,2400.0,2400.0
1/6/2026,Medellín,la Panquequeria - Turbo,CO900482240,La Panquequería Laureles - Turbo,Laureles,,2400.0,2400.0
1/6/2026,Medellín,la Cuadra Desayunos Caseros - Turbo,CO900473693,la Cuadra Desayunos Caseros Envigado - Turbo,Envigado,,2400.0,2400.0
1/6/2026,Medellín,Desayunos de la Abuela - Turbo,CO900472678,Desayunos de la Abuela Envigado - Turbo,Envigado,,2400.0,2400.0
1/6/2026,Medellín,Desayuno Mi Tierrita - Turbo,CO900473557,Desayuno Mi Tierrita Envigado - Turbo,Envigado,,2400.0,2400.0
1/6/2026,Medellín,Que Chicken By Robegrill - Turbo,CO900424250,Qué Chicken Manila - Turbo,Manila,,2400.0,2400.0
1/6/2026,Medellín,Cacerola - Turbo,CO900472657,Cacerola - Envigado - Turbo,Envigado,,2400.0,2400.0
1/6/2026,Medellín,Cinnabon - Turbo,CO900475802,Cinnabon Envigado - Turbo,Envigado,,2400.0,2400.0
1/6/2026,Medellín,Green House Fd - Turbo,CO900481562,Green House Envigado - Turbo,Envigado,,2400.0,2400.0
1/6/2026,Medellín,Mr Beast Burger - Turbo,CO900428939,Mr Beast Envigado - Turbo,Envigado,,2400.0,2400.0
1/6/2026,Medellín,Local Cocina Consciente - Turbo,CO900481557,Local - Cocina Consciente Manila - Turbo,Manila,,2400.0,2400.0
1/6/2026,Medellín,Almuerzos D´la Casa - Turbo,CO900483393,Almuerzos D´la Casa - Envigado - Turbo,Envigado,,2400.0,2400.0
1/6/2026,Medellín,Local Cocina Consciente - Turbo,CO900477098,Local - Cocina Consciente Envigado - Turbo,Envigado,,2400.0,2400.0
1/6/2026,Medellín,Dembow - Turbo,CO900473652,Dembow - Envigado - Turbo Carrera 42 #40c Sur-29,Envigado,,2400.0,2400.0
1/6/2026,Medellín,Doritos Locos By Dorito - Turbo,CO900473564,Doritos Locos By Dorito Envigado - Turbo,Envigado,,2400.0,2400.0
1/6/2026,Medellín,Numa Cocina Mediterranea - Turbo,CO900476059,Cocina Mediterranea Envigado - Turbo,Envigado,,2400.0,2400.0
1/6/2026,Medellín,Ñamgucheria Sandwiches - Turbo,CO900473583,Ñamguchería Envigado - Turbo,Envigado,,2400.0,2400.0
1/6/2026,Medellín,la Panquequeria - Turbo,CO900482234,La Panquequería Envigado - Turbo,Envigado,,2400.0,2400.0
1/6/2026,Medellín,Mañanero Diario - Turbo,CO900475201,Mañanero Envigado - Turbo,Envigado,,2400.0,2400.0
1/6/2026,Medellín,Acpm Corrientazo - Turbo,CO900473538,Acpm Corrientazo Envigado - Turbo,Envigado,,2400.0,2400.0
1/6/2026,Medellín,Foodology Court - Turbo,CO900473568,Foodology Envigado - Turbo,Envigado,,2400.0,2400.0
1/6/2026,Medellín,Selvatiko. - Turbo,CO900472669,Selvatiko. Envigado - Turbo,Envigado,,2400.0,2400.0
1/6/2026,Medellín,Alba Vegetarian - Turbo,CO900472648,Alba Vegetarian - Envigado Carrera 42 #40C 301 - Turbo,Envigado,,2400.0,2400.0
1/6/2026,Medellín,House Of Salads - Turbo,CO900476072,House Of Salads Envigado - Turbo,Envigado,,2400.0,2400.0
1/6/2026,Medellín,Vicio - Turbo,CO900428425,Vicio Envigado - Turbo,Envigado,,2400.0,2400.0
1/6/2026,Medellín,Señor Burrito. - Turbo,CO900473588,Señor Burrito Envigado - Turbo,Envigado,,2400.0,2400.0
1/6/2026,Medellín,Get Smashed Burgers - Turbo,CO900473575,Get Smashed Burgers Envigado - Turbo,Envigado,,2400.0,2400.0
1/6/2026,Medellín,Honest Food Fdl - Turbo,CO900475460,Honest Food Envigado - Turbo,Envigado,,2400.0,2400.0
1/6/2026,Medellín,Burrito Cantina - Turbo,CO900473551,Burrito Cantina Envigado - Turbo,Envigado,,2400.0,2400.0
1/6/2026,Pereira,Burger Lane - Turbo,CO900442994,Burger Lane Pereira - Turbo,Otra,,1000,1000
8/6/2026,Bogotá,Brunch & Munch - Turbo,CO900420520,Brunch And Munch - Colina - Turbo,Colina,9.68,2400.0,1000
8/6/2026,Cali,Brunch & Munch - Turbo,CO900405252,Brunch & Munch Cali - San Fernando - Turbo,San Fernando,9.64,2400.0,2400.0
8/6/2026,Cali,Desayuno Mi Tierrita - Turbo,CO900465165,Desayuno Mi Tierrita Santa Monica Cali - Turbo,Santa Mónica,9.39,2400.0,2400.0
8/6/2026,Bogotá,Dembow - Turbo,CO900475131,Dembow Cl 109 - Turbo,Calle 109,8.58,2400.0,2400.0
8/6/2026,Bogotá,Dembow - Turbo,CO900473653,Dembow - Kennedy - Turbo,Kennedy,8.47,3000.0,3000.0
8/6/2026,Bogotá,Desayuno Mi Tierrita - Turbo,CO900476019,Desayuno Mi Tierrita Chico - Turbo,Chicó,7.95,2400.0,2400.0
8/6/2026,Bogotá,Local Cocina Consciente - Turbo,CO900489031,Local Cocina Consciente Arrecife - Turbo,Arrecife,7.92,3000.0,3000.0
8/6/2026,Bogotá,Alba Vegetarian - Turbo,CO900443013,Alba Vegetarian - Colina - Turbo Carrera 53  264,Colina,7.59,2700.0,2700.0
8/6/2026,Bogotá,Mr Beast Burger - Turbo,CO900477182,Mr Beast Chico - Turbo,Chicó,7.43,2400.0,2400.0
8/6/2026,Bogotá,Desayuno Mi Tierrita - Turbo,CO900464390,Desayuno Mi Tierrita Cl 109 - Turbo,Calle 109,7.33,2400.0,2400.0
8/6/2026,Cali,Brunch & Munch - Turbo,CO900472747,Brunch & Munch - Ingenio - Turbo,Ingenio,7.25,2400.0,2400.0
8/6/2026,Bogotá,Desayunos de la Abuela - Turbo,CO900446310,Desayunos de la Abuela Colina - Turbo,Colina,7.13,2400.0,2400.0
8/6/2026,Bogotá,Selvatiko. - Turbo,CO900465173,Selvatiko. 93 - Turbo,Parque 93 / Castellana,6.98,2400.0,2400.0
8/6/2026,Cali,Mr Beast Burger - Turbo,CO900405272,Mr Beast San Fernando - Turbo,San Fernando,6.92,2400.0,2400.0
8/6/2026,Bogotá,Desayunos de la Abuela - Turbo,CO900446320,Desayunos de la Abuela Chico - Turbo,Chicó,6.87,2700.0,2700.0
8/6/2026,Bogotá,The Breakfast Club - Turbo,CO900475281,The Breakfast Club Colina - Turbo,Colina,6.69,2400.0,2400.0
8/6/2026,Bogotá,Numa Cocina Mediterranea - Turbo,CO900488968,Numa Cocina Mediterranea Arrecife - Turbo,Arrecife,6.64,3000.0,3000.0
8/6/2026,Bogotá,The Breakfast Club - Turbo,CO900463743,The Breakfast Club Cl 109 - Turbo,Calle 109,6.62,2400.0,2400.0
8/6/2026,Bogotá,Cacerola - Turbo,CO900473673,Cacerola - Colina - Turbo,Colina,6.42,2400.0,2400.0
8/6/2026,Bogotá,Ñamgucheria Sandwiches - Turbo,CO900440314,Ñamgucheria Chicó - Turbo,Chicó,6.31,2400.0,2400.0
8/6/2026,Bogotá,Mr Beast Burger - Turbo,CO900420302,Mr Beast Colina - Turbo,Colina,6.28,2400.0,2400.0
8/6/2026,Bogotá,Desayuno Mi Tierrita - Turbo,CO900465158,Desayuno Mi Tierrita Usaquén - Turbo,Usaquén,6.23,2400.0,2400.0
8/6/2026,Cali,Desayunos de la Abuela - Turbo,CO900446306,Desayunos de la Abuela San Fernando - Turbo,San Fernando,5.88,2400.0,2400.0
8/6/2026,Bogotá,Brunch & Munch - Turbo,CO900409673,Brunch & Munch Castellana - Turbo,Parque 93 / Castellana,5.74,2400.0,2400.0
8/6/2026,Barranquilla,Desayuno Mi Tierrita - Turbo,CO900465156,Desayuno Mi Tierrita Barranquilla - Turbo,Barranquilla,5.63,2400.0,2400.0
8/6/2026,Cali,Cacerola - Turbo,CO900416207,Cacerola Santa Monica - Cali - Turbo,Santa Mónica,5.63,2400.0,3000.0
8/6/2026,Bogotá,Pret Sandwich Bistro - Turbo,CO900442051,Pret Sandwich Bistro Colina - Turbo,Colina,5.58,2400.0,2400.0
8/6/2026,Bogotá,Ñamgucheria Sandwiches - Turbo,CO900439228,Ñamguchería Colina - Turbo,Colina,5.57,2400.0,2400.0
8/6/2026,Bogotá,Numa Cocina Mediterranea - Turbo,CO900463764,Numa - Cocina Mediterranea Colina - Turbo,Colina,5.48,2400.0,2400.0
8/6/2026,Bogotá,la Cuadra Desayunos Caseros - Turbo,CO900470908,La Cuadra Desayunos Caseros Kennedy - Turbo,Kennedy,5.47,2400.0,2400.0
8/6/2026,Bogotá,la Cuadra Desayunos Caseros - Turbo,CO900467499,La Cuadra Desayunos Caceros - Villa del Prado - Turbo,Villa del Prado,5.41,2400.0,2400.0
8/6/2026,Bogotá,Honest Food Fdl - Turbo,CO900488848,Honest Food Arrecife - Turbo,Arrecife,5.41,3000.0,3000.0
8/6/2026,Cali,Ñamgucheria Sandwiches - Turbo,CO900439227,Ñamguchería San Fernando - Turbo,San Fernando,5.39,2400.0,2400.0
8/6/2026,Bogotá,Ñamgucheria Sandwiches - Turbo,CO900439230,Ñamguchería Villa del Prado - Turbo,Villa del Prado,5.35,2400.0,2400.0
8/6/2026,Cali,Foodology Court - Turbo,CO900465152,Foodology Santa Mónica Clo - Turbo Calle 34 Norte 2bn 33,Santa Mónica,5.35,2700.0,2700.0
8/6/2026,Cali,Dembow - Turbo,CO900473655,Dembow - San Fernando - Turbo,San Fernando,5.27,2400.0,3000.0
8/6/2026,Bogotá,Brunch & Munch - Turbo,CO900465171,Brunch & Munch Cl 109 - Turbo,Calle 109,5.26,2400.0,2400.0
8/6/2026,Bogotá,Burritos & Co - Turbo,CO900476014,Burritos & Co Chico - Turbo,Chicó,5.24,2700.0,2700.0
8/6/2026,Bogotá,Desayunos de la Abuela - Turbo,CO900463744,Desayunos de la Abuela Cl 109 - Turbo,Calle 109,5.22,2400.0,2400.0
8/6/2026,Cali,Mr Beast Burger - Turbo,CO900407413,Mr Beast Santa Mónica (Cali Norte) - Turbo,Santa Mónica,5.15,2400.0,2400.0
8/6/2026,Bogotá,The Breakfast Club - Turbo,CO900475213,The Breakfast Club Chico - Turbo,Chicó,4.99,2400.0,2400.0
8/6/2026,Bogotá,The Breakfast Club - Turbo,CO900475286,The Breakfast Club Calle 93 - Turbo,Parque 93 / Castellana,4.98,2400.0,2700.0
8/6/2026,Bogotá,Ñamgucheria Sandwiches - Turbo,CO900463788,Ñamgucheria Cl 109 - Turbo,Calle 109,4.93,2400.0,2400.0
8/6/2026,Cali,Monteverde - Turbo,CO900450778,Monteverde Santa Monica - Turbo,Santa Mónica,4.92,2400.0,2400.0
8/6/2026,Bogotá,Mr Beast Burger - Turbo,CO900475371,Mr Beast Cl 109 - Turbo,Calle 109,4.87,2400.0,2400.0
8/6/2026,Medellín,Numa Cocina Mediterranea - Turbo,CO900463749,Cocina Mediterranea Laureles - Turbo,Laureles,4.85,2400.0,2400.0
8/6/2026,Bogotá,Brunch & Munch - Turbo,CO900420483,Brunch & Munch - Chicó - Turbo,Chicó,4.81,2400.0,2400.0
8/6/2026,Bogotá,Foodology Court - Turbo,CO900465145,Foodology Colina - Turbo Carrera 53 #137a-26,Colina,4.76,2400.0,2400.0
8/6/2026,Cali,Desayunos de la Abuela - Turbo,CO900446316,Desayunos de la Abuela Santa Monica - Turbo,Santa Mónica,4.72,2400.0,2400.0
8/6/2026,Bucaramanga,Brunch & Munch - Turbo,CO900426741,Brunch & Munch Bucaramanga - Turbo,Cabecera (Bga),4.67,2400.0,2700.0
8/6/2026,Cali,Green House Fd - Turbo,CO900438450,Green House Santa Monica - Turbo,Santa Mónica,4.67,3000.0,3000.0
8/6/2026,Bogotá,Señor Burrito. - Turbo,CO900488996,Señor Burrito Arrecife - Turbo,Arrecife,4.63,3000.0,3000.0
8/6/2026,Bogotá,Cacerola - Turbo,CO900473674,Cacerola - Kennedy - Turbo,Kennedy,4.63,2400.0,2400.0
8/6/2026,Bogotá,Cinnabon - Turbo,CO900476080,Cinnabon Colina - Turbo,Colina,4.61,2400.0,2400.0
8/6/2026,Bogotá,Brunch & Munch - Turbo,CO900488275,Brunch & Munch Arrecife - Turbo,Arrecife,4.58,3000.0,3000.0
8/6/2026,Bogotá,Green House Fd - Turbo,CO900488845,Green House Arrecife - Turbo,Arrecife,4.57,3000.0,3000.0
8/6/2026,Medellín,Cacerola - Turbo,CO900416211,Cacerola Laureles - Turbo,Laureles,4.54,2700.0,2700.0
8/6/2026,Medellín,la Cuadra Desayunos Caseros - Turbo,CO900470909,La Cuadra Desayunos Caseros Laureles - Turbo,Laureles,4.49,2700.0,2700.0
8/6/2026,Bogotá,Dembow - Turbo,CO900473656,Dembow - Usaquen - Turbo,Usaquén,4.47,2400.0,2400.0
8/6/2026,Bogotá,Mr Beast Burger - Turbo,CO900409678,Mr Beast Chapinero - Turbo,Chapinero,4.47,2400.0,2400.0
8/6/2026,Bogotá,Brunch & Munch - Turbo,CO900410119,Brunch & Munch Villa del Prado  - Turbo,Villa del Prado,4.45,2400.0,2700.0
8/6/2026,Cali,Honest Food Fdl - Turbo,CO900472144,Honest Food Santa Monica - Turbo,Santa Mónica,4.43,2400.0,2400.0
8/6/2026,Bogotá,La Cuadra - Turbo,CO900420510,La Cuadra - Colina - Turbo,Colina,4.42,2400.0,2400.0
8/6/2026,Bogotá,Numa Cocina Mediterranea - Turbo,CO900463746,Numa Cocina Mediterranea Calle 93 - Turbo,Parque 93 / Castellana,4.42,2400.0,2400.0
8/6/2026,Bogotá,Dembow - Turbo,CO900473645,Dembow - Chapinero - Turbo,Chapinero,4.37,2400.0,2400.0
8/6/2026,Bogotá,Brunch & Munch - Turbo,CO900420519,Brunch And Munch - Kennedy - Turbo,Kennedy,4.35,2400.0,2400.0
8/6/2026,Bogotá,Sanduches el Jefe - Turbo,CO900419503,Sandwich El Jefe Castellana - Turbo,Parque 93 / Castellana,4.35,2400.0,2400.0
8/6/2026,Barranquilla,Sanduches el Jefe - Turbo,CO900419499,Sandwich el Jefe Barranquilla - Turbo Cra. 45  353,Barranquilla,4.34,2400.0,2400.0
8/6/2026,Bogotá,The Breakfast Club - Turbo,CO900475287,The Breakfast Club Villa Del Prado - Turbo,Villa del Prado,4.34,2400.0,2700.0
8/6/2026,Cali,Foodology Court - Turbo,CO900465149,Foodology San Fernando - Turbo Carrera 38 #5e-9,San Fernando,4.32,2400.0,2700.0
8/6/2026,Barranquilla,Mr Beast Burger - Turbo,CO900405269,Mr Beast Barranquilla Norte - Turbo Urgencias Eps Sanitas 284,Barranquilla,4.27,2400.0,2400.0
8/6/2026,Bogotá,Honest Food Fdl - Turbo,CO900472142,Honest Food Colina - Turbo,Colina,4.27,2400.0,2400.0
8/6/2026,Bogotá,Desayunos de la Abuela - Turbo,CO900473560,Desayunos de la Abuela Kennedy - Turbo,Kennedy,4.27,2400.0,2400.0
8/6/2026,Bucaramanga,The Breakfast Club - Turbo,CO900475208,The Breakfast Club Cabecera - Turbo,Cabecera (Bga),4.27,2700.0,2700.0
8/6/2026,Bogotá,La Cuadra - Turbo,CO900416198,La Cuadra - Villa del Prado - Turbo,Villa del Prado,4.24,2400.0,2400.0
8/6/2026,Medellín,Mr Beast Burger - Turbo,CO900405270,Mr Beast Laureles - Turbo,Laureles,4.17,2700.0,2700.0
8/6/2026,Bogotá,Desayunos de la Abuela - Turbo,CO900446318,Desayunos de la Abuela Villa Del Prado - Turbo,Villa del Prado,4.16,2400.0,2400.0
8/6/2026,Bogotá,Dembow - Turbo,CO900473651,Dembow - Villa Del Prado - Turbo,Villa del Prado,3.98,2700.0,2700.0
8/6/2026,Bogotá,Sanduches el Jefe - Turbo,CO900419501,Sandwich el Jefe Villa Del Prado - Turbo Carrera 55  243,Villa del Prado,3.96,2700.0,2700.0
8/6/2026,Bogotá,Foodology Court - Turbo,CO900465148,Foodology 93 - Turbo Calle 93 #45a-16,Parque 93 / Castellana,3.94,2400.0,2400.0
8/6/2026,Medellín,Honest Food Fdl - Turbo,CO900472132,Honest Food Laureles - Turbo,Laureles,3.93,2700.0,2700.0
8/6/2026,Bucaramanga,Foodology Court - Turbo,CO900465153,Foodology Cabecera - Turbo,Cabecera (Bga),3.88,3000.0,3000.0
8/6/2026,Cali,The Breakfast Club - Turbo,CO900475288,The Breakfast Club San Fernando - Turbo,San Fernando,3.86,2400.0,2400.0
8/6/2026,Bogotá,Acpm Corrientazo - Turbo,CO900467513,Acpm Corrientazo Colina - Turbo,Colina,3.85,2400.0,2400.0
8/6/2026,Bogotá,Cinnabon - Turbo,CO900415448,Cinnabon Chicó - Turbo,Chicó,3.84,2700.0,2700.0
8/6/2026,Bogotá,Honest Food Fdl - Turbo,CO900475462,Honest Food Kennedy - Turbo,Kennedy,3.84,2400.0,2700.0
8/6/2026,Bogotá,Sanduches el Jefe - Turbo,CO900420513,Sandwich el Jefe Kennedy - Turbo,Kennedy,3.83,2700.0,2700.0
8/6/2026,Bogotá,la Cuadra Desayunos Caseros - Turbo,CO900470911,La Cuadra Desayunos Caseros Andes - Turbo,Andes,3.83,2400.0,2400.0
8/6/2026,Barranquilla,Dembow - Turbo,CO900473647,Dembow - Barranquilla Nte - Turbo,Barranquilla,3.82,3000.0,3000.0
8/6/2026,Bogotá,Avocalia Turbo,CO900488273,Avocalia Arrecife - Turbo,Arrecife,3.82,3000.0,3000.0
8/6/2026,Bogotá,Avocalia Turbo,CO900420305,Avocalia - Colina - Turbo,Colina,3.82,2400.0,2700.0
8/6/2026,Cali,Monteverde - Turbo,CO900450772,Monteverde San Fernando - Turbo,San Fernando,3.81,2700.0,2700.0
8/6/2026,Medellín,Dembow - Turbo,CO900473644,Dembow - Manila - Turbo,Manila,3.81,3000.0,2400.0
8/6/2026,Bogotá,Pret Sandwich Bistro - Turbo,CO900470306,Pret Sandwich Bistro Chico - Turbo,Chicó,3.76,2700.0,2700.0
8/6/2026,Bogotá,Selvatiko. - Turbo,CO900476479,Selvatiko Chico - Turbo,Chicó,3.75,3000.0,3000.0
8/6/2026,Cali,Honest Food Fdl - Turbo,CO900472139,Honest Food San Fernando - Turbo,San Fernando,3.75,2700.0,2700.0
8/6/2026,Bogotá,Selvatiko. - Turbo,CO900475124,Selvatiko. Colina - Turbo,Colina,3.74,3000.0,3000.0
8/6/2026,Bogotá,Bottaniko - Turbo,CO900443508,Bottaniko - Cll 93 - Turbo,Parque 93 / Castellana,3.73,2400.0,2400.0
8/6/2026,Barranquilla,The Breakfast Club - Turbo,CO900475211,The Breakfast Club Barranquilla - Turbo,Barranquilla,3.71,2700.0,2700.0
8/6/2026,Bucaramanga,Numa Cocina Mediterranea - Turbo,CO900463748,Cocina Mediterranea Cabecera - Turbo,Cabecera (Bga),3.71,2400.0,2700.0
8/6/2026,Cali,Avocalia Turbo,CO900407400,Avocalia Santa Monica - Cali - Turbo,Santa Mónica,3.69,2700.0,2700.0
8/6/2026,Bogotá,Alba Vegetarian - Turbo,CO900475346,Alba Vegetarian Chico - Turbo,Chicó,3.68,3000.0,3000.0
8/6/2026,Cali,Burritos & Co - Turbo,CO900410573,Burritos And Co Cali - Turbo,Otra,3.68,2700.0,2700.0
8/6/2026,Bogotá,Pret Sandwich Bistro - Turbo,CO900464394,Pret Sandwich Bistro Cl 109 - Turbo,Calle 109,3.67,2400.0,2400.0
8/6/2026,Bogotá,Alba Vegetarian - Turbo,CO900473540,Alba Vegetarian - Kennedy Calle 26 Sur #72c 258 - Turbo,Kennedy,3.65,2700.0,3000.0
8/6/2026,Bogotá,Brunch & Munch - Turbo,CO900409672,Brunch & Munch Chapinero - Turbo,Chapinero,3.62,2400.0,2400.0
8/6/2026,Medellín,Alba Vegetarian - Turbo,CO900443008,Alba Vegetarian - Laureles - Turbo,Laureles,3.61,2700.0,2700.0
8/6/2026,Cali,Avocalia Turbo,CO900405544,Avocalia Cali - San Fernando - Turbo,San Fernando,3.58,2400.0,2400.0
8/6/2026,Bogotá,Mañanero Diario - Turbo,CO900476020,Mañanero Diario Chico - Turbo,Chicó,3.55,3000.0,3000.0
8/6/2026,Bogotá,Selvatiko. - Turbo,CO900475116,Selvatiko. Chapinero - Turbo,Chapinero,3.53,2400.0,2400.0
8/6/2026,Cali,Dembow - Turbo,CO900473646,Dembow - Santa Mónica - Turbo,Santa Mónica,3.52,2400.0,2400.0
8/6/2026,Bogotá,Desayunos de la Abuela - Turbo,CO900473561,Desayunos de la Abuela Andes - Turbo,Andes,3.51,2400.0,2400.0
8/6/2026,Bogotá,House Of Salads - Turbo,CO900488856,House Of Salads Arrecife - Turbo,Arrecife,3.46,3000.0,3000.0
8/6/2026,Medellín,Desayunos de la Abuela - Turbo,CO900446317,Desayunos de la Abuela Laureles - Turbo,Laureles,3.46,2700.0,2700.0
8/6/2026,Bucaramanga,Selvatiko. - Turbo,CO900475119,Selvatiko. Cabecera - Turbo,Cabecera (Bga),3.45,3000.0,3000.0
8/6/2026,Bogotá,Burrito Cantina - Turbo,CO900467387,Burrito Cantina Castellana - Turbo,Parque 93 / Castellana,3.43,2700.0,2700.0
8/6/2026,Bogotá,House Of Salads - Turbo,CO900445676,House Of Salad Colina - Turbo,Colina,3.41,2700.0,2700.0
8/6/2026,Bogotá,Pret Sandwich Bistro - Turbo,CO900416172,Pret Sandwich Bistro Chapinero - Turbo,Chapinero,3.41,2400.0,2400.0
8/6/2026,Cali,Burritos & Co - Turbo,CO900410569,Burritos & CO Cali - San Fernando - Turbo,San Fernando,3.41,2700.0,2700.0
8/6/2026,Bogotá,Acpm Corrientazo - Turbo,CO900467511,Acpm Corrientazo Castellana - Turbo,Parque 93 / Castellana,3.39,2400.0,2400.0
8/6/2026,Medellín,The Breakfast Club - Turbo,CO900475214,The Breakfast Club Laurele - Turbo,Laureles,3.39,2700.0,2700.0
8/6/2026,Bogotá,Sanduches el Jefe - Turbo,CO900420512,Sandwich el Jefe Colina - Turbo,Colina,3.38,2400.0,2400.0
8/6/2026,Cali,La Cuadra - Turbo,CO900416195,La Cuadra Santa Monica - Cali - Turbo,Santa Mónica,3.37,3000.0,3000.0
8/6/2026,Cali,Local Cocina Consciente - Turbo,CO900477097,Local - Cocina Consciente San Fernando - Turbo,San Fernando,3.35,2700.0,2700.0
8/6/2026,Cali,Almuerzos D´la Casa - Turbo,CO900471211,Almuerzos D´la Casa - San Fernando - Turbo,San Fernando,3.34,3000.0,3000.0
8/6/2026,Bucaramanga,Burrito Cantina - Turbo,CO900467384,Burrito Cantina Bucaramanga - Turbo,Cabecera (Bga),3.33,2400.0,2700.0
8/6/2026,Medellín,Brunch & Munch - Turbo,CO900405253,Brunch & Munch Laureles - Turbo,Laureles,3.31,2700.0,2700.0
8/6/2026,Bogotá,Monteverde - Turbo,CO900450767,Monteverde Colina - Turbo,Colina,3.29,2700.0,2700.0
8/6/2026,Cartagena,Mr Beast Burger - Turbo,CO900481990,Mr Beast Cartagena - Turbo,Cartagena,3.29,2400.0,2400.0
8/6/2026,Bogotá,Ñamgucheria Sandwiches - Turbo,CO900439229,Ñamguchería Castellana - Turbo,Parque 93 / Castellana,3.27,2400.0,2400.0
8/6/2026,Bogotá,Honest Food Fdl - Turbo,CO900463745,Honest Food Cl 109 - Turbo,Calle 109,3.26,2700.0,3000.0
8/6/2026,Bogotá,Burrito Cantina - Turbo,CO900488277,Burrito Cantina Arrecife - Turbo,Arrecife,3.26,3000.0,3000.0
8/6/2026,Bogotá,The Breakfast Club - Turbo,CO900475207,The Breakfast Club Kennedy - Turbo,Kennedy,3.26,2400.0,2700.0
8/6/2026,Bogotá,Ñamgucheria Sandwiches - Turbo,CO900473584,Ñamguchería Andes - Turbo,Andes,3.25,2400.0,2400.0
8/6/2026,Bogotá,Cacerola - Turbo,CO900416214,Cacerola Castellana - Turbo,Parque 93 / Castellana,3.25,2400.0,2400.0
8/6/2026,Cali,Acpm Corrientazo - Turbo,CO900467504,Acpm Corrientazo San Fernando - Turbo,San Fernando,3.25,3000.0,3000.0
8/6/2026,Bogotá,Mr Beast Burger - Turbo,CO900405271,Mr Beast Villa Del Prado - Turbo,Villa del Prado,3.23,2400.0,2400.0
8/6/2026,Cali,Alba Vegetarian - Turbo,CO900443016,Alba Vegetarian - San Fernando - Turbo,San Fernando,3.23,2700.0,3000.0
8/6/2026,Bogotá,Burritos & Co - Turbo,CO900420641,Burritos And Co - Colina - Turbo,Colina,3.22,2700.0,2700.0
8/6/2026,Bogotá,Mr Beast Burger - Turbo,CO900420303,Mr Beast Kennedy - Turbo,Kennedy,3.22,2400.0,2400.0
8/6/2026,Bogotá,Señor Burrito. - Turbo,CO900467418,Señor Burrito 93 - Turbo,Parque 93 / Castellana,3.22,2400.0,2400.0
8/6/2026,Cali,Green House Fd - Turbo,CO900438444,Green House San Fernando - Turbo,San Fernando,3.21,2400.0,2700.0
8/6/2026,Medellín,Selvatiko. - Turbo,CO900475123,Selvatiko. Laureles - Turbo,Laureles,3.21,2700.0,2700.0
8/6/2026,Bucaramanga,Cacerola - Turbo,CO900473672,Cacerola - Cabecera - Turbo,Cabecera (Bga),3.19,2400.0,2400.0
8/6/2026,Bogotá,Señor Burrito. - Turbo,CO900464393,Señor Burrito 109 - Turbo,Calle 109,3.17,3000.0,3000.0
8/6/2026,Bogotá,Burritos & Co - Turbo,CO900464311,Burritos & Co Cl 109 - Turbo,Calle 109,3.16,2700.0,3000.0
8/6/2026,Cartagena,Ñamgucheria Sandwiches - Turbo,CO900481992,Ñamguchería Cartagena - Turbo,Cartagena,3.15,2700.0,3000.0
8/6/2026,Barranquilla,Pret Sandwich Bistro - Turbo,CO900416176,Pret Sandwich Bistro Barranquilla Nte - Turbo,Barranquilla,3.14,2700.0,2700.0
8/6/2026,Cali,House Of Salads - Turbo,CO900445681,House Of Salad Santa Monica - Turbo,Santa Mónica,3.14,2400.0,2400.0
8/6/2026,Bogotá,Mañanero Diario - Turbo,CO900443500,Mañanero diario Chapinero - Turbo,Chapinero,3.13,2400.0,2400.0
8/6/2026,Bogotá,Numa Cocina Mediterranea - Turbo,CO900476061,Cocina Mediterranea Andes - Turbo,Andes,2.98,2400.0,2400.0
8/6/2026,Bogotá,House Of Salads - Turbo,CO900445682,House Of Salad Chico - Turbo,Chicó,2.97,2700.0,3000.0
8/6/2026,Bogotá,Pret Sandwich Bistro - Turbo,CO900416549,Pret Sandwich Bistro 93 - Turbo,Parque 93 / Castellana,2.96,3000.0,3000.0
8/6/2026,Barranquilla,Honest Food Fdl - Turbo,CO900472141,Honest Food Barranquilla - Turbo,Barranquilla,2.95,2700.0,2700.0
8/6/2026,Bucaramanga,House Of Salads - Turbo,CO900476073,House Of Salads Cabecera - Turbo,Cabecera (Bga),2.94,3000.0,3000.0
8/6/2026,Bogotá,Bottaniko - Turbo,CO900475790,Bottaniko - Kennedy - Turbo,Kennedy,2.93,3000.0,3000.0
8/6/2026,Cali,House Of Salads - Turbo,CO900445671,House Of Salad San Fernando - Turbo,San Fernando,2.92,3000.0,3000.0
8/6/2026,Bogotá,Alba Vegetarian - Turbo,CO900488270,Alba Vegetarian Arrecife - Turbo,Arrecife,2.89,3000.0,3000.0
8/6/2026,Medellín,Green House Fd - Turbo,CO900438443,Green House Laureles - Turbo,Laureles,2.89,2700.0,2700.0
8/6/2026,Bogotá,La Cuadra - Turbo,CO900416192,La Cuadra - Castellana - Turbo,Parque 93 / Castellana,2.84,2400.0,2400.0
8/6/2026,Bogotá,Dembow - Turbo,CO900473654,Dembow - Colina - Turbo,Colina,2.83,2400.0,2400.0
8/6/2026,Medellín,Mr Beast Burger - Turbo,CO900405268,Mr Beast Manila - Turbo,Manila,2.82,3000.0,3000.0
8/6/2026,Bogotá,Bottaniko - Turbo,CO900443516,Bottaniko - Colina - Turbo,Colina,2.81,2400.0,3000.0
8/6/2026,Barranquilla,Brunch & Munch - Turbo,CO900405255,Brunch & Munch Barranquilla - Turbo,Barranquilla,2.78,2400.0,2400.0
8/6/2026,Bogotá,Mr Beast Burger - Turbo,CO900409677,Mr Beast Castellana - Turbo,Parque 93 / Castellana,2.78,2400.0,2400.0
8/6/2026,Cali,Mañanero Diario - Turbo,CO900443498,Mañanero Diario Santa Mónica (Cali Norte) - Turbo,Santa Mónica,2.78,3000.0,3000.0
8/6/2026,Medellín,Ñamgucheria Sandwiches - Turbo,CO900439223,Ñamguchería Manila - Turbo,Manila,2.77,3000.0,3000.0
8/6/2026,Bogotá,Green House Fd - Turbo,CO900438446,Green House Kennedy - Turbo,Kennedy,2.76,2700.0,2700.0
8/6/2026,Bogotá,Brunch & Munch - Turbo,CO900426740,Brunch & Munch Andes - Turbo,Andes,2.76,2400.0,2400.0
8/6/2026,Bogotá,Numa Cocina Mediterranea - Turbo,CO900476062,Cocina Mediterranea Kennedy - Turbo,Kennedy,2.74,2400.0,2700.0
8/6/2026,Barranquilla,Mañanero Diario - Turbo,CO900443503,Mañanero diario Barranquilla Norte - Turbo CHURNEADO,Barranquilla,2.73,2400.0,3000.0
8/6/2026,Bogotá,Foodology Court - Turbo,CO900471304,Foodology Kennedy - Turbo,Kennedy,2.73,2400.0,2400.0
8/6/2026,Medellín,Sanduches el Jefe - Turbo,CO900419500,Sandwich El Jefe Laureles - Turbo,Laureles,2.73,2700.0,3000.0
8/6/2026,Cali,Alba Vegetarian - Turbo,CO900443011,Alba Vegetarian - Santa Monica - Turbo,Santa Mónica,2.72,2400.0,2700.0
8/6/2026,Bogotá,Monteverde - Turbo,CO900463719,Monteverde Cl 109 - Turbo,Calle 109,2.71,2700.0,3000.0
8/6/2026,Bogotá,la Cuadra Desayunos Caseros - Turbo,CO900467493,La Cuadra Desayunos Caseros Usaquen - Turbo,Usaquén,2.71,3000.0,3000.0
8/6/2026,Bogotá,Mañanero Diario - Turbo,CO900443497,Mañanero diario Colina - Turbo,Colina,2.71,2700.0,2700.0
8/6/2026,Bogotá,Almuerzos D´la Casa - Turbo,CO900475129,Almuerzos D` La Casa - Kennedy - Turbo,Kennedy,2.69,2700.0,3000.0
8/6/2026,Bogotá,Alba Vegetarian - Turbo,CO900475345,Alba Vegetarian Cl 109 - Turbo,Calle 109,2.68,2700.0,3000.0
8/6/2026,Bogotá,Ñamgucheria Sandwiches - Turbo,CO900439225,Ñamguchería Chapinero - Turbo,Chapinero,2.68,2400.0,2700.0
8/6/2026,Bucaramanga,Monteverde - Turbo,CO900450765,Monteverde Cabecera - Turbo,Cabecera (Bga),2.68,3000.0,3000.0
8/6/2026,Bogotá,Green House Fd - Turbo,CO900438447,Green House Villa Del Prado - Turbo Cra. 55  243,Villa del Prado,2.66,2700.0,2700.0
8/6/2026,Bogotá,House Of Salads - Turbo,CO900445677,House Of Salad Villa del Prado - Turbo,Villa del Prado,2.66,3000.0,3000.0
8/6/2026,Cali,Cacerola - Turbo,CO900416209,Cacerola Cali - San Fernando - Turbo,San Fernando,2.66,2400.0,2400.0
8/6/2026,Cali,Almuerzos D´la Casa - Turbo,CO900471208,Almuerzos D´la Casa - Santa Monica - Turbo,Santa Mónica,2.66,2700.0,2700.0
8/6/2026,Cali,Burrito Cantina - Turbo,CO900467383,Burrito Cantina San Fernando - Turbo,San Fernando,2.64,2700.0,3000.0
8/6/2026,Medellín,Desayuno Mi Tierrita - Turbo,CO900465157,Desayuno Mi Tierrita Laureles - Turbo,Laureles,2.64,2700.0,3000.0
8/6/2026,Barranquilla,Burrito Cantina - Turbo,CO900467386,Burrito Cantina Barranquilla Norte - Turbo,Barranquilla,2.63,2700.0,2700.0
8/6/2026,Cali,Cinnabon - Turbo,CO900405124,Cinnabon San Fernando - Turbo,San Fernando,2.63,2700.0,2700.0
8/6/2026,Medellín,Monteverde - Turbo,CO900450764,Monteverde Laureles - Turbo Calle 32F,Laureles,2.63,2700.0,2700.0
8/6/2026,Bogotá,Dembow - Turbo,CO900473650,Dembow - Andes - Turbo,Andes,2.62,3000.0,3000.0
8/6/2026,Bucaramanga,Dembow - Turbo,CO900473642,Dembow - Cabecera - Turbo,Cabecera (Bga),2.59,2700.0,3000.0
8/6/2026,Bogotá,Green House Fd - Turbo,CO900438452,Green House Chapinero - Turbo,Chapinero,2.58,2700.0,2700.0
8/6/2026,Bogotá,The Breakfast Club - Turbo,CO900475212,The Breakfast Club Andes - Turbo,Andes,2.56,2400.0,2400.0
8/6/2026,Medellín,Sanduches el Jefe - Turbo,CO900419507,Sandwich El Jefe Manila - Turbo,Manila,2.56,3000.0,3000.0
8/6/2026,Medellín,Burritos & Co - Turbo,CO900410568,Burritos And Co Laureles - Turbo,Laureles,2.56,2700.0,3000.0
8/6/2026,Barranquilla,Green House Fd - Turbo,CO900438451,Green House Barranquilla - Turbo,Barranquilla,2.55,2700.0,2700.0
8/6/2026,Cali,Sanduches el Jefe - Turbo,CO900419506,Sandwich El Jefe San Fernando - Turbo,San Fernando,2.55,3000.0,3000.0
8/6/2026,Bogotá,Ñamgucheria Sandwiches - Turbo,CO900473582,Ñamguchería Kennedy - Turbo,Kennedy,2.54,2400.0,2700.0
8/6/2026,Cartagena,Brunch & Munch - Turbo,CO900481032,Brunch & Munch - Cartagena - Turbo,Cartagena,2.54,2400.0,2400.0
8/6/2026,Bogotá,Avocalia Turbo,CO900405546,Avocalia - Villa Del Prado - Turbo,Villa del Prado,2.53,2400.0,2400.0
8/6/2026,Bogotá,Cinnabon Foodology - Turbo,CO900410068,Cinnabon Chapinero - Turbo,Chapinero,2.52,2700.0,2700.0
8/6/2026,Bogotá,Avocalia Turbo,CO900464312,Avocalia Cl 109 - Turbo,Calle 109,2.49,2700.0,3000.0
8/6/2026,Bogotá,Cinnabon - Turbo,CO900463784,Cinnabon Cl 109 - Turbo,Calle 109,2.49,3000.0,3000.0
8/6/2026,Bogotá,Mañanero Diario - Turbo,CO900475202,Mañanero Diario Cl 109 - Turbo,Calle 109,2.47,2400.0,3000.0
8/6/2026,Bogotá,Honest Food Fdl - Turbo,CO900472133,Honest Food Villa Del Prado - Turbo,Villa del Prado,2.47,2400.0,2400.0
8/6/2026,Bogotá,Green House Fd - Turbo,CO900438449,Green House Parque 93 - Turbo,Parque 93 / Castellana,2.44,2700.0,2700.0
8/6/2026,Bogotá,Honest Food Fdl - Turbo,CO900472137,Honest Food Chapinero - Turbo,Chapinero,2.44,2700.0,3000.0
8/6/2026,Bogotá,Señor Burrito. - Turbo,CO900467426,Señor Burrito Chapinero - Turbo,Chapinero,2.44,2700.0,2700.0
8/6/2026,Cali,Desayunos de la Abuela - Turbo,CO900472679,Desayunos de la Abuela Ingenio - Turbo,Ingenio,2.44,2400.0,2400.0
8/6/2026,Bucaramanga,la Cuadra Desayunos Caseros - Turbo,CO900470910,La Cuadra Desayunos Caseros Cabecera - Turbo,Cabecera (Bga),2.43,3000.0,3000.0
8/6/2026,Cali,La Cuadra - Turbo,CO900416200,La Cuadra Cali - San Fernando - Turbo,San Fernando,2.43,2700.0,2700.0
8/6/2026,Medellín,Foodology Court - Turbo,CO900465144,Foodology Laureles - Turbo Calle 32f #66b-254,Laureles,2.43,2700.0,3000.0
8/6/2026,Bucaramanga,Señor Burrito. - Turbo,CO900467424,Señor Burrito Cabecera - Turbo,Cabecera (Bga),2.42,3000.0,3000.0
8/6/2026,Bogotá,Honest Food Fdl - Turbo,CO900472138,Honest Food Calle 93 - Turbo,Parque 93 / Castellana,2.41,2400.0,2400.0
8/6/2026,Cali,Señor Burrito. - Turbo,CO900467419,Señor Burrito San Fernando - Turbo,San Fernando,2.41,2700.0,2700.0
8/6/2026,Medellín,Almuerzos D´la Casa - Turbo,CO900471207,Almuerzos D´la Casa - Laureles - Turbo,Laureles,2.41,2700.0,3000.0
8/6/2026,Bogotá,La Cuadra - Turbo,CO900420509,La Cuadra - Kennedy - Turbo,Kennedy,2.38,2700.0,3000.0
8/6/2026,Cali,Selvatiko. - Turbo,CO900475114,Selvatiko. Santa Monica - Turbo,Santa Mónica,2.35,2400.0,2700.0
8/6/2026,Cali,Cinnabon - Turbo,CO900407398,Cinnabon Santa Mónica (Cali Norte) - Turbo,Santa Mónica,2.31,3000.0,3000.0
8/6/2026,Medellín,Avocalia Turbo,CO900405766,Avocalia Laureles - Turbo,Laureles,2.31,2700.0,2700.0
8/6/2026,Bucaramanga,Honest Food Fdl - Turbo,CO900472134,Honest Food Cabecera - Turbo,Cabecera (Bga),2.29,3000.0,3000.0
8/6/2026,Bogotá,Selvatiko. - Turbo,CO900475118,Selvatiko. Villa del prado - Turbo,Villa del Prado,2.28,3000.0,3000.0
8/6/2026,Bogotá,la Cuadra Desayunos Caseros - Turbo,CO900488956,la Cuadra Desayunos Arrecife - Turbo,Arrecife,2.28,3000.0,3000.0
8/6/2026,Bogotá,Avocalia Turbo,CO900410780,Avocalia Chicó - Turbo,Chicó,2.27,3000.0,3000.0
8/6/2026,Bogotá,Local Cocina Consciente - Turbo,CO900477107,Local - Cocina Consciente Calle 93 - Turbo,Parque 93 / Castellana,2.26,2700.0,3000.0
8/6/2026,Bogotá,Dembow - Turbo,CO900473649,Dembow - Calle 93 - Turbo,Parque 93 / Castellana,2.25,2400.0,2400.0
8/6/2026,Bogotá,Cacerola - Turbo,CO900416212,Cacerola Chapinero - Turbo,Chapinero,2.25,2400.0,2400.0
8/6/2026,Bogotá,Desayunos de la Abuela - Turbo,CO900446276,Desayunos de la Abuela Calle 93 - Turbo,Parque 93 / Castellana,2.24,2700.0,2700.0
8/6/2026,Medellín,Cinnabon - Turbo,CO900396466,Cinnabon Laureles - Turbo,Laureles,2.24,2700.0,3000.0
8/6/2026,Bogotá,La Cuadra - Turbo,CO900416199,La Cuadra - Chapinero - Turbo,Chapinero,2.23,2700.0,3000.0
8/6/2026,Bogotá,Sanduches el Jefe - Turbo,CO900419502,Sandwich El Jefe Chapinero - Turbo,Chapinero,2.23,2400.0,2700.0
8/6/2026,Bogotá,Almuerzos D´la Casa - Turbo,CO900471210,Almuerzos D´la Casa - Chapinero - Turbo,Chapinero,2.23,2400.0,2700.0
8/6/2026,Cali,Señor Burrito. - Turbo,CO900467417,Señor Burrito Santa Monica - Turbo,Santa Mónica,2.23,3000.0,3000.0
8/6/2026,Bogotá,Burritos & Co - Turbo,CO900410572,Burritos And Co 93 - Turbo,Parque 93 / Castellana,2.22,2700.0,2700.0
8/6/2026,Medellín,la Cuadra Desayunos Caseros - Turbo,CO900467500,La Cuadra Desayunos Caseros Manila - Turbo,Manila,2.22,3000.0,2400.0
8/6/2026,Medellín,Desayunos de la Abuela - Turbo,CO900446309,Desayunos de la Abuela Manila - Turbo,Manila,2.19,3000.0,3000.0
8/6/2026,Bogotá,House Of Salads - Turbo,CO900445673,House Of Salad Chapinero - Turbo,Chapinero,2.17,2400.0,2700.0
8/6/2026,Bogotá,Monteverde - Turbo,CO900476066,Monteverde Andes - Turbo,Andes,2.16,2700.0,2700.0
8/6/2026,Bucaramanga,Ñamgucheria Sandwiches - Turbo,CO900440620,Ñamguchería Bucaramanga. - Turbo,Cabecera (Bga),2.15,2700.0,3000.0
8/6/2026,Medellín,La Cuadra - Turbo,CO900416193,La Cuadra - Laureles - Turbo,Laureles,2.13,2700.0,2700.0
8/6/2026,Bogotá,Desayuno Mi Tierrita - Turbo,CO900465166,Desayuno Mi Tierrita - Colina - Turbo,Colina,15.18,2400.0,2400.0
8/6/2026,Cali,Desayuno Mi Tierrita - Turbo,CO900465164,Desayuno Mi Tierrita San Fernando Cali - Turbo,San Fernando,13.95,2400.0,1000
8/6/2026,Bogotá,Cacerola - Turbo,CO900473676,Cacerola Chico - Turbo,Chicó,13.86,2700.0,1000
8/6/2026,Bogotá,Foodology Court - Turbo,CO900488781,Foodology Arrecife - Turbo,Arrecife,13.13,3000.0,1000
8/6/2026,Bogotá,Pret Sandwich Bistro - Turbo,CO900488980,Pret Sandwich Bistro Arrecife - Turbo,Arrecife,11.99,3000.0,1000
8/6/2026,Barranquilla,House Of Salads - Turbo,CO900445675,House Of Salad Barranquilla - Turbo,Barranquilla,1.98,2400.0,2400.0
8/6/2026,Barranquilla,Monteverde - Turbo,CO900450774,Monteverde Barranquilla - Turbo,Barranquilla,1.98,3000.0,3000.0
8/6/2026,Bogotá,Señor Burrito. - Turbo,CO900467421,Señor Burrito - Villa del Prado - Turbo,Villa del Prado,1.98,2400.0,2400.0
8/6/2026,Cartagena,Señor Burrito. - Turbo,CO900482004,Señor Burrito Cartagena - Turbo,Cartagena,1.98,2700.0,2700.0
8/6/2026,Bogotá,Cacerola - Turbo,CO900416213,Cacerola Usaquen - Turbo,Usaquén,1.97,2700.0,3000.0
8/6/2026,Medellín,House Of Salads - Turbo,CO900445679,House Of Salad Laureles - Turbo,Laureles,1.97,2700.0,3000.0
8/6/2026,Bogotá,Doritos Locos By Dorito - Turbo,CO900488774,Doritosclocos By Doritos Arrecife - Turbo,Arrecife,1.95,3000.0,3000.0
8/6/2026,Bogotá,Frost By Oreo - Turbo,CO900488841,Frost By Oreo Arrecife - Turbo,Arrecife,1.94,3000.0,3000.0
8/6/2026,Bogotá,Alba Vegetarian - Turbo,CO900443009,Alba Vegetarian - Chapinero - Turbo,Chapinero,1.94,2700.0,2700.0
8/6/2026,Bogotá,Burritos & Co - Turbo,CO900410665,Burritos And Co Chapinero - Turbo,Chapinero,1.93,2700.0,3000.0
8/6/2026,Bucaramanga,La Cuadra - Turbo,CO900426535,La Cuadra - Bucaramanga - Turbo,Cabecera (Bga),1.93,3000.0,3000.0
8/6/2026,Cali,la Cuadra Desayunos Caseros - Turbo,CO900467495,La Cuadra Desayunos San Fernando - Turbo,San Fernando,1.93,3000.0,3000.0
8/6/2026,Bogotá,Acpm Corrientazo - Turbo,CO900470916,Acpm Corrientazo Andes - Turbo,Andes,1.92,2700.0,2700.0
8/6/2026,Barranquilla,La Cuadra - Turbo,CO900416197,La Cuadra Barranquilla Norte - Turbo,Barranquilla,1.89,2700.0,3000.0
8/6/2026,Barranquilla,Avocalia Turbo,CO900405547,Avocalia Barranquilla - Turbo,Barranquilla,1.89,2700.0,3000.0
8/6/2026,Cali,Helados San Jerónimo - Turbo,CO900407396,Heladería San Jerónimo Santa Mónica (Cali Norte) - Turbo,Santa Mónica,1.89,2400.0,2400.0
8/6/2026,Bogotá,Monteverde - Turbo,CO900450773,Monteverde Villa Del Prado - Turbo,Villa del Prado,1.88,2700.0,3000.0
8/6/2026,Bogotá,Vicio - Turbo,CO900489022,Vicio Arrecife - Turbo,Arrecife,1.88,3000.0,3000.0
8/6/2026,Medellín,Señor Burrito. - Turbo,CO900467423,Señor Burrito Laureles - Turbo,Laureles,1.88,2700.0,2700.0
8/6/2026,Bogotá,Mr Beast Burger - Turbo,CO900409679,Mr Beast Usaquén - Turbo,Usaquén,1.87,2700.0,3000.0
8/6/2026,Cali,Mr Beast Burger - Turbo,CO900476815,Mr Beast Ingenio - Turbo,Ingenio,1.87,2400.0,2400.0
8/6/2026,Bogotá,Almuerzos D´la Casa - Turbo,CO900473543,Almuerzos D´la Casa - Andes - Turbo,Andes,1.86,2700.0,2700.0
8/6/2026,Cali,Frost By Oreo - Turbo,CO900407399,Frost By Oreo Santa Mónica (Cali Norte) - Turbo,Santa Mónica,1.85,3000.0,3000.0
8/6/2026,Barranquilla,Alba Vegetarian - Turbo,CO900443015,Alba Vegetarian - Norte - Turbo,Barranquilla,1.84,2700.0,3000.0
8/6/2026,Bogotá,Honest Food Fdl - Turbo,CO900475459,Honest Food Andes - Turbo,Andes,1.84,2700.0,2700.0
8/6/2026,Bogotá,Burrito Cantina - Turbo,CO900467381,Burrito Cantina Usaquén - Turbo,Usaquén,1.83,2700.0,3000.0
8/6/2026,Bogotá,Burritos & Co - Turbo,CO900420642,Burritos And Co - Kennedy - Turbo,Kennedy,1.82,2700.0,3000.0
8/6/2026,Medellín,Mañanero Diario - Turbo,CO900443494,Mañanero diario Laureles - Turbo,Laureles,1.82,2700.0,3000.0
8/6/2026,Bogotá,Brunch & Munch - Turbo,CO900409674,Brunch & Munch Usaquen - Turbo,Usaquén,1.81,3000.0,3000.0
8/6/2026,Bucaramanga,Almuerzos D´la Casa - Turbo,CO900471204,Almuerzos D´la Casa - Cabecera - Turbo,Cabecera (Bga),1.78,2700.0,2700.0
8/6/2026,Cartagena,Alba Vegetarian - Turbo,CO900479519,Alba Vegetarian - Cartagena Calle 24a 329 - Turbo,Cartagena,1.77,2700.0,2700.0
8/6/2026,Bogotá,Cinnabon - Turbo,CO900416553,Cinnabon Villa Del Prado - Turbo,Villa del Prado,1.76,2700.0,2700.0
8/6/2026,Bogotá,Numa Cocina Mediterranea - Turbo,CO900463760,Cocina Mediterranea Usaquen - Turbo,Usaquén,1.75,2400.0,2400.0
8/6/2026,Bogotá,Foodology Court - Turbo,CO900465138,Foodology Cl 109 - Turbo Cl. 109 #15-28,Calle 109,1.74,3000.0,3000.0
8/6/2026,Bogotá,Burrito Cantina - Turbo,CO900470960,Burrito Cantina Kennedy - Turbo,Kennedy,1.74,3000.0,3000.0
8/6/2026,Bogotá,Señor Burrito. - Turbo,CO900471311,Señor Burrito Andes - Turbo,Andes,1.74,2400.0,2400.0
8/6/2026,Bucaramanga,Burritos & Co - Turbo,CO900426541,Burritos & Co Bucaramanga - Turbo,Cabecera (Bga),1.74,3000.0,3000.0
8/6/2026,Bogotá,Señor Burrito. - Turbo,CO900471310,Señor Burrito Kennedy - Turbo,Kennedy,1.73,3000.0,3000.0
8/6/2026,Bogotá,The Breakfast Club - Turbo,CO900475289,The Breakfast Club Usaquen - Turbo,Usaquén,1.68,3000.0,3000.0
8/6/2026,Medellín,Cacerola - Turbo,CO900416206,Cacerola Manila - Medellin - Turbo,Manila,1.68,3000.0,3000.0
8/6/2026,Barranquilla,Burritos & Co - Turbo,CO900410570,Burritos & Co Barranquilla - Turbo,Barranquilla,1.67,2700.0,2700.0
8/6/2026,Cali,Burritos & Co - Turbo,CO900473554,Burritos & Co - Ingenio - Turbo,Ingenio,1.67,2400.0,2400.0
8/6/2026,Bogotá,Acpm Corrientazo - Turbo,CO900488269,Acpm Corrientazo Arrecife - Turbo,Arrecife,1.66,3000.0,3000.0
8/6/2026,Barranquilla,Foodology Court - Turbo,CO900465150,Foodology Barranquilla Nte - Turbo Cra. 45 #85-168,Barranquilla,1.65,2700.0,3000.0
8/6/2026,Bogotá,Vicio - Turbo,CO900400178,Vicio Castellana - Turbo,Parque 93 / Castellana,1.65,2700.0,2700.0
8/6/2026,Cartagena,House Of Salads - Turbo,CO900481978,House Of Salads Cartagena - Turbo,Cartagena,1.65,2700.0,2700.0
8/6/2026,Bogotá,Avocalia Turbo,CO900420304,Avocalia - Kennedy - Turbo,Kennedy,1.64,2700.0,2700.0
8/6/2026,Bogotá,Sanduches el Jefe - Turbo,CO900419505,Sandwich el Jefe Usaquen - Turbo Calle 120A #3A11 236,Usaquén,1.62,2700.0,2700.0
8/6/2026,Medellín,Burrito Cantina - Turbo,CO900467377,Burrito Cantina Manila - Turbo,Manila,1.59,3000.0,3000.0
8/6/2026,Medellín,Brunch & Munch - Turbo,CO900405254,Brunch & Munch Manila - Medellin - Turbo,Manila,1.58,3000.0,3000.0
8/6/2026,Bogotá,Cacerola - Turbo,CO900473675,Cacerola - Andes - Turbo,Andes,1.57,2400.0,2400.0
8/6/2026,Bucaramanga,Bottaniko - Turbo,CO900443514,Bottaniko - Bucaramanga - Turbo,Cabecera (Bga),1.57,3000.0,3000.0
8/6/2026,Bogotá,Cacerola - Turbo,CO900416208,Cacerola - Villa del Prado  - Turbo,Villa del Prado,1.56,2700.0,2700.0
8/6/2026,Barranquilla,Almuerzos D´la Casa - Turbo,CO900471203,Almuerzos D´la Casa - Barranquilla Norte - Turbo,Barranquilla,1.55,3000.0,3000.0
8/6/2026,Medellín,Honest Food Fdl - Turbo,CO900472143,Honest Food Manila - Turbo,Manila,1.54,3000.0,3000.0
8/6/2026,Cartagena,Acpm Corrientazo - Turbo,CO900479517,Acpm Corrientazo Cartagena - Turbo,Cartagena,1.52,2400.0,3000.0
8/6/2026,Medellín,The Breakfast Club - Turbo,CO900475283,The Breakfast Club Manila - Turbo,Manila,1.52,3000.0,3000.0
8/6/2026,Bogotá,Monteverde - Turbo,CO900450779,Monteverde Chapinero - Turbo,Chapinero,1.51,2700.0,2700.0
8/6/2026,Bogotá,Frost By Oreo - Turbo,CO900475372,Frost By Oreo Cl 109 - Turbo,Calle 109,1.48,3000.0,3000.0
8/6/2026,Bogotá,Monteverde - Turbo,CO900449821,MonteVerde Calle 93 - Turbo,Parque 93 / Castellana,1.48,2400.0,2400.0
8/6/2026,Cartagena,Green House Fd - Turbo,CO900481820,Green House Cartagena - Turbo,Cartagena,1.46,2700.0,2700.0
8/6/2026,Bogotá,Burritos & Co - Turbo,CO900426540,Burritos & Co Andes - Turbo,Andes,1.45,2700.0,3000.0
8/6/2026,Bogotá,Avocalia Turbo,CO900473671,Avocalia Andes Mp - Turbo,Andes,1.43,2700.0,3000.0
8/6/2026,Bogotá,Avocalia Turbo,CO900401242,Avocalia - Castellana - Turbo,Parque 93 / Castellana,1.41,2400.0,2400.0
8/6/2026,Medellín,La Cuadra - Turbo,CO900416201,La Cuadra Manila - Medellin - Turbo,Manila,1.41,3000.0,3000.0
8/6/2026,Bogotá,Helados San Jerónimo - Turbo,CO900488984,Helados San Jerónimo Arrecife - Turbo,Arrecife,1.38,3000.0,3000.0
8/6/2026,Medellín,Selvatiko. - Turbo,CO900475117,Selvatiko. Manila - Turbo,Manila,1.34,3000.0,3000.0
8/6/2026,Medellín,Desayuno Mi Tierrita - Turbo,CO900465160,Desayuno Mi Tierrita Manila - Turbo,Manila,1.32,3000.0,3000.0
8/6/2026,Barranquilla,Selvatiko. - Turbo,CO900475115,Selvatiko. Barranquilla Norte - Turbo,Barranquilla,1.29,2400.0,2400.0
8/6/2026,Bogotá,Numa Cocina Mediterranea - Turbo,CO900463747,Numa Cocina Mediterranea Chapinero - Turbo,Chapinero,1.29,2400.0,2400.0
8/6/2026,Medellín,House Of Salads - Turbo,CO900445683,House Of Salad Manila - Turbo,Manila,1.29,3000.0,3000.0
8/6/2026,Bogotá,La Cuadra - Turbo,CO900426536,La Cuadra - Andes - Turbo,Andes,1.27,2700.0,3000.0
8/6/2026,Medellín,Monteverde - Turbo,CO900450776,Monteverde Manila - Turbo,Manila,1.27,3000.0,3000.0
8/6/2026,Barranquilla,Cinnabon - Turbo,CO900414571,Cinnabon Barranquilla Norte - Turbo,Barranquilla,1.25,2700.0,3000.0
8/6/2026,Medellín,Burritos & Co - Turbo,CO900410576,Burritos & Co Manila - Medellin - Turbo,Manila,1.25,3000.0,3000.0
8/6/2026,Cartagena,Honest Food Fdl - Turbo,CO900481826,Honest Food Cartagena - Turbo,Cartagena,1.24,2700.0,2700.0
8/6/2026,Medellín,Helados San Jerónimo - Turbo,CO900405135,Heladería San Jerónimo Laureles - Turbo,Laureles,1.23,2700.0,3000.0
8/6/2026,Bogotá,Alba Vegetarian - Turbo,CO900476064,Alba Vegetarian Villa Del Prado - Turbo,Villa del Prado,1.22,2700.0,2700.0
8/6/2026,Bogotá,Selvatiko. - Turbo,CO900475113,Selvatiko. Kennedy - Turbo,Kennedy,1.22,2700.0,2700.0
8/6/2026,Cali,Avocalia Turbo,CO900472745,Avocalia - Ingenio - Turbo,Ingenio,1.22,2400.0,2400.0
8/6/2026,Cartagena,La Cuadra - Turbo,CO900481970,La Cuadra - Cartagena - Turbo,Cartagena,1.21,2700.0,2700.0
8/6/2026,Bogotá,Green House Fd - Turbo,CO900438448,Green House Usaquen - Turbo,Usaquén,1.19,2700.0,3000.0
8/6/2026,Medellín,Almuerzos D´la Casa - Turbo,CO900471213,Almuerzos D´la Casa - Manila - Turbo,Manila,1.19,3000.0,3000.0
8/6/2026,Medellín,Vicio - Turbo,CO900396759,Vicio Laureles - Turbo,Laureles,1.18,2700.0,3000.0
8/6/2026,Medellín,Alba Vegetarian - Turbo,CO900443014,Alba Vegetarian - Manila - Turbo,Manila,1.17,3000.0,3000.0
8/6/2026,Bogotá,Vicio - Turbo,CO900426529,Vicio Andes - Turbo,Andes,1.16,3000.0,3000.0
8/6/2026,Cartagena,Monteverde - Turbo,CO900482005,Monteverde Cartagena - Turbo,Cartagena,1.16,2700.0,2700.0
8/6/2026,Bogotá,Foodology Court - Turbo,CO900465151,Foodology Usaquen - Turbo Cl. 120a #3,Usaquén,1.15,3000.0,3000.0
8/6/2026,Medellín,Señor Burrito. - Turbo,CO900467427,Señor Burrito Manila - Turbo,Manila,1.15,3000.0,3000.0
8/6/2026,Bogotá,Cinnabon - Turbo,CO900402238,Cinnabon Usaquén - Turbo,Usaquén,1.13,3000.0,3000.0
8/6/2026,Cali,Pret Sandwich Bistro - Turbo,CO900416171,Pret Sandwich Bistro San Fernando - Turbo,San Fernando,1.13,3000.0,3000.0
8/6/2026,Cartagena,Pret Sandwich Bistro - Turbo,CO900481996,Pret Sandwich Bistro Cartagena - Turbo,Cartagena,1.13,2400.0,2400.0
8/6/2026,Medellín,Avocalia Turbo,CO900405545,Avocalia - Manila - Turbo,Manila,1.13,3000.0,3000.0
8/6/2026,Bogotá,Almuerzos D´la Casa - Turbo,CO900471212,Almuerzos D´la Casa - Colina - Turbo,Colina,0.98,2700.0,2700.0
8/6/2026,Medellín,Vicio - Turbo,CO900405130,Vicio Manila - Turbo,Manila,0.97,3000.0,3000.0
8/6/2026,Bogotá,Mañanero Diario - Turbo,CO900475200,Mañanero Andes - Turbo,Andes,0.95,3000.0,3000.0
8/6/2026,Medellín,Pret Sandwich Bistro - Turbo,CO900416174,Pret Sándwich Bistro Manila - Turbo,Manila,0.95,3000.0,3000.0
8/6/2026,Bogotá,Honest Food Fdl - Turbo,CO900472136,Honest Food Usaquen - Turbo,Usaquén,0.93,2700.0,3000.0
8/6/2026,Bogotá,Avocalia Turbo,CO900401243,Avocalia Usaquén - Turbo,Usaquén,0.93,3000.0,3000.0
8/6/2026,Bogotá,Numa Cocina Mediterranea - Turbo,CO900463762,Cocina Mediterranea Villa Del Prado - Turbo,Villa del Prado,0.92,2400.0,2400.0
8/6/2026,Bogotá,Desayunos de la Abuela - Turbo,CO900488283,Desayunos de la Abuela Arrecife - Turbo,Arrecife,0.92,3000.0,3000.0
8/6/2026,Bogotá,Frost By Oreo - Turbo,CO900400262,Frost By Oreo Castellana - Turbo,Parque 93 / Castellana,0.92,2700.0,2700.0
8/6/2026,Bogotá,Doritos Locos By Dorito - Turbo,CO900473563,Doritos Locos By Dorito Andes - Turbo,Andes,0.9,3000.0,3000.0
8/6/2026,Bogotá,Mañanero Diario - Turbo,CO900443496,Mañanero Diario Usaquén - Turbo,Usaquén,0.88,3000.0,3000.0
8/6/2026,Cali,Bottaniko - Turbo,CO900443505,Bottaniko Cali - San Fernando - Turbo,San Fernando,0.88,2400.0,2400.0
8/6/2026,Medellín,Acpm Corrientazo - Turbo,CO900467512,Acpm Corrientazo Manila - Turbo,Manila,0.88,3000.0,3000.0
8/6/2026,Medellín,Mañanero Diario - Turbo,CO900443495,Mañanero diario Manila - Turbo,Manila,0.88,3000.0,3000.0
8/6/2026,Bogotá,Frost By Oreo - Turbo,CO900405219,Frost By Oreo Villa Del Prado - Turbo,Villa del Prado,0.87,3000.0,3000.0
8/6/2026,Bucaramanga,Mañanero Diario - Turbo,CO900443504,Mañanero diario Bucaramanga - Turbo,Cabecera (Bga),0.86,2700.0,2700.0
8/6/2026,Bucaramanga,Desayuno Mi Tierrita - Turbo,CO900465167,Desayuno Mi Tierrita - Cabecera - Turbo,Cabecera (Bga),0.83,3000.0,3000.0
8/6/2026,Medellín,Foodology Court - Turbo,CO900465147,Foodology Manila - Turbo Cra. 42 #10-65,Manila,0.83,3000.0,3000.0
8/6/2026,Bogotá,Burrito Cantina - Turbo,CO900467378,Burrito Cantina Colina - Turbo,Colina,0.8,2400.0,2400.0
8/6/2026,Cartagena,Selvatiko. - Turbo,CO900482001,Selvatiko. Cartagena - Turbo,Cartagena,0.8,2400.0,2400.0
8/6/2026,Bogotá,Helados San Jerónimo - Turbo,CO900420290,San Jeronomio - Colina - Turbo,Colina,0.79,3000.0,3000.0
8/6/2026,Cali,Vicio - Turbo,CO900473606,Vicio Ingenio - Turbo,Ingenio,0.78,2400.0,2400.0
8/6/2026,Bucaramanga,Helados San Jerónimo - Turbo,CO900426594,Heladería San Jerónimo Bucaramanga - Turbo,Cabecera (Bga),0.75,3000.0,3000.0
8/6/2026,Cali,Frost By Oreo - Turbo,CO900405217,Frost By Oreo San Fernando - Turbo,San Fernando,0.74,2700.0,3000.0
8/6/2026,Bogotá,Helados San Jerónimo - Turbo,CO900414572,Heladería San Jerónimo Villa Del Prado - Turbo,Villa del Prado,0.73,3000.0,3000.0
8/6/2026,Bogotá,Pret Sandwich Bistro - Turbo,CO900473669,Pret Sandwich Bistro Kennedy - Turbo,Kennedy,0.73,2700.0,3000.0
8/6/2026,Medellín,Frost By Oreo - Turbo,CO900396768,Frost By Oreo Laureles - Turbo,Laureles,0.7,2700.0,3000.0
8/6/2026,Bogotá,Mañanero Diario - Turbo,CO900475199,Mañanero Kennedy - Turbo,Kennedy,0.69,2400.0,3000.0
8/6/2026,Cali,Helados San Jerónimo - Turbo,CO900405136,Heladería San Jerónimo San Fernando - Turbo,San Fernando,0.69,3000.0,3000.0
8/6/2026,Barranquilla,Helados San Jerónimo - Turbo,CO900410462,Heladería San Jerónimo Barranquilla Norte - Turbo,Barranquilla,0.68,3000.0,3000.0
8/6/2026,Bogotá,Frost By Oreo - Turbo,CO900409684,Frost By Oreo Chapinero - Turbo,Chapinero,0.68,2700.0,3000.0
8/6/2026,Bucaramanga,Frost By Oreo - Turbo,CO900426531,Frost by Oreo Bucaramanga - Turbo,Cabecera (Bga),0.68,3000.0,3000.0
8/6/2026,Bogotá,Vicio - Turbo,CO900420288,Vicio Kennedy - Turbo,Kennedy,0.67,3000.0,3000.0
8/6/2026,Cartagena,Vicio - Turbo,CO900482006,Vicio Cartagena - Turbo,Cartagena,0.67,3000.0,3000.0
8/6/2026,Cartagena,Almuerzos D´la Casa - Turbo,CO900479595,Almuerzos D´la Casa - Cartagena - Turbo,Cartagena,0.67,2400.0,2700.0
8/6/2026,Barranquilla,Vicio - Turbo,CO900410120,Vicio Barranquilla Norte - Turbo,Barranquilla,0.65,3000.0,3000.0
8/6/2026,Cartagena,Bottaniko - Turbo,CO900480013,Bottaniko - Cartagena - Turbo,Cartagena,0.65,2400.0,2400.0
8/6/2026,Barranquilla,Cacerola - Turbo,CO900416210,Cacerola Barranquilla - Turbo,Barranquilla,0.63,3000.0,3000.0
8/6/2026,Bogotá,House Of Salads - Turbo,CO900445678,House Of Salad Usaquen - Turbo,Usaquén,0.63,2700.0,2700.0
8/6/2026,Bogotá,Monteverde - Turbo,CO900450766,Monteverde Usaquen - Turbo,Usaquén,0.6,3000.0,3000.0
8/6/2026,Bogotá,House Of Salads - Turbo,CO900476071,House Of Salads Kennedy - Turbo,Kennedy,0.6,2400.0,2400.0
8/6/2026,Cali,Burrito Cantina - Turbo,CO900467382,Burrito Cantina Santa Mónica (Cali Norte) - Turbo,Santa Mónica,0.6,2700.0,3000.0
8/6/2026,Bogotá,Almuerzos D´la Casa - Turbo,CO900464931,Almuerzos D´la Casa - Usaquen - Turbo,Usaquén,0.59,2700.0,3000.0
8/6/2026,Bogotá,Vicio - Turbo,CO900420289,Vicio Colina - Turbo,Colina,0.59,3000.0,3000.0
8/6/2026,Bogotá,Helados San Jerónimo - Turbo,CO900426595,Heladería San Jerónimo Andes - Turbo,Andes,0.59,3000.0,3000.0
8/6/2026,Bogotá,Doritos Locos By Dorito - Turbo,CO900472107,Doritos Locos By Dorito Calle 93 - Turbo,Parque 93 / Castellana,0.58,2700.0,2700.0
8/6/2026,Bogotá,Helados San Jerónimo - Turbo,CO900409698,Heladería San Jerónimo Chapinero - Turbo,Chapinero,0.56,3000.0,3000.0
8/6/2026,Cartagena,Helados San Jerónimo - Turbo,CO900481999,Heladería San Jerónimo Cartagena - Turbo,Cartagena,0.56,3000.0,3000.0
8/6/2026,Bogotá,Foodology Court - Turbo,CO900465154,Foodology Villa Del Prado - Turbo Cra. 55 #172-27,Villa del Prado,0.55,2400.0,2700.0
8/6/2026,Cali,Ñamgucheria Sandwiches - Turbo,CO900473581,Ñamguchería Ingenio Calle 83c - Turbo,Ingenio,0.55,2400.0,2400.0
8/6/2026,Bogotá,Desayuno Mi Tierrita - Turbo,CO900465161,Desayuno Mi Tierrita - 93 - Turbo,Parque 93 / Castellana,0.53,3000.0,3000.0
8/6/2026,Barranquilla,Acpm Corrientazo - Turbo,CO900467508,Acpm Corrientazo Barranquilla Norte - Turbo,Barranquilla,0.51,3000.0,3000.0
8/6/2026,Bogotá,Mañanero Diario - Turbo,CO900443502,Mañanero diario Villa del Prado - Turbo,Villa del Prado,0.5,2700.0,2700.0
8/6/2026,Bogotá,Helados San Jerónimo - Turbo,CO900420291,Heladería San Jerónimo Kennedy - Turbo,Kennedy,0.5,3000.0,3000.0
8/6/2026,Bogotá,Burrito Cantina - Turbo,CO900470961,Burrito Cantina Andes - Turbo,Andes,0.5,2400.0,2400.0
8/6/2026,Bogotá,Vicio - Turbo,CO900409686,Vicio Chapinero - Turbo,Chapinero,0.5,2700.0,2700.0
8/6/2026,Cali,Honest Food Fdl - Turbo,CO900475461,Honest Food Ingenio - Turbo,Ingenio,0.47,2400.0,2400.0
8/6/2026,Cartagena,Desayuno Mi Tierrita - Turbo,CO900481379,Desayuno Mi Tierrita Cartagena - Turbo,Cartagena,0.47,2400.0,2400.0
8/6/2026,Barranquilla,Frost By Oreo - Turbo,CO900410135,Frost By Oreo Barranquilla Norte - Turbo,Barranquilla,0.45,3000.0,3000.0
8/6/2026,Bogotá,Acpm Corrientazo - Turbo,CO900467510,Acpm Corrientazo Villa Del Prado - Turbo,Villa del Prado,0.45,2400.0,2400.0
8/6/2026,Bogotá,Frost By Oreo - Turbo,CO900400261,Frost By Oreo Usaquén - Turbo,Usaquén,0.45,3000.0,3000.0
8/6/2026,Cali,Vicio - Turbo,CO900405131,Vicio San Fernando - Turbo,San Fernando,0.43,2700.0,3000.0
8/6/2026,Bogotá,Frost By Oreo - Turbo,CO900426530,Frost by Oreo Andes - Turbo,Andes,0.42,3000.0,3000.0
8/6/2026,Cali,Cinnabon - Turbo,CO900475098,Cinnabon Ingenio - Turbo,Ingenio,0.42,2400.0,2700.0
8/6/2026,Bogotá,Doritos Locos By Dorito - Turbo,CO900472102,Doritos Locos By Dorito Usaquen - Turbo,Usaquén,0.4,3000.0,3000.0
8/6/2026,Bogotá,Helados San Jerónimo - Turbo,CO900400750,Heladería San Jerónimo Castellana - Turbo Calle 93  247,Parque 93 / Castellana,0.36,3000.0,3000.0
8/6/2026,Bogotá,Acpm Corrientazo - Turbo,CO900467506,Acpm Corrientazo Usaquén - Turbo,Usaquén,0.35,3000.0,3000.0
8/6/2026,Cartagena,Burrito Cantina - Turbo,CO900481034,Burrito Cantina Cartagena - Turbo,Cartagena,0.35,2400.0,2400.0
8/6/2026,Cali,Foodology Court - Turbo,CO900473569,Foodology Ingenio - Turbo,Ingenio,0.32,2400.0,3000.0
8/6/2026,Bogotá,Burrito Cantina - Turbo,CO900467379,Burrito Cantina Villa del Prado - Turbo,Villa del Prado,0.31,2700.0,2700.0
8/6/2026,Bogotá,Vicio - Turbo,CO900400179,Vicio Usaquén - Turbo,Usaquén,0.31,3000.0,3000.0
8/6/2026,Medellín,Helados San Jerónimo - Turbo,CO900405137,Heladería San Jerónimo Manila - Turbo,Manila,0.31,3000.0,3000.0
8/6/2026,Bogotá,la Cuadra Desayunos Caseros - Turbo,CO900467497,La Cuadra Desayunos Caseros 93 - Turbo,Parque 93 / Castellana,0.28,3000.0,3000.0
8/6/2026,Bogotá,Helados San Jerónimo - Turbo,CO900400749,San Jeronimo - Usaquén - Turbo,Usaquén,0.26,3000.0,3000.0
8/6/2026,Bogotá,Frost By Oreo - Turbo,CO900420277,Frost By Oreo Kennedy - Turbo,Kennedy,0.25,3000.0,3000.0
8/6/2026,Medellín,Frost By Oreo - Turbo,CO900405218,Frost By Oreo Manila - Turbo,Manila,0.21,3000.0,3000.0
8/6/2026,Cartagena,la Cuadra Desayunos Caseros - Turbo,CO900481966,La Cuadra Desayunos Caseros Cartagena - Turbo,Cartagena,0.15,2400.0,3000.0
8/6/2026,Bogotá,Bottaniko - Turbo,CO900475791,Bottaniko - Andes - Turbo,Andes,0.13,2700.0,3000.0
8/6/2026,Cali,Pret Sandwich Bistro - Turbo,CO900416178,Pret Sándwich Bistro Santa Monica - Turbo,Santa Mónica,8.0,2700.0,2700.0
8/6/2026,Bogotá,Dembow - Turbo,CO900476018,Dembow Chico - Turbo,Chicó,8.0,2400.0,2400.0
8/6/2026,Cali,Brunch & Munch - Turbo,CO900407412,Brunch And Munch Santa Monica - Cali - Turbo,Santa Mónica,7.0,2400.0,2400.0
8/6/2026,Bucaramanga,Pret Sandwich Bistro - Turbo,CO900442050,Pret Sandwich Bistro Cabecera - Turbo,Cabecera (Bga),7.0,3000.0,3000.0
8/6/2026,Cali,Vicio - Turbo,CO900407402,Vicio Santa Mónica (Cali Norte) - Turbo,Santa Mónica,6.0,3000.0,3000.0
8/6/2026,Bogotá,Mr Beast Burger - Turbo,CO900488966,Mr Beast Burger Arrecife - Turbo,Arrecife,6.0,3000.0,3000.0
8/6/2026,Cali,Ñamgucheria Sandwiches - Turbo,CO900439224,Ñamguchería Santa Monica - Turbo,Santa Mónica,6.0,2400.0,2400.0
8/6/2026,Bogotá,Desayuno Mi Tierrita - Turbo,CO900465162,Desayunos Mi Tierrita - Villa del prado - Turbo,Villa del Prado,6.0,2400.0,2400.0
8/6/2026,Bogotá,Desayuno Mi Tierrita - Turbo,CO900465163,Desayuno Mi Tierrita Chapinero - Turbo,Chapinero,6.0,2400.0,2400.0
8/6/2026,Cali,Sanduches el Jefe - Turbo,CO900419504,Sandwich el Jefe Santa Monica - Turbo Poke Cali 2639,Santa Mónica,5.0,2400.0,2400.0
8/6/2026,Cali,The Breakfast Club - Turbo,CO900475210,The Breakfast Club Santa Monica - Turbo,Santa Mónica,5.0,2400.0,2400.0
8/6/2026,Bogotá,Pret Sandwich Bistro - Turbo,CO900416177,Pret Sandwich Bistro Villa del Prado - Turbo,Villa del Prado,5.0,2700.0,2700.0
8/6/2026,Barranquilla,Ñamgucheria Sandwiches - Turbo,CO900439221,Ñamguchería Barranquilla Norte - Turbo,Barranquilla,5.0,2400.0,2400.0
8/6/2026,Bogotá,Green House Fd - Turbo,CO900438442,Green House Colina - Turbo,Colina,4.0,2400.0,2400.0
8/6/2026,Bucaramanga,Sanduches el Jefe - Turbo,CO900427117,Sandwich El Jefe Bucaramanga - Turbo,Cabecera (Bga),4.0,2700.0,2700.0
8/6/2026,Bogotá,Green House Fd - Turbo,CO900463819,Green House Cl 109 - Turbo,Calle 109,4.0,2400.0,2400.0
8/6/2026,Bucaramanga,Mr Beast Burger - Turbo,CO900428937,Mr Beast Bucaramanga - Turbo,Cabecera (Bga),4.0,2700.0,2700.0
8/6/2026,Bogotá,La Cuadra - Turbo,CO900488957,la Cuadra Arrecife - Turbo,Arrecife,4.0,3000.0,3000.0
8/6/2026,Bogotá,Mr Beast Burger - Turbo,CO900428938,Mr Beast Andes - Turbo,Andes,4.0,2700.0,2700.0
8/6/2026,Bogotá,Bottaniko - Turbo,CO900464153,Bottaniko Cl 109 - Turbo,Calle 109,3.0,2700.0,3000.0
8/6/2026,Bogotá,La Cuadra - Turbo,CO900464605,La Cuadra Cl 109 - Turbo,Calle 109,3.0,2400.0,2700.0
8/6/2026,Barranquilla,Desayunos de la Abuela - Turbo,CO900446308,Desayunos de la Abuela Barranquilla - Turbo CHURNEADO,Barranquilla,3.0,2400.0,2700.0
8/6/2026,Bogotá,The Breakfast Club - Turbo,CO900475284,The Breakfast Club Chapinero - Turbo,Chapinero,3.0,2400.0,2700.0
8/6/2026,Bogotá,Desayuno Mi Tierrita - Turbo,CO900470918,Desayuno Mi Tierrita Andes - Turbo,Andes,3.0,2400.0,2400.0
8/6/2026,Bucaramanga,Desayunos de la Abuela - Turbo,CO900446313,Desayunos de la Abuela Cabecera - Turbo,Cabecera (Bga),3.0,2700.0,2700.0
8/6/2026,Bogotá,Almuerzos D´la Casa - Turbo,CO900477128,Almuerzos D´la Casa Cl 109 - Turbo,Calle 109,3.0,2400.0,3000.0
8/6/2026,Bogotá,Señor Burrito. - Turbo,CO900467422,Señor Burrito Colina - Turbo,Colina,3.0,3000.0,3000.0
8/6/2026,Bogotá,Selvatiko. - Turbo,CO900475359,Selvatiko Cl 109 - Turbo,Calle 109,3.0,2700.0,3000.0
8/6/2026,Cali,Selvatiko. - Turbo,CO900475120,Selvatiko. San Fernando - Turbo,San Fernando,3.0,2400.0,2400.0
8/6/2026,Medellín,Ñamgucheria Sandwiches - Turbo,CO900439222,Ñamguchería Laureles - Turbo,Laureles,3.0,2700.0,2700.0
8/6/2026,Bogotá,Frost By Oreo - Turbo,CO900419498,Frost By Oreo Chico - Turbo,Chicó,2.0,3000.0,3000.0
8/6/2026,Bogotá,House Of Salads - Turbo,CO900445607,House Of Salad Calle 93 - Turbo,Parque 93 / Castellana,2.0,2400.0,2700.0
8/6/2026,Bucaramanga,Avocalia Turbo,CO900427112,Avocalia Bucaramanga - Turbo,Cabecera (Bga),2.0,3000.0,3000.0
8/6/2026,Bogotá,Alba Vegetarian - Turbo,CO900475221,Alba Vegetarian - Andes - Turbo,Andes,2.0,2700.0,2700.0
8/6/2026,Bogotá,Desayunos de la Abuela - Turbo,CO900446311,Desayunos de la Abuela Chapinero - Turbo,Chapinero,2.0,2700.0,2700.0
8/6/2026,Medellín,Pret Sandwich Bistro - Turbo,CO900416173,Pret Sándwich Bistro Laureles - Turbo Calle,Laureles,2.0,2700.0,3000.0
8/6/2026,Bucaramanga,Green House Fd - Turbo,CO900438445,Green House Bucaramanga - Turbo,Cabecera (Bga),2.0,2700.0,3000.0
8/6/2026,Bucaramanga,Cinnabon - Turbo,CO900426807,Cinnabon Bucaramanga - Turbo,Cabecera (Bga),2.0,3000.0,3000.0
8/6/2026,Bogotá,Acpm Corrientazo - Turbo,CO900470917,Acpm Corrientazo Kennedy - Turbo,Kennedy,2.0,3000.0,3000.0
8/6/2026,Medellín,Bottaniko - Turbo,CO900443506,Bottaniko Laureles - Turbo,Laureles,2.0,2700.0,3000.0
8/6/2026,Bogotá,Cacerola - Turbo,CO900464389,Cacerola Cl 109 - Turbo,Calle 109,2.0,3000.0,3000.0
8/6/2026,Bogotá,Bottaniko - Turbo,CO900443511,Bottaniko - Villa del Prado - Turbo,Villa del Prado,2.0,2700.0,2700.0
8/6/2026,Bogotá,Selvatiko. - Turbo,CO900475121,Selvatiko. Andes - Turbo,Andes,2.0,2700.0,2700.0
8/6/2026,Bogotá,Monteverde - Turbo,CO900489032,Monteverde Arrecife - Turbo,Arrecife,2.0,3000.0,3000.0
8/6/2026,Bogotá,Foodology Court - Turbo,CO900465146,Foodology Chapinero - Turbo Cra. 8 #66-88,Chapinero,2.0,3000.0,3000.0
8/6/2026,Bogotá,Almuerzos D´la Casa - Turbo,CO900471209,Almuerzos D´la Casa - 93 - Turbo,Parque 93 / Castellana,2.0,2700.0,2700.0
8/6/2026,Bogotá,Bottaniko - Turbo,CO900443507,Bottaniko Chapinero - Turbo,Chapinero,2.0,2400.0,2700.0
8/6/2026,Barranquilla,Bottaniko - Turbo,CO900443515,Bottaniko Barranquilla - Turbo,Barranquilla,2.0,3000.0,3000.0
8/6/2026,Bogotá,House Of Salads - Turbo,CO900476070,House Of Salads Andes - Turbo,Andes,2.0,2400.0,3000.0
8/6/2026,Bogotá,Avocalia Turbo,CO900409671,Avocalia Chapinero - Turbo,Chapinero,2.0,2700.0,2700.0
8/6/2026,Bogotá,Alba Vegetarian - Turbo,CO900443012,Alba Vegetarian - Usaquen - Turbo,Usaquén,1.0,2700.0,2700.0
8/6/2026,Bogotá,Pret Sandwich Bistro - Turbo,CO900416175,Pret Sándwich Bistro Usaquen - Turbo,Usaquén,1.0,3000.0,3000.0
8/6/2026,Cartagena,Burritos & Co - Turbo,CO900481037,Burritos & Co - Cartagena - Turbo,Cartagena,1.0,2700.0,3000.0
8/6/2026,Bucaramanga,Acpm Corrientazo - Turbo,CO900467507,Acpm Corrientazo Bucaramanga - Turbo,Cabecera (Bga),1.0,3000.0,3000.0
8/6/2026,Bogotá,Alba Vegetarian - Turbo,CO900443017,Alba Vegetarian - Calle 93 - Turbo,Parque 93 / Castellana,1.0,2700.0,2700.0
8/6/2026,Cali,Bottaniko - Turbo,CO900443509,Bottaniko Santa Monica - Cali - Turbo,Santa Mónica,1.0,3000.0,3000.0
8/6/2026,Medellín,Dembow - Turbo,CO900473643,Dembow - Laureles - Turbo,Laureles,1.0,2700.0,3000.0
8/6/2026,Bogotá,Monteverde - Turbo,CO900476065,Monteverde Kennedy - Turbo,Kennedy,1.0,2700.0,3000.0
8/6/2026,Bogotá,Doritos Locos By Dorito - Turbo,CO900473565,Doritos Locos By Dorito Kennedy - Turbo,Kennedy,1.0,2400.0,2400.0
8/6/2026,Medellín,Burrito Cantina - Turbo,CO900467385,Burrito Cantina Laureles - Turbo,Laureles,1.0,2700.0,3000.0
8/6/2026,Barranquilla,Señor Burrito. - Turbo,CO900467425,Señor Burrito Barranquilla Norte - Turbo,Barranquilla,1.0,3000.0,3000.0
8/6/2026,Cartagena,Avocalia Turbo,CO900480008,Avocalia - Cartagena - Turbo,Cartagena,1.0,2700.0,2700.0
8/6/2026,Bogotá,Burritos & Co - Turbo,CO900410574,Burritos And Co - Calle 174 - Turbo,Otra,1.0,2400.0,2700.0
8/6/2026,Bogotá,Ñamgucheria Sandwiches - Turbo,CO900439226,Ñamguchería Usaquen - Turbo,Usaquén,1.0,3000.0,3000.0
8/6/2026,Medellín,Acpm Corrientazo - Turbo,CO900467505,Acpm Corrientazo Laureles - Turbo,Laureles,1.0,2700.0,2700.0
8/6/2026,Barranquilla,Numa Cocina Mediterranea - Turbo,CO900463755,Cocina Mediterranea Barranquilla - Turbo,Barranquilla,1.0,2400.0,2700.0
8/6/2026,Bogotá,Vicio - Turbo,CO900405129,Vicio Villa Del Prado - Turbo,Villa del Prado,1.0,3000.0,3000.0
8/6/2026,Bogotá,La Cuadra - Turbo,CO900416194,La Cuadra - Usaquén - Turbo,Usaquén,1.0,2700.0,2700.0
8/6/2026,Bogotá,Burritos & Co - Turbo,CO900410575,Burritos & Co Usaquen - Turbo,Usaquén,1.0,3000.0,3000.0
8/6/2026,Bogotá,Doritos Locos By Dorito - Turbo,CO900472112,Doritos Locos By Dorito Chapinero - Turbo,Chapinero,1.0,2700.0,2700.0
8/6/2026,Bogotá,Señor Burrito. - Turbo,CO900467416,Señor Burrito Usaquen - Turbo,Usaquén,1.0,3000.0,3000.0
8/6/2026,Bucaramanga,Alba Vegetarian - Turbo,CO900443010,Alba Vegetarian - Cabecera - Turbo,Cabecera (Bga),1.0,3000.0,3000.0
8/6/2026,Medellín,Bottaniko - Turbo,CO900443512,Bottaniko Manila - Medellin - Turbo,Manila,1.0,3000.0,3000.0
8/6/2026,Bogotá,Desayuno Mi Tierrita - Turbo,CO900488770,Desayuno Mi Tierrita Arrecife - Turbo,Arrecife,1.0,3000.0,3000.0
8/6/2026,Bogotá,Burrito Cantina - Turbo,CO900465172,Burrito Cantina Cl 109 - Turbo,Calle 109,1.0,2400.0,2400.0
8/6/2026,Bogotá,Acpm Corrientazo - Turbo,CO900464911,Acpm Corrientazo Chapinero - Turbo,Chapinero,1.0,2400.0,2400.0
8/6/2026,Medellín,Cinnabon - Turbo,CO900405125,Cinnabon Manila - Turbo,Manila,1.0,3000.0,3000.0
8/6/2026,Bogotá,Burritos & Co - Turbo,CO900488278,Burritos & Co Arrecife - Turbo,Arrecife,1.0,3000.0,3000.0
8/6/2026,Bogotá,Frost By Oreo - Turbo,CO900420276,Frost by Oreo Colina - Turbo,Colina,1.0,3000.0,3000.0
8/6/2026,Bogotá,Pret Sandwich Bistro - Turbo,CO900473670,Pret Sandwich Bistro Andes - Turbo,Andes,1.0,3000.0,3000.0
8/6/2026,Cali,Mañanero Diario - Turbo,CO900443493,Mañanero diario San Fernando - Turbo,San Fernando,0.0,2400.0,3000.0
8/6/2026,Barrancabermeja,Frost By Oreo - Turbo,CO900428417,Frost by Oreo Bucaramanga - Turbo. CHURNEADO,Cabecera (Bga),,1000,1000
8/6/2026,Barranquilla,Doritos Locos By Dorito - Turbo,CO900472105,Doritos Locos By Dorito Barranquilla - Turbo,Barranquilla,,2400.0,2400.0
8/6/2026,Barranquilla,la Cuadra Desayunos Caseros - Turbo,CO900467494,La Cuadra Desayunos Caseros Barranquilla Norte - Turbo,Barranquilla,,2400.0,2400.0
8/6/2026,Barranquilla,Get Smashed Burgers - Turbo,CO900416438,Get Smash Barranquilla Nte - Turbo,Barranquilla,,2400.0,2400.0
8/6/2026,Barranquilla,The Crunch Pizza - Turbo,CO900416204,The Crunch Barranquilla Turbo,Barranquilla,,2400.0,2400.0
8/6/2026,Barranquilla,Ihop - Turbo,CO900420705,Ihop Barranquilla Norte - Turbo,Barranquilla,,2400.0,2400.0
8/6/2026,Barranquilla,Local Cocina Consciente - Turbo,CO900477106,Local - Cocina Consciente Barranquilla - Turbo,Barranquilla,,2400.0,2400.0
8/6/2026,Barranquilla,la Panquequeria - Turbo,CO900482236,La Panquequería Barranquilla Norte - Turbo,Barranquilla,,2400.0,2400.0
8/6/2026,Bogotá,Local Cocina Consciente - Turbo,CO900477101,Local Cocina Consciente Cl 109 - Turbo,Calle 109,,2400.0,2400.0
8/6/2026,Bogotá,Doritos Locos By Dorito - Turbo,CO900472111,Doritos Locos By Dorito Cl 109 - Turbo,Calle 109,,2400.0,2400.0
8/6/2026,Bogotá,Acpm Corrientazo - Turbo,CO900464913,Acpm Corrientazo Cl 109 - Turbo,Calle 109,,2400.0,2400.0
8/6/2026,Bogotá,Que Chicken By Robegrill - Turbo,CO900463820,Que Chicken Cl 109 - Turbo,Calle 109,,2400.0,2400.0
8/6/2026,Bogotá,Burrito Cantina - Turbo,CO900467515,Burrito Cantina Cl 109 - Turbo Cl. 109 #15-28,Calle 109,,2400.0,2400.0
8/6/2026,Bogotá,Ihop - Turbo,CO900463765,Ihop® - Cl 109 - Turbo,Calle 109,,2400.0,2400.0
8/6/2026,Bogotá,Helados San Jerónimo - Turbo,CO900464391,Helados San Jerónimo Cl 109 - Turbo,Calle 109,,2400.0,2400.0
8/6/2026,Bogotá,Numa Cocina Mediterranea - Turbo,CO900463768,Numa Cocina Consciente Cl 109 - Turbo,Calle 109,,2400.0,2400.0
8/6/2026,Bogotá,la Cuadra Desayunos Caseros - Turbo,CO900464914,la Cuadra - Cl 109 - Turbo,Calle 109,,2400.0,2400.0
8/6/2026,Bogotá,The Crunch Pizza - Turbo,CO900416180,The Crunch Castellana - Turbo,Parque 93 / Castellana,,2400.0,2400.0
8/6/2026,Bogotá,Get Smashed Burgers - Turbo,CO900416431,Get Smash Castellana - Turbo,Parque 93 / Castellana,,2400.0,2400.0
8/6/2026,Bogotá,Doritos Locos By Dorito - Turbo,CO900472110,Doritos Locos By Dorito Villa Del Prado - Turbo,Villa del Prado,,2400.0,2400.0
8/6/2026,Bogotá,The Crunch Pizza - Turbo,CO900416179,The Crunch - Villa del Prado - Turbo,Villa del Prado,,2400.0,2400.0
8/6/2026,Bogotá,Ihop - Turbo,CO900420703,Ihop Villa del prado - Turbo,Villa del Prado,,2400.0,2400.0
8/6/2026,Bogotá,Almuerzos D´la Casa - Turbo,CO900471206,Almuerzos D` la Casa - Villa del Prado - Turbo,Villa del Prado,,2400.0,2400.0
8/6/2026,Bogotá,Get Smashed Burgers - Turbo,CO900416433,Get Smash Villa del Prado - Turbo,Villa del Prado,,2400.0,2400.0
8/6/2026,Bogotá,The Crunch Pizza - Turbo,CO900416182,The Crunch Chapinero - Turbo,Chapinero,,2400.0,2400.0
8/6/2026,Bogotá,Desayunos de la Abuela - Turbo,CO900446319,Desayunos de la Abuela Usaquen - Turbo,Usaquén,,2400.0,2400.0
8/6/2026,Bogotá,Ihop - Turbo,CO900420702,Ihop Usaquén - Turbo,Usaquén,,2400.0,2400.0
8/6/2026,Bogotá,Local Cocina Consciente - Turbo,CO900477110,Local - Cocina Consciente Usaquen - Turbo,Usaquén,,3000.0,3000.0
8/6/2026,Bogotá,Get Smashed Burgers - Turbo,CO900416432,Get Smash Usaquen - Turbo,Usaquén,,2400.0,2400.0
8/6/2026,Bogotá,Selvatiko. - Turbo,CO900475122,Selvatiko. Usaquén - Turbo,Usaquén,,2400.0,2400.0
8/6/2026,Bogotá,Bottaniko - Turbo,CO900443510,Bottaniko Usaquen - Turbo,Usaquén,,2400.0,2400.0
8/6/2026,Bogotá,Bottaniko - Turbo,CO900488274,Bottaniko Arrecife - Turbo,Arrecife,,3000.0,3000.0
8/6/2026,Bogotá,The Breakfast Club - Turbo,CO900489002,The Breakfast Club Arrecife - Turbo,Arrecife,,3000.0,3000.0
8/6/2026,Bogotá,Selvatiko. - Turbo,CO900488992,Selvatiko Arrecife - Turbo,Arrecife,,3000.0,3000.0
8/6/2026,Bogotá,Mañanero Diario - Turbo,CO900488961,Mañanero Diario Arrecife - Turbo,Arrecife,,3000.0,3000.0
8/6/2026,Bogotá,Cinnabon - Turbo,CO900488282,Cinnabon Arrecife - Turbo,Arrecife,,3000.0,3000.0
8/6/2026,Bogotá,Ñamgucheria Sandwiches - Turbo,CO900488970,Ñamgucheria Arrecife - Turbo,Arrecife,,3000.0,3000.0
8/6/2026,Bogotá,Get Smashed Burgers - Turbo,CO900416434,Get Smash Chapinero - Turbo,Chapinero,,2400.0,2400.0
8/6/2026,Bogotá,Helados San Jerónimo - Turbo,CO900415622,San Jerónimo Chicó - Turbo,Chicó,,2400.0,2400.0
8/6/2026,Bogotá,Monteverde - Turbo,CO900450762,Monteverde Chico - Turbo,Chicó,,2400.0,2400.0
8/6/2026,Bogotá,Numa Cocina Mediterranea - Turbo,CO900463757,Cocina Mediterranea Chico - Turbo,Chicó,,2400.0,2400.0
8/6/2026,Bogotá,Acpm Corrientazo - Turbo,CO900476074,Acpm Corrientazo Chico - Turbo,Chicó,,2400.0,2400.0
8/6/2026,Bogotá,Doritos Locos By Dorito - Turbo,CO900472113,Doritos Locos By Dorito Chico - Turbo,Chicó,,2400.0,2400.0
8/6/2026,Bogotá,Foodology Court - Turbo,CO900476023,Foodology Chico - Turbo,Chicó,,3000.0,3000.0
8/6/2026,Bogotá,Vicio - Turbo,CO900415608,Vicio Chicó - Turbo,Chicó,,2400.0,2400.0
8/6/2026,Bogotá,Local Cocina Consciente - Turbo,CO900477105,Local - Cocina Consciente Chico - Turbo,Chicó,,2400.0,2400.0
8/6/2026,Bogotá,Green House Fd - Turbo,CO900438441,Green House Chico - Turbo,Chicó,,2400.0,2400.0
8/6/2026,Bogotá,Honest Food Fdl - Turbo,CO900472140,Honest Food Chico - Turbo,Chicó,,2400.0,2400.0
8/6/2026,Bogotá,Burrito Cantina - Turbo,CO900475794,Burrito Cantina Chico - Turbo,Chicó,,2400.0,2400.0
8/6/2026,Bogotá,la Cuadra Desayunos Caseros - Turbo,CO900467498,La Cuadra Desayunos Caseros Colina - Turbo,Colina,,2400.0,2400.0
8/6/2026,Bogotá,Local Cocina Consciente - Turbo,CO900477102,Local - Cocina Consciente Colina - Turbo,Colina,,2400.0,2400.0
8/6/2026,Bogotá,Doritos Locos By Dorito - Turbo,CO900472104,Doritos Locos By Dorito Colina - Turbo,Colina,,2400.0,2400.0
8/6/2026,Bogotá,Cinnabon - Turbo,CO900476079,Cinnabon Kennedy - Turbo,Kennedy,,2400.0,2400.0
8/6/2026,Bogotá,Local Cocina Consciente - Turbo,CO900477103,Local - Cocina Consciente Kennedy - Turbo,Kennedy,,2400.0,2400.0
8/6/2026,Bogotá,Desayuno Mi Tierrita - Turbo,CO900470919,Desayunos Mi Tierrita - Kennedy - Turbo,Kennedy,,2400.0,2400.0
8/6/2026,Bogotá,Ihop - Turbo,CO900426538,IHOP® Andes - Turbo,Andes,,2400.0,2400.0
8/6/2026,Bogotá,Cinnabon - Turbo,CO900475096,Cinnabon Andes - Turbo,Andes,,2400.0,2400.0
8/6/2026,Bogotá,Foodology Court - Turbo,CO900471303,Foodology Andes - Turbo,Andes,,2400.0,2400.0
8/6/2026,Bogotá,Cinnabon - Turbo,CO900402239,Cinnabon Castellana   - Turbo,Parque 93 / Castellana,,2700.0,2700.0
8/6/2026,Bogotá,Mañanero Diario - Turbo,CO900443501,Mañanero diario Castellana - Turbo,Parque 93 / Castellana,,2400.0,2400.0
8/6/2026,Bogotá,Cinnabon - Turbo,CO900476017,Cinnabon Calle 93 - Turbo,Parque 93 / Castellana,,2400.0,2400.0
8/6/2026,Bogotá,Ihop - Turbo,CO900420704,Ihop Chapinero- Turbo,Chapinero,,2400.0,2400.0
8/6/2026,Bogotá,Local Cocina Consciente - Turbo,CO900477104,Local - Cocina Consciente Chapinero - Turbo,Chapinero,,2400.0,2400.0
8/6/2026,Bogotá,la Cuadra Desayunos Caseros - Turbo,CO900464912,La Cuadra Desayunos Caseros Chapinero - Turbo,Chapinero,,2400.0,2400.0
8/6/2026,Bogotá,Green House Fd - Turbo,CO900481564,Green House Engativa - Turbo,Engativá,,2400.0,2400.0
8/6/2026,Bogotá,Mr Beast Burger - Turbo,CO900478983,Mr Beast Plaza Claro - Turbo,Plaza Claro,,2400.0,2400.0
8/6/2026,Bogotá,Burger Lane - Turbo,CO900442999,Burger Lane Usaquen - Turbo,Usaquén,,2400.0,2400.0
8/6/2026,Bogotá,Señor Burrito. - Turbo,CO900477635,Señor Burrito Chico - Turbo,Chicó,,2400.0,2400.0
8/6/2026,Bogotá,Get Smashed Burgers - Turbo,CO900476585,Get Smashed Burgers Chico - Turbo,Chicó,,2400.0,2400.0
8/6/2026,Bogotá,Burritos & Co - Turbo,CO900473555,Burritos & Co - Engativa - Turbo,Engativá,,2400.0,2400.0
8/6/2026,Bogotá,La Cuadra - Turbo,CO900473138,la Cuadra - Engativa - Turbo,Engativá,,2400.0,2400.0
8/6/2026,Bogotá,Foodology Court - Turbo,CO900465143,Foodology Engativa - Turbo Cra. 98b #71b-39,Engativá,,2400.0,2400.0
8/6/2026,Bogotá,Desayunos de la Abuela - Turbo,CO900446314,Desayunos de la Abuela Engativa - Turbo,Engativá,,2400.0,2400.0
8/6/2026,Bogotá,Panquequeria - Turbo,CO900471323,Panquequeria Chico - Turbo,Chicó,,2400.0,2400.0
8/6/2026,Bogotá,la Cuadra Desayunos Caseros - Turbo,CO900467496,La Cuadra Desayunos Caseros Engativa - Turbo,Engativá,,2400.0,2400.0
8/6/2026,Bogotá,la Panquequeria - Turbo,CO900482232,La Panquequería Colina - Turbo,Colina,,2400.0,2400.0
8/6/2026,Bogotá,Burger Lane - Turbo,CO900442989,Burger Lane Andes - Turbo,Andes,,2400.0,2400.0
8/6/2026,Bogotá,Acpm Corrientazo - Turbo,CO900477809,Acpm Corrientazo Plaza Claro - Turbo,Plaza Claro,,2400.0,2400.0
8/6/2026,Bogotá,Mañanero Diario - Turbo,CO900478978,Mañanero Diario Plaza Claro - Turbo,Plaza Claro,,2400.0,2400.0
8/6/2026,Bogotá,Burger Lane - Turbo,CO900442992,Burger Lane Colina - Turbo,Colina,,2400.0,2400.0
8/6/2026,Bogotá,la Panquequeria - Turbo,CO900482237,La Panquequería Chicó - Turbo,Chicó,,2400.0,2400.0
8/6/2026,Bogotá,Cinnabon - Turbo,CO900428404,Cinnabon Prueba Chapinero - Turbo,Chapinero,,2400.0,2400.0
8/6/2026,Bogotá,Mañanero Diario - Turbo,CO900443499,Mañanero diario Engativá - Turbo,Engativá,,2400.0,2400.0
8/6/2026,Bogotá,Brunch & Munch - Turbo,CO900477832,Brunch & Munch Plaza Claro - Turbo,Plaza Claro,,2400.0,2400.0
8/6/2026,Bogotá,la Panquequeria - Turbo,CO900482241,La Panquequería Calle 93 - Turbo,Parque 93 / Castellana,,2400.0,2400.0
8/6/2026,Bogotá,Honest Food Fdl - Turbo,CO900478461,Honest Food Plaza Claro - Turbo,Plaza Claro,,2400.0,2400.0
8/6/2026,Bogotá,Cacerola - Turbo,CO900478088,Cacerola Plaza Claro - Turbo,Plaza Claro,,2400.0,2400.0
8/6/2026,Bogotá,Vicio - Turbo,CO900467514,Vicio Cl 109 - Turbo,Calle 109,,2400.0,2400.0
8/6/2026,Bogotá,Panquequeria - Turbo,CO900463851,Panquequeria Cl 109 - Turbo,Calle 109,,2400.0,2400.0
8/6/2026,Bogotá,la Panquequeria - Turbo,CO900482244,La Panquequería Usaquen - Turbo,Usaquén,,2400.0,2400.0
8/6/2026,Bogotá,Burger Lane - Turbo,CO900442997,Burger Lane Calle 93 - Turbo,Parque 93 / Castellana,,2400.0,2400.0
8/6/2026,Bogotá,Get Smashed Burgers - Turbo,CO900476584,Get Smashed Burgers Cl 109 - Turbo,Calle 109,,2400.0,2400.0
8/6/2026,Bogotá,Burritos & Co - Turbo,CO900464310,Burritos & Co Plaza Claro - Turbo,Plaza Claro,,2400.0,2400.0
8/6/2026,Bogotá,Almuerzos D´la Casa - Turbo,CO900471205,Almuerzos D´la Casa - Engativa - Turbo,Engativá,,2400.0,2400.0
8/6/2026,Bogotá,Alba Vegetarian - Turbo,CO900477811,Alba Vegetarian Plaza Claro - Turbo,Plaza Claro,,2400.0,2400.0
8/6/2026,Bogotá,Vicio - Turbo,CO900479208,Vicio Plaza Claro - Turbo,Plaza Claro,,2400.0,2400.0
8/6/2026,Bogotá,Get Smashed Burgers - Turbo,CO900442552,Get Smashed Burgers Colina - Turbo,Colina,,2400.0,2400.0
8/6/2026,Bogotá,Desayuno Mi Tierrita - Turbo,CO900465159,Desayuno Mi Tierrita Engativa - Turbo,Engativá,,2400.0,2400.0
8/6/2026,Bogotá,Get Smashed Burgers - Turbo,CO900473573,Get Smashed Burgers Kennedy - Turbo,Kennedy,,2400.0,2400.0
8/6/2026,Bogotá,Green House Fd - Turbo,CO900481560,Green House Andes - Turbo,Andes,,2400.0,2400.0
8/6/2026,Bogotá,Honest Food Fdl - Turbo,CO900472135,Honest Food Engativa - Turbo,Engativá,,2400.0,2400.0
8/6/2026,Bogotá,Que Chicken By Robegrill - Turbo,CO900424251,Qué Chicken Usaquen - Turbo,Usaquén,,2400.0,2400.0
8/6/2026,Bogotá,Burger Lane - Turbo,CO900442991,Burger Lane Villa del Prado - Turbo,Villa del Prado,,2400.0,2400.0
8/6/2026,Bogotá,Get Smashed Burgers - Turbo,CO900473574,Get Smashed Burgers Andes - Turbo,Andes,,2400.0,2400.0
8/6/2026,Bogotá,The Breakfast Club - Turbo,CO900477830,The Breakfast Club Plaza Claro - Turbo,Plaza Claro,,2400.0,2400.0
8/6/2026,Bogotá,La Cuadra - Turbo,CO900464606,la Cuadra Plaza Claro - Turbo,Plaza Claro,,2400.0,2400.0
8/6/2026,Bogotá,Avocalia Turbo,CO900472744,Avocalia Calle Engativa - Turbo,Engativá,,2400.0,2400.0
8/6/2026,Bogotá,Numa Cocina Mediterranea - Turbo,CO900463763,Cocina Mediterranea Engativa - Turbo,Engativá,,2400.0,2400.0
8/6/2026,Bogotá,Almuerzos D´la Casa - Turbo,CO900477781,Almuerzos D´la Casa Chico - Turbo,Chicó,,2400.0,2400.0
8/6/2026,Bogotá,Frost By Oreo - Turbo,CO900475352,Frost By Oreo Engativá - Turbo,Engativá,,2400.0,2400.0
8/6/2026,Bogotá,la Cuadra Desayunos Caseros - Turbo,CO900478974,la Cuadra Desayunos Plaza Claro - Turbo,Plaza Claro,,2400.0,2400.0
8/6/2026,Bogotá,Vicio - Turbo,CO900473607,Vicio Engativá - Turbo,Engativá,,2400.0,2400.0
8/6/2026,Bogotá,Burrito Cantina - Turbo,CO900467516,Burrito Cantina Plaza Claro - Turbo,Plaza Claro,,2400.0,2400.0
8/6/2026,Bogotá,Burger Lane - Turbo,CO900443001,Burger Lane - Salitre - Turbo,Otra,,2400.0,2400.0
8/6/2026,Bogotá,la Panquequeria - Turbo,CO900482243,La Panquequería Kennedy - Turbo,Kennedy,,2400.0,2400.0
8/6/2026,Bogotá,Mr Beast Burger - Turbo,CO900476816,Mr Beast Engativá - Turbo,Engativá,,2400.0,2400.0
8/6/2026,Bogotá,Ihop - Turbo,CO900431789,IHOP® Chicó - Turbo,Chicó,,2400.0,2400.0
8/6/2026,Bogotá,Numa Cocina Mediterranea - Turbo,CO900478984,Numa Cocina Mediterranea Plaza Claro - Turbo,Plaza Claro,,2400.0,2400.0
8/6/2026,Bogotá,Bottaniko - Turbo,CO900443513,Bottaniko Engativa - Turbo,Engativá,,2400.0,2400.0
8/6/2026,Bogotá,Monteverde - Turbo,CO900450777,Monteverde Engativa - Turbo,Engativá,,2400.0,2400.0
8/6/2026,Bogotá,Alba Vegetarian - Turbo,CO900443007,Alba Vegetarian - Engativa - Turbo,Engativá,,2400.0,2400.0
8/6/2026,Bogotá,Señor Burrito. - Turbo,CO900464395,Señor Burrito Plaza Claro - Turbo,Plaza Claro,,2400.0,2400.0
8/6/2026,Bogotá,Cinnabon Foodology,CO900375567,Cinnabon Usaquén,Usaquén,,3000.0,3000.0
8/6/2026,Bogotá,Panquequeria - Turbo,CO900479096,Panquequeria Plaza Claro - Turbo,Plaza Claro,,2400.0,2400.0
8/6/2026,Bogotá,Sanduches el Jefe - Turbo,CO900479125,Sandwich el Jefe Plaza Claro - Turbo,Plaza Claro,,2400.0,2400.0
8/6/2026,Bogotá,Doritos Locos By Dorito - Turbo,CO900472103,Doritos Locos By Dorito Calle 93 - Turbo,Parque 93 / Castellana,,2400.0,2400.0
8/6/2026,Bogotá,Burger Lane - Turbo,CO900443000,Burger Lane Engativa - Turbo,Engativá,,2400.0,2400.0
8/6/2026,Bogotá,la Panquequeria - Turbo,CO900482239,La Panquequería Engativa - Turbo,Engativá,,2400.0,2400.0
8/6/2026,Bogotá,Acpm Corrientazo - Turbo,CO900467503,Acpm Corrientazo Engativá - Turbo,Engativá,,2400.0,2400.0
8/6/2026,Bogotá,Green House Fd - Turbo,CO900478311,Green House Plaza Claro - Turbo,Plaza Claro,,2400.0,2400.0
8/6/2026,Bogotá,Burrito Cantina - Turbo,CO900467380,Burrito Cantina Engativá - Turbo,Engativá,,2400.0,2400.0
8/6/2026,Bogotá,Get Smashed Burgers - Turbo,CO900442551,Get Smashed Burgers Engativa - Turbo,Engativá,,2400.0,2400.0
8/6/2026,Bogotá,Burger Lane - Turbo,CO900442995,Burger Lane Veraguas 2 - Turbo,Otra,,2400.0,2400.0
8/6/2026,Bogotá,House Of Salads - Turbo,CO900445669,House Of Salad Engativa - Turbo,Engativá,,2400.0,2400.0
8/6/2026,Bogotá,Selvatiko. - Turbo,CO900472670,Selvatiko. Engativa - Turbo,Engativá,,2400.0,2400.0
8/6/2026,Bogotá,Cacerola - Turbo,CO900472658,Cacerola - Engativa - Turbo,Engativá,,2400.0,2400.0
8/6/2026,Bogotá,Desayunos de la Abuela - Turbo,CO900478093,Desayunos de la Abuela Plaza Claro - Turbo,Plaza Claro,,2400.0,2400.0
8/6/2026,Bogotá,Pret Sandwich Bistro - Turbo,CO900442052,Pret Sandwich Bistro Engativa - Turbo,Engativá,,2400.0,2400.0
8/6/2026,Bogotá,Brunch & Munch - Turbo,CO900472746,Brunch & Munch - Engativa - Turbo,Engativá,,2400.0,2400.0
8/6/2026,Bogotá,Ñamgucheria Sandwiches - Turbo,CO900439231,Ñamguchería Engativá - Turbo,Engativá,,2400.0,2400.0
8/6/2026,Bogotá,Pret Sandwich Bistro - Turbo,CO900479198,Pret Sandwich Bistro Plaza Claro - Turbo,Plaza Claro,,2400.0,2400.0
8/6/2026,Bogotá,la Cuadra Desayunos Caseros - Turbo,CO900470914,la Cuadra Desayunos Chico - Turbo,Chicó,,2400.0,2400.0
8/6/2026,Bogotá,Desayuno Mi Tierrita - Turbo,CO900478270,Desayuno Mi Tierrita Plaza Claro - Turbo,Plaza Claro,,2400.0,2400.0
8/6/2026,Bogotá,Local Cocina Consciente - Turbo,CO900477108,Local - Cocina Consciente Engativa - Turbo,Engativá,,2400.0,2400.0
8/6/2026,Bogotá,Señor Burrito. - Turbo,CO900467420,Señor Burrito Engativa - Turbo,Engativá,,2400.0,2400.0
8/6/2026,Bogotá,Foodology Court - Turbo,CO900478306,Foodology Plaza Claro - Turbo,Plaza Claro,,2400.0,2400.0
8/6/2026,Bogotá,la Panquequeria - Turbo,CO900482242,La Panquequería Villa del Prado - Turbo,Villa del Prado,,2400.0,2400.0
8/6/2026,Bogotá,Monteverde - Turbo,CO900478981,Monteverde Plaza Claro - Turbo,Plaza Claro,,2400.0,2400.0
8/6/2026,Bogotá,Dembow - Turbo,CO900478092,Dembow Plaza Claro - Turbo,Plaza Claro,,2400.0,2400.0
8/6/2026,Bogotá,Bottaniko - Turbo,CO900477812,Bottaniko Plaza Claro - Turbo,Plaza Claro,,2400.0,2400.0
8/6/2026,Bogotá,The Breakfast Club - Turbo,CO900475285,The Breakfast Club Engativa - Turbo,Engativá,,2400.0,2400.0
8/6/2026,Bogotá,House Of Salads - Turbo,CO900477632,House Of Salads Cl 109 - Turbo,Calle 109,,2400.0,2400.0
8/6/2026,Bogotá,Avocalia Turbo,CO900477834,Avocalia Plaza Claro - Turbo,Plaza Claro,,2400.0,2400.0
8/6/2026,Bogotá,Local Cocina Consciente - Turbo,CO900481554,Local - Cocina Consciente Villa Del Prado - Turbo,Villa del Prado,,2400.0,2400.0
8/6/2026,Bogotá,Selvatiko. - Turbo,CO900479202,Selvatiko Plaza Claro - Turbo,Plaza Claro,,2400.0,2400.0
8/6/2026,Bogotá,Burger Lane - Turbo,CO900442990,Burger Lane Chapinero - Turbo,Chapinero,,2400.0,2400.0
8/6/2026,Bogotá,Frost By Oreo - Turbo,CO900478308,Frost By Oreo Plaza Claro - Turbo,Plaza Claro,,2400.0,2400.0
8/6/2026,Bogotá,Dembow - Turbo,CO900473648,Dembow - Engativa - Turbo,Engativá,,2400.0,2400.0
8/6/2026,Bogotá,la Panquequeria - Turbo,CO900482238,La Panquequería Chapinero - Turbo,Chapinero,,2400.0,2400.0
8/6/2026,Bogotá,Local Cocina Consciente - Turbo,CO900481555,Local - Cocina Consciente Andes - Turbo,Andes,,2400.0,2400.0
8/6/2026,Bogotá,Cinnabon - Turbo,CO900475097,Cinnabon Engativa - Turbo,Engativá,,2400.0,2400.0
8/6/2026,Bogotá,The Crunch Pizza - Turbo,CO900416181,The Crunch Usaquen - Turbo,Usaquén,,2400.0,2400.0
8/6/2026,Bogotá,House Of Salads - Turbo,CO900478778,House Of Salads Plaza Claro - Turbo,Plaza Claro,,2400.0,2400.0
8/6/2026,Bucaramanga,Doritos Locos By Dorito - Turbo,CO900472106,Doritos Locos By Dorito Cabecera - Turbo,Cabecera (Bga),,2400.0,2400.0
8/6/2026,Bucaramanga,Vicio - Turbo,CO900426528,Vicio Bucaramanga - Turbo,Cabecera (Bga),,2400.0,2400.0
8/6/2026,Bucaramanga,Ihop - Turbo,CO900426537,IHOP® Bucaramanga - Turbo,Cabecera (Bga),,2400.0,2400.0
8/6/2026,Bucaramanga,Local Cocina Consciente - Turbo,CO900477109,Local - Cocina Consciente Cabecera - Turbo,Cabecera (Bga),,2400.0,2400.0
8/6/2026,Bucaramanga,Brunch & Munch - Turbo,CO900428485,Brunch And Munch - Bucaramanga - Turbo,Cabecera (Bga),,2400.0,2400.0
8/6/2026,Bucaramanga,Avocalia Turbo,CO900428430,Avocalia - Bucaramanga - Turbo,Cabecera (Bga),,2400.0,2400.0
8/6/2026,Bucaramanga,la Panquequeria - Turbo,CO900482245,La Panquequería Cabecera - Turbo,Cabecera (Bga),,2400.0,2400.0
8/6/2026,Bucaramanga,Sanduches el Jefe - Turbo,CO900428426,Sandwich El Jefe Bucaramanga - Turbo,Cabecera (Bga),,2400.0,2400.0
8/6/2026,Bucaramanga,La Cuadra - Turbo,CO900428403,La Cuadra  Bucaramanga - Turbo,Cabecera (Bga),,2400.0,2400.0
8/6/2026,Bucaramanga,Get Smashed Burgers - Turbo,CO900442550,Get Smashed Burgers Cabecera Bga - Turbo,Cabecera (Bga),,2400.0,2400.0
8/6/2026,Bucaramanga,Ihop - Turbo,CO900428427,IHOP Bucaramanga - Turbo,Cabecera (Bga),,2400.0,2400.0
8/6/2026,Bucaramanga,Helados San Jerónimo - Turbo,CO900428418,Heladería San Jerónimo Bucaramanga - Turbo,Cabecera (Bga),,2400.0,2400.0
8/6/2026,Cali,Ihop - Turbo,CO900420700,Ihop San Fernando - Turbo,San Fernando,,3000.0,3000.0
8/6/2026,Cali,Numa Cocina Mediterranea - Turbo,CO900463758,Cocina Mediterranea San Fernando - Turbo,San Fernando,,2400.0,2400.0
8/6/2026,Cali,Doritos Locos By Dorito - Turbo,CO900472109,Doritos Locos By Dorito San Fernando - Turbo,San Fernando,,2400.0,2400.0
8/6/2026,Cali,The Crunch Pizza - Turbo,CO900416186,The Crunch San Fernando Cali - Turbo,San Fernando,,2400.0,2400.0
8/6/2026,Cali,Get Smashed Burgers - Turbo,CO900416435,Get Smash San Fernando - Turbo,San Fernando,,2400.0,2400.0
8/6/2026,Cali,Doritos Locos By Dorito - Turbo,CO900472100,Doritos Locos By Dorito Santa Monica - Turbo,Santa Mónica,,2400.0,2400.0
8/6/2026,Cali,Numa Cocina Mediterranea - Turbo,CO900463759,Cocina Mediterranea Santa Monica - Turbo,Santa Mónica,,3000.0,3000.0
8/6/2026,Cali,la Cuadra Desayunos Caseros - Turbo,CO900467501,La Cuadra Desayunos Santa Mónica - Turbo,Santa Mónica,,2400.0,2400.0
8/6/2026,Cali,The Crunch Pizza - Turbo,CO900416185,The Crunch Santa Monica - Turbo,Santa Mónica,,2400.0,2400.0
8/6/2026,Cali,Acpm Corrientazo - Turbo,CO900467509,Acpm Corrientazo Santa Mónica (Cali Norte) - Turbo,Santa Mónica,,3000.0,3000.0
8/6/2026,Cali,Get Smashed Burgers - Turbo,CO900416430,Get Smash Santa Monica - Turbo,Santa Mónica,,2400.0,2400.0
8/6/2026,Cali,Local Cocina Consciente - Turbo,CO900477100,Local - Cocina Consciente Santa Monica - Turbo,Santa Mónica,,2400.0,2400.0
8/6/2026,Cali,la Cuadra Desayunos Caseros - Turbo,CO900473694,la Cuadra Desayunos Caceros - Ingenio - Turbo,Ingenio,,2400.0,2400.0
8/6/2026,Cali,Numa Cocina Mediterranea - Turbo,CO900476060,Cocina Mediterranea Ingenio - Turbo,Ingenio,,2400.0,2400.0
8/6/2026,Cali,Alba Vegetarian - Turbo,CO900472649,Alba Vegetarian - Ingenio - Turbo,Ingenio,,2400.0,2400.0
8/6/2026,Cali,The Breakfast Club - Turbo,CO900475209,The Breakfast Club Ingenio - Turbo,Ingenio,,2400.0,2400.0
8/6/2026,Cali,Frost By Oreo - Turbo,CO900475353,Frost By Oreo Ingenio - Turbo,Ingenio,,2400.0,2400.0
8/6/2026,Cali,Bottaniko - Turbo,CO900472880,Bottaniko - Ingenio - Turbo,Ingenio,,2400.0,2400.0
8/6/2026,Cali,House Of Salads - Turbo,CO900476069,House Of Salads Ingenio - Turbo,Ingenio,,2400.0,2400.0
8/6/2026,Cali,Burrito Cantina - Turbo,CO900473552,Burrito Cantina Ingenio - Turbo,Ingenio,,2400.0,2400.0
8/6/2026,Cali,Cacerola - Turbo,CO900472659,Cacerola - Ingenio - Turbo,Ingenio,,2400.0,2400.0
8/6/2026,Cali,Almuerzos D´la Casa - Turbo,CO900475128,Almuerzos D` la Casa - Ingenio - Turbo,Ingenio,,2400.0,2400.0
8/6/2026,Cali,Acpm Corrientazo - Turbo,CO900473537,Acpm Corrientazo Ingenio - Turbo,Ingenio,,2400.0,2400.0
8/6/2026,Cali,Monteverde - Turbo,CO900476067,Monteverde Ingenio - Turbo,Ingenio,,2400.0,2400.0
8/6/2026,Cali,Selvatiko. - Turbo,CO900472668,Selvatiko. Ingenio - Turbo,Ingenio,,2400.0,2400.0
8/6/2026,Cali,Desayuno Mi Tierrita - Turbo,CO900473558,Desayunos Mi Tierrita - Ingenio - Turbo,Ingenio,,2400.0,2400.0
8/6/2026,Cali,Mañanero Diario - Turbo,CO900475198,Mañanero Ingenio - Turbo,Ingenio,,2400.0,2400.0
8/6/2026,Cali,Pret Sandwich Bistro - Turbo,CO900472664,Pret Sandwich Bistro Ingenio - Turbo,Ingenio,,2400.0,2400.0
8/6/2026,Cali,Doritos Locos By Dorito - Turbo,CO900473562,Doritos Locos By Dorito Ingenio - Turbo,Ingenio,,2400.0,2400.0
8/6/2026,Cali,Señor Burrito. - Turbo,CO900473587,Señor Burrito - Ingenio - Turbo,Ingenio,,2400.0,2400.0
8/6/2026,Cali,Dembow - Turbo,CO900473657,Dembow - Ingenio - Turbo,Ingenio,,2400.0,2400.0
8/6/2026,Cali,la Panquequeria - Turbo,CO900482235,La Panquequería San Fernando - Turbo,San Fernando,,2400.0,2400.0
8/6/2026,Cali,Señor Burrito. - Turbo,CO900465170,Señor Burrito Tienda Padre - Turbo,Otra,,2400.0,2400.0
8/6/2026,Cali,Green House Fd - Turbo,CO900481561,Green House Ingenio - Turbo,Ingenio,,2400.0,2400.0
8/6/2026,Cali,la Panquequeria - Turbo,CO900482247,La Panquequería Santa Monica - Turbo,Santa Mónica,,2400.0,2400.0
8/6/2026,Cali,Get Smashed Burgers - Turbo,CO900473576,Get Smashed Burgers Ingenio - Turbo,Ingenio,,2400.0,2400.0
8/6/2026,Cali,La Cuadra - Turbo,CO900473137,la Cuadra - Ingenio - Turbo,Ingenio,,2400.0,2400.0
8/6/2026,Cali,Burger Lane - Turbo,CO900442993,Burger Lane San Fernando - Turbo,San Fernando,,2400.0,2400.0
8/6/2026,Cali,Burger Lane - Turbo,CO900442998,Burger Lane Cali Norte - Turbo Calle 34 Norte 2Bn 33 358,Otra,,2400.0,2400.0
8/6/2026,Cali,Local Cocina Consciente - Turbo,CO900481556,Local - Cocina Consciente Ingenio - Turbo,Ingenio,,2400.0,2400.0
8/6/2026,Cali,la Panquequeria - Turbo,CO900482246,La Panquequería Ingenio Calle 83C - Turbo,Ingenio,,2400.0,2400.0
8/6/2026,Cartagena,Mañanero Diario - Turbo,CO900481971,Mañanero Cartagena - Turbo,Cartagena,,2400.0,2400.0
8/6/2026,Cartagena,Dembow - Turbo,CO900481376,Dembow - Cartagena - Turbo,Cartagena,,3000.0,3000.0
8/6/2026,Cartagena,Foodology Court - Turbo,CO900481814,Foodology Cartagena - Turbo,Cartagena,,2400.0,2400.0
8/6/2026,Cartagena,Local Cocina Consciente - Turbo,CO900481977,Local - Cocina Consciente Cartagena - Turbo,Cartagena,,3000.0,3000.0
8/6/2026,Cartagena,Get Smashed Burgers - Turbo,CO900481818,Get Smashed Burgers Cartagena - Turbo,Cartagena,,3000.0,3000.0
8/6/2026,Cartagena,Cacerola - Turbo,CO900481042,Cacerola - Cartagena - Turbo,Cartagena,,2400.0,2400.0
8/6/2026,Cartagena,Sanduches el Jefe - Turbo,CO900483661,Sandwich el Jefe Cartagena - Turbo,Cartagena,,2400.0,2400.0
8/6/2026,Medellín,Ihop - Turbo,CO900420701,Ihop Manila - Turbo,Manila,,3000.0,3000.0
8/6/2026,Medellín,Doritos Locos By Dorito - Turbo,CO900472108,Doritos Locos By Dorito Manila - Turbo,Manila,,3000.0,3000.0
8/6/2026,Medellín,Get Smashed Burgers - Turbo,CO900416437,Get Smash Manila - Turbo,Manila,,3000.0,3000.0
8/6/2026,Medellín,The Crunch Pizza - Turbo,CO900416183,The Crunch Manila - Turbo,Manila,,3000.0,3000.0
8/6/2026,Medellín,Numa Cocina Mediterranea - Turbo,CO900463756,Cocina Mediterranea Manila - Turbo,Manila,,3000.0,3000.0
8/6/2026,Medellín,Doritos Locos By Dorito - Turbo,CO900472101,Doritos Locos By Dorito Laureles - Turbo,Laureles,,2400.0,2400.0
8/6/2026,Medellín,Get Smashed Burgers - Turbo,CO900416436,Get Smash Laureles - Turbo,Laureles,,2400.0,2400.0
8/6/2026,Medellín,Ihop - Turbo,CO900420699,Ihop Laureles - Turbo,Laureles,,2400.0,2400.0
8/6/2026,Medellín,The Crunch Pizza - Turbo,CO900416184,The Crunch Laureles - Turbo,Laureles,,2400.0,2400.0
8/6/2026,Medellín,Local Cocina Consciente - Turbo,CO900477099,Local - Cocina Consciente Laureles - Turbo,Laureles,,2400.0,2400.0
8/6/2026,Medellín,Green House Fd - Turbo,CO900481563,Green House Manila - Turbo,Manila,,2400.0,2400.0
8/6/2026,Medellín,la Panquequeria - Turbo,CO900482233,La Panquequería Manila - Turbo,Manila,,2400.0,2400.0
8/6/2026,Medellín,Bottaniko - Turbo,CO900472879,Bottaniko - Envigado - Turbo,Envigado,,2400.0,2400.0
8/6/2026,Medellín,Monteverde - Turbo,CO900476068,Monteverde Envigado - Turbo,Envigado,,2400.0,2400.0
8/6/2026,Medellín,Pret Sandwich Bistro - Turbo,CO900472665,Pret Sandwich Bistro Envigado - Turbo,Envigado,,2400.0,2400.0
8/6/2026,Medellín,The Breakfast Club - Turbo,CO900475282,The Breakfast Club Envigado - Turbo,Envigado,,2400.0,2400.0
8/6/2026,Medellín,la Panquequeria - Turbo,CO900482240,La Panquequería Laureles - Turbo,Laureles,,2400.0,2400.0
8/6/2026,Medellín,la Cuadra Desayunos Caseros - Turbo,CO900473693,la Cuadra Desayunos Caseros Envigado - Turbo,Envigado,,2400.0,2400.0
8/6/2026,Medellín,Desayunos de la Abuela - Turbo,CO900472678,Desayunos de la Abuela Envigado - Turbo,Envigado,,2400.0,2400.0
8/6/2026,Medellín,Desayuno Mi Tierrita - Turbo,CO900473557,Desayuno Mi Tierrita Envigado - Turbo,Envigado,,2400.0,2400.0
8/6/2026,Medellín,Que Chicken By Robegrill - Turbo,CO900424250,Qué Chicken Manila - Turbo,Manila,,2400.0,2400.0
8/6/2026,Medellín,Cacerola - Turbo,CO900472657,Cacerola - Envigado - Turbo,Envigado,,2400.0,2400.0
8/6/2026,Medellín,Cinnabon - Turbo,CO900475802,Cinnabon Envigado - Turbo,Envigado,,2400.0,2400.0
8/6/2026,Medellín,Green House Fd - Turbo,CO900481562,Green House Envigado - Turbo,Envigado,,2400.0,2400.0
8/6/2026,Medellín,Mr Beast Burger - Turbo,CO900428939,Mr Beast Envigado - Turbo,Envigado,,2400.0,2400.0
8/6/2026,Medellín,Local Cocina Consciente - Turbo,CO900481557,Local - Cocina Consciente Manila - Turbo,Manila,,2400.0,2400.0
8/6/2026,Medellín,Almuerzos D´la Casa - Turbo,CO900483393,Almuerzos D´la Casa - Envigado - Turbo,Envigado,,2400.0,2400.0
8/6/2026,Medellín,Local Cocina Consciente - Turbo,CO900477098,Local - Cocina Consciente Envigado - Turbo,Envigado,,2400.0,2400.0
8/6/2026,Medellín,Dembow - Turbo,CO900473652,Dembow - Envigado - Turbo Carrera 42 #40c Sur-29,Envigado,,2400.0,2400.0
8/6/2026,Medellín,Doritos Locos By Dorito - Turbo,CO900473564,Doritos Locos By Dorito Envigado - Turbo,Envigado,,2400.0,2400.0
8/6/2026,Medellín,Numa Cocina Mediterranea - Turbo,CO900476059,Cocina Mediterranea Envigado - Turbo,Envigado,,2400.0,2400.0
8/6/2026,Medellín,Ñamgucheria Sandwiches - Turbo,CO900473583,Ñamguchería Envigado - Turbo,Envigado,,2400.0,2400.0
8/6/2026,Medellín,la Panquequeria - Turbo,CO900482234,La Panquequería Envigado - Turbo,Envigado,,2400.0,2400.0
8/6/2026,Medellín,Mañanero Diario - Turbo,CO900475201,Mañanero Envigado - Turbo,Envigado,,2400.0,2400.0
8/6/2026,Medellín,Acpm Corrientazo - Turbo,CO900473538,Acpm Corrientazo Envigado - Turbo,Envigado,,2400.0,2400.0
8/6/2026,Medellín,Foodology Court - Turbo,CO900473568,Foodology Envigado - Turbo,Envigado,,2400.0,2400.0
8/6/2026,Medellín,Selvatiko. - Turbo,CO900472669,Selvatiko. Envigado - Turbo,Envigado,,2400.0,2400.0
8/6/2026,Medellín,Alba Vegetarian - Turbo,CO900472648,Alba Vegetarian - Envigado Carrera 42 #40C 301 - Turbo,Envigado,,2400.0,2400.0
8/6/2026,Medellín,House Of Salads - Turbo,CO900476072,House Of Salads Envigado - Turbo,Envigado,,2400.0,2400.0
8/6/2026,Medellín,Vicio - Turbo,CO900428425,Vicio Envigado - Turbo,Envigado,,2400.0,2400.0
8/6/2026,Medellín,Señor Burrito. - Turbo,CO900473588,Señor Burrito Envigado - Turbo,Envigado,,2400.0,2400.0
8/6/2026,Medellín,Get Smashed Burgers - Turbo,CO900473575,Get Smashed Burgers Envigado - Turbo,Envigado,,2400.0,2400.0
8/6/2026,Medellín,Honest Food Fdl - Turbo,CO900475460,Honest Food Envigado - Turbo,Envigado,,2400.0,2400.0
8/6/2026,Medellín,Burrito Cantina - Turbo,CO900473551,Burrito Cantina Envigado - Turbo,Envigado,,2400.0,2400.0
8/6/2026,Pereira,Burger Lane - Turbo,CO900442994,Burger Lane Pereira - Turbo,Otra,,1000,1000
15/6/2026,Bogotá,Brunch & Munch - Turbo,CO900420520,Brunch And Munch - Colina - Turbo,Colina,9.68,2400.0,1000
15/6/2026,Cali,Brunch & Munch - Turbo,CO900405252,Brunch & Munch Cali - San Fernando - Turbo,San Fernando,9.64,2400.0,2400.0
15/6/2026,Cali,Desayuno Mi Tierrita - Turbo,CO900465165,Desayuno Mi Tierrita Santa Monica Cali - Turbo,Santa Mónica,9.39,2400.0,2400.0
15/6/2026,Bogotá,Dembow - Turbo,CO900475131,Dembow Cl 109 - Turbo,Calle 109,8.58,2400.0,2400.0
15/6/2026,Bogotá,Dembow - Turbo,CO900473653,Dembow - Kennedy - Turbo,Kennedy,8.47,3000.0,3000.0
15/6/2026,Bogotá,Desayuno Mi Tierrita - Turbo,CO900476019,Desayuno Mi Tierrita Chico - Turbo,Chicó,7.95,2400.0,2400.0
15/6/2026,Bogotá,Local Cocina Consciente - Turbo,CO900489031,Local Cocina Consciente Arrecife - Turbo,Arrecife,7.92,3000.0,3000.0
15/6/2026,Bogotá,Alba Vegetarian - Turbo,CO900443013,Alba Vegetarian - Colina - Turbo Carrera 53  264,Colina,7.59,2700.0,2700.0
15/6/2026,Bogotá,Mr Beast Burger - Turbo,CO900477182,Mr Beast Chico - Turbo,Chicó,7.43,2400.0,2400.0
15/6/2026,Bogotá,Desayuno Mi Tierrita - Turbo,CO900464390,Desayuno Mi Tierrita Cl 109 - Turbo,Calle 109,7.33,2400.0,2400.0
15/6/2026,Cali,Brunch & Munch - Turbo,CO900472747,Brunch & Munch - Ingenio - Turbo,Ingenio,7.25,2400.0,2400.0
15/6/2026,Bogotá,Desayunos de la Abuela - Turbo,CO900446310,Desayunos de la Abuela Colina - Turbo,Colina,7.13,2400.0,2400.0
15/6/2026,Bogotá,Selvatiko. - Turbo,CO900465173,Selvatiko. 93 - Turbo,Parque 93 / Castellana,6.98,2400.0,2400.0
15/6/2026,Cali,Mr Beast Burger - Turbo,CO900405272,Mr Beast San Fernando - Turbo,San Fernando,6.92,2400.0,2400.0
15/6/2026,Bogotá,Desayunos de la Abuela - Turbo,CO900446320,Desayunos de la Abuela Chico - Turbo,Chicó,6.87,2700.0,2700.0
15/6/2026,Bogotá,The Breakfast Club - Turbo,CO900475281,The Breakfast Club Colina - Turbo,Colina,6.69,2400.0,2400.0
15/6/2026,Bogotá,Numa Cocina Mediterranea - Turbo,CO900488968,Numa Cocina Mediterranea Arrecife - Turbo,Arrecife,6.64,3000.0,3000.0
15/6/2026,Bogotá,The Breakfast Club - Turbo,CO900463743,The Breakfast Club Cl 109 - Turbo,Calle 109,6.62,2400.0,2400.0
15/6/2026,Bogotá,Cacerola - Turbo,CO900473673,Cacerola - Colina - Turbo,Colina,6.42,2400.0,2400.0
15/6/2026,Bogotá,Ñamgucheria Sandwiches - Turbo,CO900440314,Ñamgucheria Chicó - Turbo,Chicó,6.31,2400.0,2400.0
15/6/2026,Bogotá,Mr Beast Burger - Turbo,CO900420302,Mr Beast Colina - Turbo,Colina,6.28,2400.0,2400.0
15/6/2026,Bogotá,Desayuno Mi Tierrita - Turbo,CO900465158,Desayuno Mi Tierrita Usaquén - Turbo,Usaquén,6.23,2400.0,2400.0
15/6/2026,Cali,Desayunos de la Abuela - Turbo,CO900446306,Desayunos de la Abuela San Fernando - Turbo,San Fernando,5.88,2400.0,2400.0
15/6/2026,Bogotá,Brunch & Munch - Turbo,CO900409673,Brunch & Munch Castellana - Turbo,Parque 93 / Castellana,5.74,2400.0,2400.0
15/6/2026,Barranquilla,Desayuno Mi Tierrita - Turbo,CO900465156,Desayuno Mi Tierrita Barranquilla - Turbo,Barranquilla,5.63,2400.0,2400.0
15/6/2026,Cali,Cacerola - Turbo,CO900416207,Cacerola Santa Monica - Cali - Turbo,Santa Mónica,5.63,2400.0,2700.0
15/6/2026,Bogotá,Pret Sandwich Bistro - Turbo,CO900442051,Pret Sandwich Bistro Colina - Turbo,Colina,5.58,2400.0,2400.0
15/6/2026,Bogotá,Ñamgucheria Sandwiches - Turbo,CO900439228,Ñamguchería Colina - Turbo,Colina,5.57,2400.0,2400.0
15/6/2026,Bogotá,Numa Cocina Mediterranea - Turbo,CO900463764,Numa - Cocina Mediterranea Colina - Turbo,Colina,5.48,2400.0,2400.0
15/6/2026,Bogotá,la Cuadra Desayunos Caseros - Turbo,CO900470908,La Cuadra Desayunos Caseros Kennedy - Turbo,Kennedy,5.47,2400.0,2400.0
15/6/2026,Bogotá,la Cuadra Desayunos Caseros - Turbo,CO900467499,La Cuadra Desayunos Caceros - Villa del Prado - Turbo,Villa del Prado,5.41,2400.0,2400.0
15/6/2026,Bogotá,Honest Food Fdl - Turbo,CO900488848,Honest Food Arrecife - Turbo,Arrecife,5.41,3000.0,3000.0
15/6/2026,Cali,Ñamgucheria Sandwiches - Turbo,CO900439227,Ñamguchería San Fernando - Turbo,San Fernando,5.39,2400.0,2400.0
15/6/2026,Bogotá,Ñamgucheria Sandwiches - Turbo,CO900439230,Ñamguchería Villa del Prado - Turbo,Villa del Prado,5.35,2400.0,2400.0
15/6/2026,Cali,Foodology Court - Turbo,CO900465152,Foodology Santa Mónica Clo - Turbo Calle 34 Norte 2bn 33,Santa Mónica,5.35,2700.0,2700.0
15/6/2026,Cali,Dembow - Turbo,CO900473655,Dembow - San Fernando - Turbo,San Fernando,5.27,2400.0,2700.0
15/6/2026,Bogotá,Brunch & Munch - Turbo,CO900465171,Brunch & Munch Cl 109 - Turbo,Calle 109,5.26,2400.0,2400.0
15/6/2026,Bogotá,Burritos & Co - Turbo,CO900476014,Burritos & Co Chico - Turbo,Chicó,5.24,2700.0,2700.0
15/6/2026,Bogotá,Desayunos de la Abuela - Turbo,CO900463744,Desayunos de la Abuela Cl 109 - Turbo,Calle 109,5.22,2400.0,2400.0
15/6/2026,Cali,Mr Beast Burger - Turbo,CO900407413,Mr Beast Santa Mónica (Cali Norte) - Turbo,Santa Mónica,5.15,2400.0,2400.0
15/6/2026,Bogotá,The Breakfast Club - Turbo,CO900475213,The Breakfast Club Chico - Turbo,Chicó,4.99,2400.0,2400.0
15/6/2026,Bogotá,The Breakfast Club - Turbo,CO900475286,The Breakfast Club Calle 93 - Turbo,Parque 93 / Castellana,4.98,2400.0,3000.0
15/6/2026,Bogotá,Ñamgucheria Sandwiches - Turbo,CO900463788,Ñamgucheria Cl 109 - Turbo,Calle 109,4.93,2400.0,2400.0
15/6/2026,Cali,Monteverde - Turbo,CO900450778,Monteverde Santa Monica - Turbo,Santa Mónica,4.92,2400.0,2400.0
15/6/2026,Bogotá,Mr Beast Burger - Turbo,CO900475371,Mr Beast Cl 109 - Turbo,Calle 109,4.87,2400.0,2400.0
15/6/2026,Medellín,Numa Cocina Mediterranea - Turbo,CO900463749,Cocina Mediterranea Laureles - Turbo,Laureles,4.85,2400.0,2400.0
15/6/2026,Bogotá,Brunch & Munch - Turbo,CO900420483,Brunch & Munch - Chicó - Turbo,Chicó,4.81,2400.0,2400.0
15/6/2026,Bogotá,Foodology Court - Turbo,CO900465145,Foodology Colina - Turbo Carrera 53 #137a-26,Colina,4.76,2400.0,2400.0
15/6/2026,Cali,Desayunos de la Abuela - Turbo,CO900446316,Desayunos de la Abuela Santa Monica - Turbo,Santa Mónica,4.72,2400.0,2400.0
15/6/2026,Bucaramanga,Brunch & Munch - Turbo,CO900426741,Brunch & Munch Bucaramanga - Turbo,Cabecera (Bga),4.67,2400.0,2700.0
15/6/2026,Cali,Green House Fd - Turbo,CO900438450,Green House Santa Monica - Turbo,Santa Mónica,4.67,3000.0,3000.0
15/6/2026,Bogotá,Señor Burrito. - Turbo,CO900488996,Señor Burrito Arrecife - Turbo,Arrecife,4.63,3000.0,3000.0
15/6/2026,Bogotá,Cacerola - Turbo,CO900473674,Cacerola - Kennedy - Turbo,Kennedy,4.63,2400.0,2400.0
15/6/2026,Bogotá,Cinnabon - Turbo,CO900476080,Cinnabon Colina - Turbo,Colina,4.61,2400.0,2400.0
15/6/2026,Bogotá,Brunch & Munch - Turbo,CO900488275,Brunch & Munch Arrecife - Turbo,Arrecife,4.58,3000.0,3000.0
15/6/2026,Bogotá,Green House Fd - Turbo,CO900488845,Green House Arrecife - Turbo,Arrecife,4.57,3000.0,3000.0
15/6/2026,Medellín,Cacerola - Turbo,CO900416211,Cacerola Laureles - Turbo,Laureles,4.54,2700.0,2700.0
15/6/2026,Medellín,la Cuadra Desayunos Caseros - Turbo,CO900470909,La Cuadra Desayunos Caseros Laureles - Turbo,Laureles,4.49,2700.0,2700.0
15/6/2026,Bogotá,Dembow - Turbo,CO900473656,Dembow - Usaquen - Turbo,Usaquén,4.47,2400.0,2700.0
15/6/2026,Bogotá,Mr Beast Burger - Turbo,CO900409678,Mr Beast Chapinero - Turbo,Chapinero,4.47,2400.0,2400.0
15/6/2026,Bogotá,Brunch & Munch - Turbo,CO900410119,Brunch & Munch Villa del Prado  - Turbo,Villa del Prado,4.45,2400.0,2700.0
15/6/2026,Cali,Honest Food Fdl - Turbo,CO900472144,Honest Food Santa Monica - Turbo,Santa Mónica,4.43,2400.0,2400.0
15/6/2026,Bogotá,La Cuadra - Turbo,CO900420510,La Cuadra - Colina - Turbo,Colina,4.42,2400.0,2400.0
15/6/2026,Bogotá,Numa Cocina Mediterranea - Turbo,CO900463746,Numa Cocina Mediterranea Calle 93 - Turbo,Parque 93 / Castellana,4.42,2400.0,2400.0
15/6/2026,Bogotá,Dembow - Turbo,CO900473645,Dembow - Chapinero - Turbo,Chapinero,4.37,2400.0,2400.0
15/6/2026,Bogotá,Brunch & Munch - Turbo,CO900420519,Brunch And Munch - Kennedy - Turbo,Kennedy,4.35,2400.0,2400.0
15/6/2026,Bogotá,Sanduches el Jefe - Turbo,CO900419503,Sandwich El Jefe Castellana - Turbo,Parque 93 / Castellana,4.35,2400.0,2400.0
15/6/2026,Barranquilla,Sanduches el Jefe - Turbo,CO900419499,Sandwich el Jefe Barranquilla - Turbo Cra. 45  353,Barranquilla,4.34,2400.0,2400.0
15/6/2026,Bogotá,The Breakfast Club - Turbo,CO900475287,The Breakfast Club Villa Del Prado - Turbo,Villa del Prado,4.34,2400.0,2400.0
15/6/2026,Cali,Foodology Court - Turbo,CO900465149,Foodology San Fernando - Turbo Carrera 38 #5e-9,San Fernando,4.32,2400.0,3000.0
15/6/2026,Barranquilla,Mr Beast Burger - Turbo,CO900405269,Mr Beast Barranquilla Norte - Turbo Urgencias Eps Sanitas 284,Barranquilla,4.27,2400.0,2400.0
15/6/2026,Bogotá,Honest Food Fdl - Turbo,CO900472142,Honest Food Colina - Turbo,Colina,4.27,2400.0,2400.0
15/6/2026,Bogotá,Desayunos de la Abuela - Turbo,CO900473560,Desayunos de la Abuela Kennedy - Turbo,Kennedy,4.27,2400.0,2400.0
15/6/2026,Bucaramanga,The Breakfast Club - Turbo,CO900475208,The Breakfast Club Cabecera - Turbo,Cabecera (Bga),4.27,2700.0,2700.0
15/6/2026,Bogotá,La Cuadra - Turbo,CO900416198,La Cuadra - Villa del Prado - Turbo,Villa del Prado,4.24,2400.0,2400.0
15/6/2026,Medellín,Mr Beast Burger - Turbo,CO900405270,Mr Beast Laureles - Turbo,Laureles,4.17,2700.0,2700.0
15/6/2026,Bogotá,Desayunos de la Abuela - Turbo,CO900446318,Desayunos de la Abuela Villa Del Prado - Turbo,Villa del Prado,4.16,2400.0,2400.0
15/6/2026,Bogotá,Dembow - Turbo,CO900473651,Dembow - Villa Del Prado - Turbo,Villa del Prado,3.98,2700.0,2700.0
15/6/2026,Bogotá,Sanduches el Jefe - Turbo,CO900419501,Sandwich el Jefe Villa Del Prado - Turbo Carrera 55  243,Villa del Prado,3.96,2700.0,2700.0
15/6/2026,Bogotá,Foodology Court - Turbo,CO900465148,Foodology 93 - Turbo Calle 93 #45a-16,Parque 93 / Castellana,3.94,2400.0,2400.0
15/6/2026,Medellín,Honest Food Fdl - Turbo,CO900472132,Honest Food Laureles - Turbo,Laureles,3.93,2700.0,2700.0
15/6/2026,Bucaramanga,Foodology Court - Turbo,CO900465153,Foodology Cabecera - Turbo,Cabecera (Bga),3.88,3000.0,3000.0
15/6/2026,Cali,The Breakfast Club - Turbo,CO900475288,The Breakfast Club San Fernando - Turbo,San Fernando,3.86,2400.0,2400.0
15/6/2026,Bogotá,Acpm Corrientazo - Turbo,CO900467513,Acpm Corrientazo Colina - Turbo,Colina,3.85,2400.0,2400.0
15/6/2026,Bogotá,Cinnabon - Turbo,CO900415448,Cinnabon Chicó - Turbo,Chicó,3.84,2700.0,2700.0
15/6/2026,Bogotá,Honest Food Fdl - Turbo,CO900475462,Honest Food Kennedy - Turbo,Kennedy,3.84,2400.0,2700.0
15/6/2026,Bogotá,Sanduches el Jefe - Turbo,CO900420513,Sandwich el Jefe Kennedy - Turbo,Kennedy,3.83,2700.0,2700.0
15/6/2026,Bogotá,la Cuadra Desayunos Caseros - Turbo,CO900470911,La Cuadra Desayunos Caseros Andes - Turbo,Andes,3.83,2400.0,2400.0
15/6/2026,Barranquilla,Dembow - Turbo,CO900473647,Dembow - Barranquilla Nte - Turbo,Barranquilla,3.82,3000.0,3000.0
15/6/2026,Bogotá,Avocalia Turbo,CO900488273,Avocalia Arrecife - Turbo,Arrecife,3.82,3000.0,3000.0
15/6/2026,Bogotá,Avocalia Turbo,CO900420305,Avocalia - Colina - Turbo,Colina,3.82,2400.0,2700.0
15/6/2026,Cali,Monteverde - Turbo,CO900450772,Monteverde San Fernando - Turbo,San Fernando,3.81,2700.0,2700.0
15/6/2026,Medellín,Dembow - Turbo,CO900473644,Dembow - Manila - Turbo,Manila,3.81,3000.0,3000.0
15/6/2026,Bogotá,Pret Sandwich Bistro - Turbo,CO900470306,Pret Sandwich Bistro Chico - Turbo,Chicó,3.76,2700.0,2700.0
15/6/2026,Bogotá,Selvatiko. - Turbo,CO900476479,Selvatiko Chico - Turbo,Chicó,3.75,3000.0,3000.0
15/6/2026,Cali,Honest Food Fdl - Turbo,CO900472139,Honest Food San Fernando - Turbo,San Fernando,3.75,2700.0,2700.0
15/6/2026,Bogotá,Selvatiko. - Turbo,CO900475124,Selvatiko. Colina - Turbo,Colina,3.74,3000.0,3000.0
15/6/2026,Bogotá,Bottaniko - Turbo,CO900443508,Bottaniko - Cll 93 - Turbo,Parque 93 / Castellana,3.73,2400.0,2400.0
15/6/2026,Barranquilla,The Breakfast Club - Turbo,CO900475211,The Breakfast Club Barranquilla - Turbo,Barranquilla,3.71,2700.0,2700.0
15/6/2026,Bucaramanga,Numa Cocina Mediterranea - Turbo,CO900463748,Cocina Mediterranea Cabecera - Turbo,Cabecera (Bga),3.71,2400.0,2700.0
15/6/2026,Cali,Avocalia Turbo,CO900407400,Avocalia Santa Monica - Cali - Turbo,Santa Mónica,3.69,2700.0,2700.0
15/6/2026,Bogotá,Alba Vegetarian - Turbo,CO900475346,Alba Vegetarian Chico - Turbo,Chicó,3.68,3000.0,3000.0
15/6/2026,Cali,Burritos & Co - Turbo,CO900410573,Burritos And Co Cali - Turbo,Otra,3.68,2700.0,2700.0
15/6/2026,Bogotá,Pret Sandwich Bistro - Turbo,CO900464394,Pret Sandwich Bistro Cl 109 - Turbo,Calle 109,3.67,2400.0,2400.0
15/6/2026,Bogotá,Alba Vegetarian - Turbo,CO900473540,Alba Vegetarian - Kennedy Calle 26 Sur #72c 258 - Turbo,Kennedy,3.65,2700.0,3000.0
15/6/2026,Bogotá,Brunch & Munch - Turbo,CO900409672,Brunch & Munch Chapinero - Turbo,Chapinero,3.62,2400.0,2400.0
15/6/2026,Medellín,Alba Vegetarian - Turbo,CO900443008,Alba Vegetarian - Laureles - Turbo,Laureles,3.61,2700.0,2700.0
15/6/2026,Cali,Avocalia Turbo,CO900405544,Avocalia Cali - San Fernando - Turbo,San Fernando,3.58,2400.0,2400.0
15/6/2026,Bogotá,Mañanero Diario - Turbo,CO900476020,Mañanero Diario Chico - Turbo,Chicó,3.55,3000.0,3000.0
15/6/2026,Bogotá,Selvatiko. - Turbo,CO900475116,Selvatiko. Chapinero - Turbo,Chapinero,3.53,2400.0,2700.0
15/6/2026,Cali,Dembow - Turbo,CO900473646,Dembow - Santa Mónica - Turbo,Santa Mónica,3.52,2400.0,2400.0
15/6/2026,Bogotá,Desayunos de la Abuela - Turbo,CO900473561,Desayunos de la Abuela Andes - Turbo,Andes,3.51,2400.0,2400.0
15/6/2026,Bogotá,House Of Salads - Turbo,CO900488856,House Of Salads Arrecife - Turbo,Arrecife,3.46,3000.0,3000.0
15/6/2026,Medellín,Desayunos de la Abuela - Turbo,CO900446317,Desayunos de la Abuela Laureles - Turbo,Laureles,3.46,2700.0,2700.0
15/6/2026,Bucaramanga,Selvatiko. - Turbo,CO900475119,Selvatiko. Cabecera - Turbo,Cabecera (Bga),3.45,3000.0,3000.0
15/6/2026,Bogotá,Burrito Cantina - Turbo,CO900467387,Burrito Cantina Castellana - Turbo,Parque 93 / Castellana,3.43,2700.0,2700.0
15/6/2026,Bogotá,House Of Salads - Turbo,CO900445676,House Of Salad Colina - Turbo,Colina,3.41,2700.0,2700.0
15/6/2026,Bogotá,Pret Sandwich Bistro - Turbo,CO900416172,Pret Sandwich Bistro Chapinero - Turbo,Chapinero,3.41,2400.0,2400.0
15/6/2026,Cali,Burritos & Co - Turbo,CO900410569,Burritos & CO Cali - San Fernando - Turbo,San Fernando,3.41,2700.0,2700.0
15/6/2026,Bogotá,Acpm Corrientazo - Turbo,CO900467511,Acpm Corrientazo Castellana - Turbo,Parque 93 / Castellana,3.39,2400.0,2400.0
15/6/2026,Medellín,The Breakfast Club - Turbo,CO900475214,The Breakfast Club Laurele - Turbo,Laureles,3.39,2700.0,2700.0
15/6/2026,Bogotá,Sanduches el Jefe - Turbo,CO900420512,Sandwich el Jefe Colina - Turbo,Colina,3.38,2400.0,2400.0
15/6/2026,Cali,La Cuadra - Turbo,CO900416195,La Cuadra Santa Monica - Cali - Turbo,Santa Mónica,3.37,3000.0,3000.0
15/6/2026,Cali,Local Cocina Consciente - Turbo,CO900477097,Local - Cocina Consciente San Fernando - Turbo,San Fernando,3.35,2700.0,2700.0
15/6/2026,Cali,Almuerzos D´la Casa - Turbo,CO900471211,Almuerzos D´la Casa - San Fernando - Turbo,San Fernando,3.34,3000.0,3000.0
15/6/2026,Bucaramanga,Burrito Cantina - Turbo,CO900467384,Burrito Cantina Bucaramanga - Turbo,Cabecera (Bga),3.33,2400.0,3000.0
15/6/2026,Medellín,Brunch & Munch - Turbo,CO900405253,Brunch & Munch Laureles - Turbo,Laureles,3.31,2700.0,2700.0
15/6/2026,Bogotá,Monteverde - Turbo,CO900450767,Monteverde Colina - Turbo,Colina,3.29,2700.0,2700.0
15/6/2026,Cartagena,Mr Beast Burger - Turbo,CO900481990,Mr Beast Cartagena - Turbo,Cartagena,3.29,2400.0,2400.0
15/6/2026,Bogotá,Ñamgucheria Sandwiches - Turbo,CO900439229,Ñamguchería Castellana - Turbo,Parque 93 / Castellana,3.27,2400.0,2400.0
15/6/2026,Bogotá,Honest Food Fdl - Turbo,CO900463745,Honest Food Cl 109 - Turbo,Calle 109,3.26,2700.0,2700.0
15/6/2026,Bogotá,Burrito Cantina - Turbo,CO900488277,Burrito Cantina Arrecife - Turbo,Arrecife,3.26,3000.0,3000.0
15/6/2026,Bogotá,The Breakfast Club - Turbo,CO900475207,The Breakfast Club Kennedy - Turbo,Kennedy,3.26,2400.0,2700.0
15/6/2026,Bogotá,Ñamgucheria Sandwiches - Turbo,CO900473584,Ñamguchería Andes - Turbo,Andes,3.25,2400.0,2400.0
15/6/2026,Bogotá,Cacerola - Turbo,CO900416214,Cacerola Castellana - Turbo,Parque 93 / Castellana,3.25,2400.0,2400.0
15/6/2026,Cali,Acpm Corrientazo - Turbo,CO900467504,Acpm Corrientazo San Fernando - Turbo,San Fernando,3.25,3000.0,3000.0
15/6/2026,Bogotá,Mr Beast Burger - Turbo,CO900405271,Mr Beast Villa Del Prado - Turbo,Villa del Prado,3.23,2400.0,2400.0
15/6/2026,Cali,Alba Vegetarian - Turbo,CO900443016,Alba Vegetarian - San Fernando - Turbo,San Fernando,3.23,2700.0,3000.0
15/6/2026,Bogotá,Burritos & Co - Turbo,CO900420641,Burritos And Co - Colina - Turbo,Colina,3.22,2700.0,2700.0
15/6/2026,Bogotá,Mr Beast Burger - Turbo,CO900420303,Mr Beast Kennedy - Turbo,Kennedy,3.22,2400.0,2400.0
15/6/2026,Bogotá,Señor Burrito. - Turbo,CO900467418,Señor Burrito 93 - Turbo,Parque 93 / Castellana,3.22,2400.0,2400.0
15/6/2026,Cali,Green House Fd - Turbo,CO900438444,Green House San Fernando - Turbo,San Fernando,3.21,2400.0,2400.0
15/6/2026,Medellín,Selvatiko. - Turbo,CO900475123,Selvatiko. Laureles - Turbo,Laureles,3.21,2700.0,2700.0
15/6/2026,Bucaramanga,Cacerola - Turbo,CO900473672,Cacerola - Cabecera - Turbo,Cabecera (Bga),3.19,2400.0,2400.0
15/6/2026,Bogotá,Señor Burrito. - Turbo,CO900464393,Señor Burrito 109 - Turbo,Calle 109,3.17,3000.0,3000.0
15/6/2026,Bogotá,Burritos & Co - Turbo,CO900464311,Burritos & Co Cl 109 - Turbo,Calle 109,3.16,2700.0,2700.0
15/6/2026,Cartagena,Ñamgucheria Sandwiches - Turbo,CO900481992,Ñamguchería Cartagena - Turbo,Cartagena,3.15,2700.0,2700.0
15/6/2026,Barranquilla,Pret Sandwich Bistro - Turbo,CO900416176,Pret Sandwich Bistro Barranquilla Nte - Turbo,Barranquilla,3.14,2700.0,2700.0
15/6/2026,Cali,House Of Salads - Turbo,CO900445681,House Of Salad Santa Monica - Turbo,Santa Mónica,3.14,2400.0,2400.0
15/6/2026,Bogotá,Mañanero Diario - Turbo,CO900443500,Mañanero diario Chapinero - Turbo,Chapinero,3.13,2400.0,2400.0
15/6/2026,Bogotá,Numa Cocina Mediterranea - Turbo,CO900476061,Cocina Mediterranea Andes - Turbo,Andes,2.98,2400.0,2400.0
15/6/2026,Bogotá,House Of Salads - Turbo,CO900445682,House Of Salad Chico - Turbo,Chicó,2.97,2700.0,3000.0
15/6/2026,Bogotá,Pret Sandwich Bistro - Turbo,CO900416549,Pret Sandwich Bistro 93 - Turbo,Parque 93 / Castellana,2.96,3000.0,3000.0
15/6/2026,Barranquilla,Honest Food Fdl - Turbo,CO900472141,Honest Food Barranquilla - Turbo,Barranquilla,2.95,2700.0,2700.0
15/6/2026,Bucaramanga,House Of Salads - Turbo,CO900476073,House Of Salads Cabecera - Turbo,Cabecera (Bga),2.94,3000.0,3000.0
15/6/2026,Bogotá,Bottaniko - Turbo,CO900475790,Bottaniko - Kennedy - Turbo,Kennedy,2.93,3000.0,3000.0
15/6/2026,Cali,House Of Salads - Turbo,CO900445671,House Of Salad San Fernando - Turbo,San Fernando,2.92,3000.0,3000.0
15/6/2026,Bogotá,Alba Vegetarian - Turbo,CO900488270,Alba Vegetarian Arrecife - Turbo,Arrecife,2.89,3000.0,3000.0
15/6/2026,Medellín,Green House Fd - Turbo,CO900438443,Green House Laureles - Turbo,Laureles,2.89,2700.0,2700.0
15/6/2026,Bogotá,La Cuadra - Turbo,CO900416192,La Cuadra - Castellana - Turbo,Parque 93 / Castellana,2.84,2400.0,2400.0
15/6/2026,Bogotá,Dembow - Turbo,CO900473654,Dembow - Colina - Turbo,Colina,2.83,2400.0,2400.0
15/6/2026,Medellín,Mr Beast Burger - Turbo,CO900405268,Mr Beast Manila - Turbo,Manila,2.82,3000.0,3000.0
15/6/2026,Bogotá,Bottaniko - Turbo,CO900443516,Bottaniko - Colina - Turbo,Colina,2.81,2400.0,2700.0
15/6/2026,Barranquilla,Brunch & Munch - Turbo,CO900405255,Brunch & Munch Barranquilla - Turbo,Barranquilla,2.78,2400.0,2400.0
15/6/2026,Bogotá,Mr Beast Burger - Turbo,CO900409677,Mr Beast Castellana - Turbo,Parque 93 / Castellana,2.78,2400.0,2400.0
15/6/2026,Cali,Mañanero Diario - Turbo,CO900443498,Mañanero Diario Santa Mónica (Cali Norte) - Turbo,Santa Mónica,2.78,3000.0,3000.0
15/6/2026,Medellín,Ñamgucheria Sandwiches - Turbo,CO900439223,Ñamguchería Manila - Turbo,Manila,2.77,3000.0,3000.0
15/6/2026,Bogotá,Green House Fd - Turbo,CO900438446,Green House Kennedy - Turbo,Kennedy,2.76,2700.0,2700.0
15/6/2026,Bogotá,Brunch & Munch - Turbo,CO900426740,Brunch & Munch Andes - Turbo,Andes,2.76,2400.0,2400.0
15/6/2026,Bogotá,Numa Cocina Mediterranea - Turbo,CO900476062,Cocina Mediterranea Kennedy - Turbo,Kennedy,2.74,2400.0,2700.0
15/6/2026,Barranquilla,Mañanero Diario - Turbo,CO900443503,Mañanero diario Barranquilla Norte - Turbo CHURNEADO,Barranquilla,2.73,2400.0,2700.0
15/6/2026,Bogotá,Foodology Court - Turbo,CO900471304,Foodology Kennedy - Turbo,Kennedy,2.73,2400.0,2400.0
15/6/2026,Medellín,Sanduches el Jefe - Turbo,CO900419500,Sandwich El Jefe Laureles - Turbo,Laureles,2.73,2700.0,3000.0
15/6/2026,Cali,Alba Vegetarian - Turbo,CO900443011,Alba Vegetarian - Santa Monica - Turbo,Santa Mónica,2.72,2400.0,2700.0
15/6/2026,Bogotá,Monteverde - Turbo,CO900463719,Monteverde Cl 109 - Turbo,Calle 109,2.71,2700.0,3000.0
15/6/2026,Bogotá,la Cuadra Desayunos Caseros - Turbo,CO900467493,La Cuadra Desayunos Caseros Usaquen - Turbo,Usaquén,2.71,3000.0,3000.0
15/6/2026,Bogotá,Mañanero Diario - Turbo,CO900443497,Mañanero diario Colina - Turbo,Colina,2.71,2700.0,2700.0
15/6/2026,Bogotá,Almuerzos D´la Casa - Turbo,CO900475129,Almuerzos D` La Casa - Kennedy - Turbo,Kennedy,2.69,2700.0,2700.0
15/6/2026,Bogotá,Alba Vegetarian - Turbo,CO900475345,Alba Vegetarian Cl 109 - Turbo,Calle 109,2.68,2700.0,3000.0
15/6/2026,Bogotá,Ñamgucheria Sandwiches - Turbo,CO900439225,Ñamguchería Chapinero - Turbo,Chapinero,2.68,2400.0,2400.0
15/6/2026,Bucaramanga,Monteverde - Turbo,CO900450765,Monteverde Cabecera - Turbo,Cabecera (Bga),2.68,3000.0,3000.0
15/6/2026,Bogotá,Green House Fd - Turbo,CO900438447,Green House Villa Del Prado - Turbo Cra. 55  243,Villa del Prado,2.66,2700.0,2700.0
15/6/2026,Bogotá,House Of Salads - Turbo,CO900445677,House Of Salad Villa del Prado - Turbo,Villa del Prado,2.66,3000.0,3000.0
15/6/2026,Cali,Cacerola - Turbo,CO900416209,Cacerola Cali - San Fernando - Turbo,San Fernando,2.66,2400.0,2400.0
15/6/2026,Cali,Almuerzos D´la Casa - Turbo,CO900471208,Almuerzos D´la Casa - Santa Monica - Turbo,Santa Mónica,2.66,2700.0,2700.0
15/6/2026,Cali,Burrito Cantina - Turbo,CO900467383,Burrito Cantina San Fernando - Turbo,San Fernando,2.64,2700.0,3000.0
15/6/2026,Medellín,Desayuno Mi Tierrita - Turbo,CO900465157,Desayuno Mi Tierrita Laureles - Turbo,Laureles,2.64,2700.0,2700.0
15/6/2026,Barranquilla,Burrito Cantina - Turbo,CO900467386,Burrito Cantina Barranquilla Norte - Turbo,Barranquilla,2.63,2700.0,3000.0
15/6/2026,Cali,Cinnabon - Turbo,CO900405124,Cinnabon San Fernando - Turbo,San Fernando,2.63,2700.0,2700.0
15/6/2026,Medellín,Monteverde - Turbo,CO900450764,Monteverde Laureles - Turbo Calle 32F,Laureles,2.63,2700.0,2700.0
15/6/2026,Bogotá,Dembow - Turbo,CO900473650,Dembow - Andes - Turbo,Andes,2.62,3000.0,3000.0
15/6/2026,Bucaramanga,Dembow - Turbo,CO900473642,Dembow - Cabecera - Turbo,Cabecera (Bga),2.59,2700.0,3000.0
15/6/2026,Bogotá,Green House Fd - Turbo,CO900438452,Green House Chapinero - Turbo,Chapinero,2.58,2700.0,2700.0
15/6/2026,Bogotá,The Breakfast Club - Turbo,CO900475212,The Breakfast Club Andes - Turbo,Andes,2.56,2400.0,2400.0
15/6/2026,Medellín,Sanduches el Jefe - Turbo,CO900419507,Sandwich El Jefe Manila - Turbo,Manila,2.56,3000.0,3000.0
15/6/2026,Medellín,Burritos & Co - Turbo,CO900410568,Burritos And Co Laureles - Turbo,Laureles,2.56,2700.0,2700.0
15/6/2026,Barranquilla,Green House Fd - Turbo,CO900438451,Green House Barranquilla - Turbo,Barranquilla,2.55,2700.0,2700.0
15/6/2026,Cali,Sanduches el Jefe - Turbo,CO900419506,Sandwich El Jefe San Fernando - Turbo,San Fernando,2.55,3000.0,3000.0
15/6/2026,Bogotá,Ñamgucheria Sandwiches - Turbo,CO900473582,Ñamguchería Kennedy - Turbo,Kennedy,2.54,2400.0,2700.0
15/6/2026,Cartagena,Brunch & Munch - Turbo,CO900481032,Brunch & Munch - Cartagena - Turbo,Cartagena,2.54,2400.0,2400.0
15/6/2026,Bogotá,Avocalia Turbo,CO900405546,Avocalia - Villa Del Prado - Turbo,Villa del Prado,2.53,2400.0,2400.0
15/6/2026,Bogotá,Cinnabon Foodology - Turbo,CO900410068,Cinnabon Chapinero - Turbo,Chapinero,2.52,2700.0,2700.0
15/6/2026,Bogotá,Avocalia Turbo,CO900464312,Avocalia Cl 109 - Turbo,Calle 109,2.49,2700.0,3000.0
15/6/2026,Bogotá,Cinnabon - Turbo,CO900463784,Cinnabon Cl 109 - Turbo,Calle 109,2.49,3000.0,3000.0
15/6/2026,Bogotá,Mañanero Diario - Turbo,CO900475202,Mañanero Diario Cl 109 - Turbo,Calle 109,2.47,2400.0,3000.0
15/6/2026,Bogotá,Honest Food Fdl - Turbo,CO900472133,Honest Food Villa Del Prado - Turbo,Villa del Prado,2.47,2400.0,2400.0
15/6/2026,Bogotá,Green House Fd - Turbo,CO900438449,Green House Parque 93 - Turbo,Parque 93 / Castellana,2.44,2700.0,2700.0
15/6/2026,Bogotá,Honest Food Fdl - Turbo,CO900472137,Honest Food Chapinero - Turbo,Chapinero,2.44,2700.0,2700.0
15/6/2026,Bogotá,Señor Burrito. - Turbo,CO900467426,Señor Burrito Chapinero - Turbo,Chapinero,2.44,2700.0,2700.0
15/6/2026,Cali,Desayunos de la Abuela - Turbo,CO900472679,Desayunos de la Abuela Ingenio - Turbo,Ingenio,2.44,2400.0,2400.0
15/6/2026,Bucaramanga,la Cuadra Desayunos Caseros - Turbo,CO900470910,La Cuadra Desayunos Caseros Cabecera - Turbo,Cabecera (Bga),2.43,3000.0,3000.0
15/6/2026,Cali,La Cuadra - Turbo,CO900416200,La Cuadra Cali - San Fernando - Turbo,San Fernando,2.43,2700.0,3000.0
15/6/2026,Medellín,Foodology Court - Turbo,CO900465144,Foodology Laureles - Turbo Calle 32f #66b-254,Laureles,2.43,2700.0,3000.0
15/6/2026,Bucaramanga,Señor Burrito. - Turbo,CO900467424,Señor Burrito Cabecera - Turbo,Cabecera (Bga),2.42,3000.0,3000.0
15/6/2026,Bogotá,Honest Food Fdl - Turbo,CO900472138,Honest Food Calle 93 - Turbo,Parque 93 / Castellana,2.41,2400.0,2400.0
15/6/2026,Cali,Señor Burrito. - Turbo,CO900467419,Señor Burrito San Fernando - Turbo,San Fernando,2.41,2700.0,2700.0
15/6/2026,Medellín,Almuerzos D´la Casa - Turbo,CO900471207,Almuerzos D´la Casa - Laureles - Turbo,Laureles,2.41,2700.0,3000.0
15/6/2026,Bogotá,La Cuadra - Turbo,CO900420509,La Cuadra - Kennedy - Turbo,Kennedy,2.38,2700.0,3000.0
15/6/2026,Cali,Selvatiko. - Turbo,CO900475114,Selvatiko. Santa Monica - Turbo,Santa Mónica,2.35,2400.0,2700.0
15/6/2026,Cali,Cinnabon - Turbo,CO900407398,Cinnabon Santa Mónica (Cali Norte) - Turbo,Santa Mónica,2.31,3000.0,3000.0
15/6/2026,Medellín,Avocalia Turbo,CO900405766,Avocalia Laureles - Turbo,Laureles,2.31,2700.0,2700.0
15/6/2026,Bucaramanga,Honest Food Fdl - Turbo,CO900472134,Honest Food Cabecera - Turbo,Cabecera (Bga),2.29,3000.0,3000.0
15/6/2026,Bogotá,Selvatiko. - Turbo,CO900475118,Selvatiko. Villa del prado - Turbo,Villa del Prado,2.28,3000.0,3000.0
15/6/2026,Bogotá,la Cuadra Desayunos Caseros - Turbo,CO900488956,la Cuadra Desayunos Arrecife - Turbo,Arrecife,2.28,3000.0,3000.0
15/6/2026,Bogotá,Avocalia Turbo,CO900410780,Avocalia Chicó - Turbo,Chicó,2.27,3000.0,3000.0
15/6/2026,Bogotá,Local Cocina Consciente - Turbo,CO900477107,Local - Cocina Consciente Calle 93 - Turbo,Parque 93 / Castellana,2.26,2700.0,3000.0
15/6/2026,Bogotá,Dembow - Turbo,CO900473649,Dembow - Calle 93 - Turbo,Parque 93 / Castellana,2.25,2400.0,2400.0
15/6/2026,Bogotá,Cacerola - Turbo,CO900416212,Cacerola Chapinero - Turbo,Chapinero,2.25,2400.0,2400.0
15/6/2026,Bogotá,Desayunos de la Abuela - Turbo,CO900446276,Desayunos de la Abuela Calle 93 - Turbo,Parque 93 / Castellana,2.24,2700.0,2700.0
15/6/2026,Medellín,Cinnabon - Turbo,CO900396466,Cinnabon Laureles - Turbo,Laureles,2.24,2700.0,3000.0
15/6/2026,Bogotá,La Cuadra - Turbo,CO900416199,La Cuadra - Chapinero - Turbo,Chapinero,2.23,2700.0,2700.0
15/6/2026,Bogotá,Sanduches el Jefe - Turbo,CO900419502,Sandwich El Jefe Chapinero - Turbo,Chapinero,2.23,2400.0,3000.0
15/6/2026,Bogotá,Almuerzos D´la Casa - Turbo,CO900471210,Almuerzos D´la Casa - Chapinero - Turbo,Chapinero,2.23,2400.0,2700.0
15/6/2026,Cali,Señor Burrito. - Turbo,CO900467417,Señor Burrito Santa Monica - Turbo,Santa Mónica,2.23,3000.0,3000.0
15/6/2026,Bogotá,Burritos & Co - Turbo,CO900410572,Burritos And Co 93 - Turbo,Parque 93 / Castellana,2.22,2700.0,2700.0
15/6/2026,Medellín,la Cuadra Desayunos Caseros - Turbo,CO900467500,La Cuadra Desayunos Caseros Manila - Turbo,Manila,2.22,3000.0,3000.0
15/6/2026,Medellín,Desayunos de la Abuela - Turbo,CO900446309,Desayunos de la Abuela Manila - Turbo,Manila,2.19,3000.0,3000.0
15/6/2026,Bogotá,House Of Salads - Turbo,CO900445673,House Of Salad Chapinero - Turbo,Chapinero,2.17,2400.0,2400.0
15/6/2026,Bogotá,Monteverde - Turbo,CO900476066,Monteverde Andes - Turbo,Andes,2.16,2700.0,2700.0
15/6/2026,Bucaramanga,Ñamgucheria Sandwiches - Turbo,CO900440620,Ñamguchería Bucaramanga. - Turbo,Cabecera (Bga),2.15,2700.0,3000.0
15/6/2026,Medellín,La Cuadra - Turbo,CO900416193,La Cuadra - Laureles - Turbo,Laureles,2.13,2700.0,2700.0
15/6/2026,Bogotá,Desayuno Mi Tierrita - Turbo,CO900465166,Desayuno Mi Tierrita - Colina - Turbo,Colina,15.18,2400.0,2400.0
15/6/2026,Cali,Desayuno Mi Tierrita - Turbo,CO900465164,Desayuno Mi Tierrita San Fernando Cali - Turbo,San Fernando,13.95,2400.0,1000
15/6/2026,Bogotá,Cacerola - Turbo,CO900473676,Cacerola Chico - Turbo,Chicó,13.86,2700.0,1000
15/6/2026,Bogotá,Foodology Court - Turbo,CO900488781,Foodology Arrecife - Turbo,Arrecife,13.13,3000.0,1000
15/6/2026,Bogotá,Pret Sandwich Bistro - Turbo,CO900488980,Pret Sandwich Bistro Arrecife - Turbo,Arrecife,11.99,3000.0,1000
15/6/2026,Barranquilla,House Of Salads - Turbo,CO900445675,House Of Salad Barranquilla - Turbo,Barranquilla,1.98,2400.0,2400.0
15/6/2026,Barranquilla,Monteverde - Turbo,CO900450774,Monteverde Barranquilla - Turbo,Barranquilla,1.98,3000.0,3000.0
15/6/2026,Bogotá,Señor Burrito. - Turbo,CO900467421,Señor Burrito - Villa del Prado - Turbo,Villa del Prado,1.98,2400.0,2400.0
15/6/2026,Cartagena,Señor Burrito. - Turbo,CO900482004,Señor Burrito Cartagena - Turbo,Cartagena,1.98,2700.0,2700.0
15/6/2026,Bogotá,Cacerola - Turbo,CO900416213,Cacerola Usaquen - Turbo,Usaquén,1.97,2700.0,2700.0
15/6/2026,Medellín,House Of Salads - Turbo,CO900445679,House Of Salad Laureles - Turbo,Laureles,1.97,2700.0,3000.0
15/6/2026,Bogotá,Doritos Locos By Dorito - Turbo,CO900488774,Doritosclocos By Doritos Arrecife - Turbo,Arrecife,1.95,3000.0,3000.0
15/6/2026,Bogotá,Frost By Oreo - Turbo,CO900488841,Frost By Oreo Arrecife - Turbo,Arrecife,1.94,3000.0,3000.0
15/6/2026,Bogotá,Alba Vegetarian - Turbo,CO900443009,Alba Vegetarian - Chapinero - Turbo,Chapinero,1.94,2700.0,2700.0
15/6/2026,Bogotá,Burritos & Co - Turbo,CO900410665,Burritos And Co Chapinero - Turbo,Chapinero,1.93,2700.0,2700.0
15/6/2026,Bucaramanga,La Cuadra - Turbo,CO900426535,La Cuadra - Bucaramanga - Turbo,Cabecera (Bga),1.93,3000.0,3000.0
15/6/2026,Cali,la Cuadra Desayunos Caseros - Turbo,CO900467495,La Cuadra Desayunos San Fernando - Turbo,San Fernando,1.93,3000.0,3000.0
15/6/2026,Bogotá,Acpm Corrientazo - Turbo,CO900470916,Acpm Corrientazo Andes - Turbo,Andes,1.92,2700.0,2700.0
15/6/2026,Barranquilla,La Cuadra - Turbo,CO900416197,La Cuadra Barranquilla Norte - Turbo,Barranquilla,1.89,2700.0,2700.0
15/6/2026,Barranquilla,Avocalia Turbo,CO900405547,Avocalia Barranquilla - Turbo,Barranquilla,1.89,2700.0,2700.0
15/6/2026,Cali,Helados San Jerónimo - Turbo,CO900407396,Heladería San Jerónimo Santa Mónica (Cali Norte) - Turbo,Santa Mónica,1.89,2400.0,2400.0
15/6/2026,Bogotá,Monteverde - Turbo,CO900450773,Monteverde Villa Del Prado - Turbo,Villa del Prado,1.88,2700.0,2700.0
15/6/2026,Bogotá,Vicio - Turbo,CO900489022,Vicio Arrecife - Turbo,Arrecife,1.88,3000.0,3000.0
15/6/2026,Medellín,Señor Burrito. - Turbo,CO900467423,Señor Burrito Laureles - Turbo,Laureles,1.88,2700.0,2700.0
15/6/2026,Bogotá,Mr Beast Burger - Turbo,CO900409679,Mr Beast Usaquén - Turbo,Usaquén,1.87,2700.0,3000.0
15/6/2026,Cali,Mr Beast Burger - Turbo,CO900476815,Mr Beast Ingenio - Turbo,Ingenio,1.87,2400.0,2400.0
15/6/2026,Bogotá,Almuerzos D´la Casa - Turbo,CO900473543,Almuerzos D´la Casa - Andes - Turbo,Andes,1.86,2700.0,2700.0
15/6/2026,Cali,Frost By Oreo - Turbo,CO900407399,Frost By Oreo Santa Mónica (Cali Norte) - Turbo,Santa Mónica,1.85,3000.0,3000.0
15/6/2026,Barranquilla,Alba Vegetarian - Turbo,CO900443015,Alba Vegetarian - Norte - Turbo,Barranquilla,1.84,2700.0,2700.0
15/6/2026,Bogotá,Honest Food Fdl - Turbo,CO900475459,Honest Food Andes - Turbo,Andes,1.84,2700.0,2700.0
15/6/2026,Bogotá,Burrito Cantina - Turbo,CO900467381,Burrito Cantina Usaquén - Turbo,Usaquén,1.83,2700.0,3000.0
15/6/2026,Bogotá,Burritos & Co - Turbo,CO900420642,Burritos And Co - Kennedy - Turbo,Kennedy,1.82,2700.0,2700.0
15/6/2026,Medellín,Mañanero Diario - Turbo,CO900443494,Mañanero diario Laureles - Turbo,Laureles,1.82,2700.0,3000.0
15/6/2026,Bogotá,Brunch & Munch - Turbo,CO900409674,Brunch & Munch Usaquen - Turbo,Usaquén,1.81,3000.0,3000.0
15/6/2026,Bucaramanga,Almuerzos D´la Casa - Turbo,CO900471204,Almuerzos D´la Casa - Cabecera - Turbo,Cabecera (Bga),1.78,2700.0,2700.0
15/6/2026,Cartagena,Alba Vegetarian - Turbo,CO900479519,Alba Vegetarian - Cartagena Calle 24a 329 - Turbo,Cartagena,1.77,2700.0,2700.0
15/6/2026,Bogotá,Cinnabon - Turbo,CO900416553,Cinnabon Villa Del Prado - Turbo,Villa del Prado,1.76,2700.0,2700.0
15/6/2026,Bogotá,Numa Cocina Mediterranea - Turbo,CO900463760,Cocina Mediterranea Usaquen - Turbo,Usaquén,1.75,2400.0,2400.0
15/6/2026,Bogotá,Foodology Court - Turbo,CO900465138,Foodology Cl 109 - Turbo Cl. 109 #15-28,Calle 109,1.74,3000.0,3000.0
15/6/2026,Bogotá,Burrito Cantina - Turbo,CO900470960,Burrito Cantina Kennedy - Turbo,Kennedy,1.74,3000.0,3000.0
15/6/2026,Bogotá,Señor Burrito. - Turbo,CO900471311,Señor Burrito Andes - Turbo,Andes,1.74,2400.0,2400.0
15/6/2026,Bucaramanga,Burritos & Co - Turbo,CO900426541,Burritos & Co Bucaramanga - Turbo,Cabecera (Bga),1.74,3000.0,3000.0
15/6/2026,Bogotá,Señor Burrito. - Turbo,CO900471310,Señor Burrito Kennedy - Turbo,Kennedy,1.73,3000.0,3000.0
15/6/2026,Bogotá,The Breakfast Club - Turbo,CO900475289,The Breakfast Club Usaquen - Turbo,Usaquén,1.68,3000.0,3000.0
15/6/2026,Medellín,Cacerola - Turbo,CO900416206,Cacerola Manila - Medellin - Turbo,Manila,1.68,3000.0,3000.0
15/6/2026,Barranquilla,Burritos & Co - Turbo,CO900410570,Burritos & Co Barranquilla - Turbo,Barranquilla,1.67,2700.0,2700.0
15/6/2026,Cali,Burritos & Co - Turbo,CO900473554,Burritos & Co - Ingenio - Turbo,Ingenio,1.67,2400.0,2400.0
15/6/2026,Bogotá,Acpm Corrientazo - Turbo,CO900488269,Acpm Corrientazo Arrecife - Turbo,Arrecife,1.66,3000.0,3000.0
15/6/2026,Barranquilla,Foodology Court - Turbo,CO900465150,Foodology Barranquilla Nte - Turbo Cra. 45 #85-168,Barranquilla,1.65,2700.0,3000.0
15/6/2026,Bogotá,Vicio - Turbo,CO900400178,Vicio Castellana - Turbo,Parque 93 / Castellana,1.65,2700.0,2700.0
15/6/2026,Cartagena,House Of Salads - Turbo,CO900481978,House Of Salads Cartagena - Turbo,Cartagena,1.65,2700.0,2700.0
15/6/2026,Bogotá,Avocalia Turbo,CO900420304,Avocalia - Kennedy - Turbo,Kennedy,1.64,2700.0,2700.0
15/6/2026,Bogotá,Sanduches el Jefe - Turbo,CO900419505,Sandwich el Jefe Usaquen - Turbo Calle 120A #3A11 236,Usaquén,1.62,2700.0,2700.0
15/6/2026,Medellín,Burrito Cantina - Turbo,CO900467377,Burrito Cantina Manila - Turbo,Manila,1.59,3000.0,3000.0
15/6/2026,Medellín,Brunch & Munch - Turbo,CO900405254,Brunch & Munch Manila - Medellin - Turbo,Manila,1.58,3000.0,3000.0
15/6/2026,Bogotá,Cacerola - Turbo,CO900473675,Cacerola - Andes - Turbo,Andes,1.57,2400.0,2400.0
15/6/2026,Bucaramanga,Bottaniko - Turbo,CO900443514,Bottaniko - Bucaramanga - Turbo,Cabecera (Bga),1.57,3000.0,3000.0
15/6/2026,Bogotá,Cacerola - Turbo,CO900416208,Cacerola - Villa del Prado  - Turbo,Villa del Prado,1.56,2700.0,2700.0
15/6/2026,Barranquilla,Almuerzos D´la Casa - Turbo,CO900471203,Almuerzos D´la Casa - Barranquilla Norte - Turbo,Barranquilla,1.55,3000.0,3000.0
15/6/2026,Medellín,Honest Food Fdl - Turbo,CO900472143,Honest Food Manila - Turbo,Manila,1.54,3000.0,3000.0
15/6/2026,Cartagena,Acpm Corrientazo - Turbo,CO900479517,Acpm Corrientazo Cartagena - Turbo,Cartagena,1.52,2400.0,3000.0
15/6/2026,Medellín,The Breakfast Club - Turbo,CO900475283,The Breakfast Club Manila - Turbo,Manila,1.52,3000.0,3000.0
15/6/2026,Bogotá,Monteverde - Turbo,CO900450779,Monteverde Chapinero - Turbo,Chapinero,1.51,2700.0,2700.0
15/6/2026,Bogotá,Frost By Oreo - Turbo,CO900475372,Frost By Oreo Cl 109 - Turbo,Calle 109,1.48,3000.0,3000.0
15/6/2026,Bogotá,Monteverde - Turbo,CO900449821,MonteVerde Calle 93 - Turbo,Parque 93 / Castellana,1.48,2400.0,2400.0
15/6/2026,Cartagena,Green House Fd - Turbo,CO900481820,Green House Cartagena - Turbo,Cartagena,1.46,2700.0,2700.0
15/6/2026,Bogotá,Burritos & Co - Turbo,CO900426540,Burritos & Co Andes - Turbo,Andes,1.45,2700.0,2700.0
15/6/2026,Bogotá,Avocalia Turbo,CO900473671,Avocalia Andes Mp - Turbo,Andes,1.43,2700.0,2700.0
15/6/2026,Bogotá,Avocalia Turbo,CO900401242,Avocalia - Castellana - Turbo,Parque 93 / Castellana,1.41,2400.0,2400.0
15/6/2026,Medellín,La Cuadra - Turbo,CO900416201,La Cuadra Manila - Medellin - Turbo,Manila,1.41,3000.0,3000.0
15/6/2026,Bogotá,Helados San Jerónimo - Turbo,CO900488984,Helados San Jerónimo Arrecife - Turbo,Arrecife,1.38,3000.0,3000.0
15/6/2026,Medellín,Selvatiko. - Turbo,CO900475117,Selvatiko. Manila - Turbo,Manila,1.34,3000.0,3000.0
15/6/2026,Medellín,Desayuno Mi Tierrita - Turbo,CO900465160,Desayuno Mi Tierrita Manila - Turbo,Manila,1.32,3000.0,3000.0
15/6/2026,Barranquilla,Selvatiko. - Turbo,CO900475115,Selvatiko. Barranquilla Norte - Turbo,Barranquilla,1.29,2400.0,2400.0
15/6/2026,Bogotá,Numa Cocina Mediterranea - Turbo,CO900463747,Numa Cocina Mediterranea Chapinero - Turbo,Chapinero,1.29,2400.0,2400.0
15/6/2026,Medellín,House Of Salads - Turbo,CO900445683,House Of Salad Manila - Turbo,Manila,1.29,3000.0,3000.0
15/6/2026,Bogotá,La Cuadra - Turbo,CO900426536,La Cuadra - Andes - Turbo,Andes,1.27,2700.0,3000.0
15/6/2026,Medellín,Monteverde - Turbo,CO900450776,Monteverde Manila - Turbo,Manila,1.27,3000.0,3000.0
15/6/2026,Barranquilla,Cinnabon - Turbo,CO900414571,Cinnabon Barranquilla Norte - Turbo,Barranquilla,1.25,2700.0,2700.0
15/6/2026,Medellín,Burritos & Co - Turbo,CO900410576,Burritos & Co Manila - Medellin - Turbo,Manila,1.25,3000.0,3000.0
15/6/2026,Cartagena,Honest Food Fdl - Turbo,CO900481826,Honest Food Cartagena - Turbo,Cartagena,1.24,2700.0,2700.0
15/6/2026,Medellín,Helados San Jerónimo - Turbo,CO900405135,Heladería San Jerónimo Laureles - Turbo,Laureles,1.23,2700.0,3000.0
15/6/2026,Bogotá,Alba Vegetarian - Turbo,CO900476064,Alba Vegetarian Villa Del Prado - Turbo,Villa del Prado,1.22,2700.0,2700.0
15/6/2026,Bogotá,Selvatiko. - Turbo,CO900475113,Selvatiko. Kennedy - Turbo,Kennedy,1.22,2700.0,2700.0
15/6/2026,Cali,Avocalia Turbo,CO900472745,Avocalia - Ingenio - Turbo,Ingenio,1.22,2400.0,2400.0
15/6/2026,Cartagena,La Cuadra - Turbo,CO900481970,La Cuadra - Cartagena - Turbo,Cartagena,1.21,2700.0,2700.0
15/6/2026,Bogotá,Green House Fd - Turbo,CO900438448,Green House Usaquen - Turbo,Usaquén,1.19,2700.0,3000.0
15/6/2026,Medellín,Almuerzos D´la Casa - Turbo,CO900471213,Almuerzos D´la Casa - Manila - Turbo,Manila,1.19,3000.0,3000.0
15/6/2026,Medellín,Vicio - Turbo,CO900396759,Vicio Laureles - Turbo,Laureles,1.18,2700.0,3000.0
15/6/2026,Medellín,Alba Vegetarian - Turbo,CO900443014,Alba Vegetarian - Manila - Turbo,Manila,1.17,3000.0,3000.0
15/6/2026,Bogotá,Vicio - Turbo,CO900426529,Vicio Andes - Turbo,Andes,1.16,3000.0,3000.0
15/6/2026,Cartagena,Monteverde - Turbo,CO900482005,Monteverde Cartagena - Turbo,Cartagena,1.16,2700.0,2700.0
15/6/2026,Bogotá,Foodology Court - Turbo,CO900465151,Foodology Usaquen - Turbo Cl. 120a #3,Usaquén,1.15,3000.0,3000.0
15/6/2026,Medellín,Señor Burrito. - Turbo,CO900467427,Señor Burrito Manila - Turbo,Manila,1.15,3000.0,3000.0
15/6/2026,Bogotá,Cinnabon - Turbo,CO900402238,Cinnabon Usaquén - Turbo,Usaquén,1.13,3000.0,3000.0
15/6/2026,Cali,Pret Sandwich Bistro - Turbo,CO900416171,Pret Sandwich Bistro San Fernando - Turbo,San Fernando,1.13,3000.0,3000.0
15/6/2026,Cartagena,Pret Sandwich Bistro - Turbo,CO900481996,Pret Sandwich Bistro Cartagena - Turbo,Cartagena,1.13,2400.0,2400.0
15/6/2026,Medellín,Avocalia Turbo,CO900405545,Avocalia - Manila - Turbo,Manila,1.13,3000.0,3000.0
15/6/2026,Bogotá,Almuerzos D´la Casa - Turbo,CO900471212,Almuerzos D´la Casa - Colina - Turbo,Colina,0.98,2700.0,2700.0
15/6/2026,Medellín,Vicio - Turbo,CO900405130,Vicio Manila - Turbo,Manila,0.97,3000.0,3000.0
15/6/2026,Bogotá,Mañanero Diario - Turbo,CO900475200,Mañanero Andes - Turbo,Andes,0.95,3000.0,3000.0
15/6/2026,Medellín,Pret Sandwich Bistro - Turbo,CO900416174,Pret Sándwich Bistro Manila - Turbo,Manila,0.95,3000.0,3000.0
15/6/2026,Bogotá,Honest Food Fdl - Turbo,CO900472136,Honest Food Usaquen - Turbo,Usaquén,0.93,2700.0,3000.0
15/6/2026,Bogotá,Avocalia Turbo,CO900401243,Avocalia Usaquén - Turbo,Usaquén,0.93,3000.0,3000.0
15/6/2026,Bogotá,Numa Cocina Mediterranea - Turbo,CO900463762,Cocina Mediterranea Villa Del Prado - Turbo,Villa del Prado,0.92,2400.0,2400.0
15/6/2026,Bogotá,Desayunos de la Abuela - Turbo,CO900488283,Desayunos de la Abuela Arrecife - Turbo,Arrecife,0.92,3000.0,3000.0
15/6/2026,Bogotá,Frost By Oreo - Turbo,CO900400262,Frost By Oreo Castellana - Turbo,Parque 93 / Castellana,0.92,2700.0,2700.0
15/6/2026,Bogotá,Doritos Locos By Dorito - Turbo,CO900473563,Doritos Locos By Dorito Andes - Turbo,Andes,0.9,3000.0,3000.0
15/6/2026,Bogotá,Mañanero Diario - Turbo,CO900443496,Mañanero Diario Usaquén - Turbo,Usaquén,0.88,3000.0,3000.0
15/6/2026,Cali,Bottaniko - Turbo,CO900443505,Bottaniko Cali - San Fernando - Turbo,San Fernando,0.88,2400.0,2400.0
15/6/2026,Medellín,Acpm Corrientazo - Turbo,CO900467512,Acpm Corrientazo Manila - Turbo,Manila,0.88,3000.0,3000.0
15/6/2026,Medellín,Mañanero Diario - Turbo,CO900443495,Mañanero diario Manila - Turbo,Manila,0.88,3000.0,3000.0
15/6/2026,Bogotá,Frost By Oreo - Turbo,CO900405219,Frost By Oreo Villa Del Prado - Turbo,Villa del Prado,0.87,3000.0,3000.0
15/6/2026,Bucaramanga,Mañanero Diario - Turbo,CO900443504,Mañanero diario Bucaramanga - Turbo,Cabecera (Bga),0.86,2700.0,3000.0
15/6/2026,Bucaramanga,Desayuno Mi Tierrita - Turbo,CO900465167,Desayuno Mi Tierrita - Cabecera - Turbo,Cabecera (Bga),0.83,3000.0,3000.0
15/6/2026,Medellín,Foodology Court - Turbo,CO900465147,Foodology Manila - Turbo Cra. 42 #10-65,Manila,0.83,3000.0,3000.0
15/6/2026,Bogotá,Burrito Cantina - Turbo,CO900467378,Burrito Cantina Colina - Turbo,Colina,0.8,2400.0,2400.0
15/6/2026,Cartagena,Selvatiko. - Turbo,CO900482001,Selvatiko. Cartagena - Turbo,Cartagena,0.8,2400.0,2400.0
15/6/2026,Bogotá,Helados San Jerónimo - Turbo,CO900420290,San Jeronomio - Colina - Turbo,Colina,0.79,3000.0,3000.0
15/6/2026,Cali,Vicio - Turbo,CO900473606,Vicio Ingenio - Turbo,Ingenio,0.78,2400.0,2400.0
15/6/2026,Bucaramanga,Helados San Jerónimo - Turbo,CO900426594,Heladería San Jerónimo Bucaramanga - Turbo,Cabecera (Bga),0.75,3000.0,3000.0
15/6/2026,Cali,Frost By Oreo - Turbo,CO900405217,Frost By Oreo San Fernando - Turbo,San Fernando,0.74,2700.0,2700.0
15/6/2026,Bogotá,Helados San Jerónimo - Turbo,CO900414572,Heladería San Jerónimo Villa Del Prado - Turbo,Villa del Prado,0.73,3000.0,3000.0
15/6/2026,Bogotá,Pret Sandwich Bistro - Turbo,CO900473669,Pret Sandwich Bistro Kennedy - Turbo,Kennedy,0.73,2700.0,3000.0
15/6/2026,Medellín,Frost By Oreo - Turbo,CO900396768,Frost By Oreo Laureles - Turbo,Laureles,0.7,2700.0,3000.0
15/6/2026,Bogotá,Mañanero Diario - Turbo,CO900475199,Mañanero Kennedy - Turbo,Kennedy,0.69,2400.0,2700.0
15/6/2026,Cali,Helados San Jerónimo - Turbo,CO900405136,Heladería San Jerónimo San Fernando - Turbo,San Fernando,0.69,3000.0,3000.0
15/6/2026,Barranquilla,Helados San Jerónimo - Turbo,CO900410462,Heladería San Jerónimo Barranquilla Norte - Turbo,Barranquilla,0.68,3000.0,3000.0
15/6/2026,Bogotá,Frost By Oreo - Turbo,CO900409684,Frost By Oreo Chapinero - Turbo,Chapinero,0.68,2700.0,2700.0
15/6/2026,Bucaramanga,Frost By Oreo - Turbo,CO900426531,Frost by Oreo Bucaramanga - Turbo,Cabecera (Bga),0.68,3000.0,3000.0
15/6/2026,Bogotá,Vicio - Turbo,CO900420288,Vicio Kennedy - Turbo,Kennedy,0.67,3000.0,3000.0
15/6/2026,Cartagena,Vicio - Turbo,CO900482006,Vicio Cartagena - Turbo,Cartagena,0.67,3000.0,3000.0
15/6/2026,Cartagena,Almuerzos D´la Casa - Turbo,CO900479595,Almuerzos D´la Casa - Cartagena - Turbo,Cartagena,0.67,2400.0,3000.0
15/6/2026,Barranquilla,Vicio - Turbo,CO900410120,Vicio Barranquilla Norte - Turbo,Barranquilla,0.65,3000.0,3000.0
15/6/2026,Cartagena,Bottaniko - Turbo,CO900480013,Bottaniko - Cartagena - Turbo,Cartagena,0.65,2400.0,2400.0
15/6/2026,Barranquilla,Cacerola - Turbo,CO900416210,Cacerola Barranquilla - Turbo,Barranquilla,0.63,3000.0,3000.0
15/6/2026,Bogotá,House Of Salads - Turbo,CO900445678,House Of Salad Usaquen - Turbo,Usaquén,0.63,2700.0,2700.0
15/6/2026,Bogotá,Monteverde - Turbo,CO900450766,Monteverde Usaquen - Turbo,Usaquén,0.6,3000.0,3000.0
15/6/2026,Bogotá,House Of Salads - Turbo,CO900476071,House Of Salads Kennedy - Turbo,Kennedy,0.6,2400.0,2400.0
15/6/2026,Cali,Burrito Cantina - Turbo,CO900467382,Burrito Cantina Santa Mónica (Cali Norte) - Turbo,Santa Mónica,0.6,2700.0,3000.0
15/6/2026,Bogotá,Almuerzos D´la Casa - Turbo,CO900464931,Almuerzos D´la Casa - Usaquen - Turbo,Usaquén,0.59,2700.0,3000.0
15/6/2026,Bogotá,Vicio - Turbo,CO900420289,Vicio Colina - Turbo,Colina,0.59,3000.0,3000.0
15/6/2026,Bogotá,Helados San Jerónimo - Turbo,CO900426595,Heladería San Jerónimo Andes - Turbo,Andes,0.59,3000.0,3000.0
15/6/2026,Bogotá,Doritos Locos By Dorito - Turbo,CO900472107,Doritos Locos By Dorito Calle 93 - Turbo,Parque 93 / Castellana,0.58,2700.0,2700.0
15/6/2026,Bogotá,Helados San Jerónimo - Turbo,CO900409698,Heladería San Jerónimo Chapinero - Turbo,Chapinero,0.56,3000.0,3000.0
15/6/2026,Cartagena,Helados San Jerónimo - Turbo,CO900481999,Heladería San Jerónimo Cartagena - Turbo,Cartagena,0.56,3000.0,3000.0
15/6/2026,Bogotá,Foodology Court - Turbo,CO900465154,Foodology Villa Del Prado - Turbo Cra. 55 #172-27,Villa del Prado,0.55,2400.0,2700.0
15/6/2026,Cali,Ñamgucheria Sandwiches - Turbo,CO900473581,Ñamguchería Ingenio Calle 83c - Turbo,Ingenio,0.55,2400.0,2400.0
15/6/2026,Bogotá,Desayuno Mi Tierrita - Turbo,CO900465161,Desayuno Mi Tierrita - 93 - Turbo,Parque 93 / Castellana,0.53,3000.0,3000.0
15/6/2026,Barranquilla,Acpm Corrientazo - Turbo,CO900467508,Acpm Corrientazo Barranquilla Norte - Turbo,Barranquilla,0.51,3000.0,3000.0
15/6/2026,Bogotá,Mañanero Diario - Turbo,CO900443502,Mañanero diario Villa del Prado - Turbo,Villa del Prado,0.5,2700.0,2700.0
15/6/2026,Bogotá,Helados San Jerónimo - Turbo,CO900420291,Heladería San Jerónimo Kennedy - Turbo,Kennedy,0.5,3000.0,3000.0
15/6/2026,Bogotá,Burrito Cantina - Turbo,CO900470961,Burrito Cantina Andes - Turbo,Andes,0.5,2400.0,2400.0
15/6/2026,Bogotá,Vicio - Turbo,CO900409686,Vicio Chapinero - Turbo,Chapinero,0.5,2700.0,2700.0
15/6/2026,Cali,Honest Food Fdl - Turbo,CO900475461,Honest Food Ingenio - Turbo,Ingenio,0.47,2400.0,2400.0
15/6/2026,Cartagena,Desayuno Mi Tierrita - Turbo,CO900481379,Desayuno Mi Tierrita Cartagena - Turbo,Cartagena,0.47,2400.0,2400.0
15/6/2026,Barranquilla,Frost By Oreo - Turbo,CO900410135,Frost By Oreo Barranquilla Norte - Turbo,Barranquilla,0.45,3000.0,3000.0
15/6/2026,Bogotá,Acpm Corrientazo - Turbo,CO900467510,Acpm Corrientazo Villa Del Prado - Turbo,Villa del Prado,0.45,2400.0,2400.0
15/6/2026,Bogotá,Frost By Oreo - Turbo,CO900400261,Frost By Oreo Usaquén - Turbo,Usaquén,0.45,3000.0,3000.0
15/6/2026,Cali,Vicio - Turbo,CO900405131,Vicio San Fernando - Turbo,San Fernando,0.43,2700.0,3000.0
15/6/2026,Bogotá,Frost By Oreo - Turbo,CO900426530,Frost by Oreo Andes - Turbo,Andes,0.42,3000.0,3000.0
15/6/2026,Cali,Cinnabon - Turbo,CO900475098,Cinnabon Ingenio - Turbo,Ingenio,0.42,2400.0,2400.0
15/6/2026,Bogotá,Doritos Locos By Dorito - Turbo,CO900472102,Doritos Locos By Dorito Usaquen - Turbo,Usaquén,0.4,3000.0,3000.0
15/6/2026,Bogotá,Helados San Jerónimo - Turbo,CO900400750,Heladería San Jerónimo Castellana - Turbo Calle 93  247,Parque 93 / Castellana,0.36,3000.0,3000.0
15/6/2026,Bogotá,Acpm Corrientazo - Turbo,CO900467506,Acpm Corrientazo Usaquén - Turbo,Usaquén,0.35,3000.0,3000.0
15/6/2026,Cartagena,Burrito Cantina - Turbo,CO900481034,Burrito Cantina Cartagena - Turbo,Cartagena,0.35,2400.0,2400.0
15/6/2026,Cali,Foodology Court - Turbo,CO900473569,Foodology Ingenio - Turbo,Ingenio,0.32,2400.0,3000.0
15/6/2026,Bogotá,Burrito Cantina - Turbo,CO900467379,Burrito Cantina Villa del Prado - Turbo,Villa del Prado,0.31,2700.0,2700.0
15/6/2026,Bogotá,Vicio - Turbo,CO900400179,Vicio Usaquén - Turbo,Usaquén,0.31,3000.0,3000.0
15/6/2026,Medellín,Helados San Jerónimo - Turbo,CO900405137,Heladería San Jerónimo Manila - Turbo,Manila,0.31,3000.0,3000.0
15/6/2026,Bogotá,la Cuadra Desayunos Caseros - Turbo,CO900467497,La Cuadra Desayunos Caseros 93 - Turbo,Parque 93 / Castellana,0.28,3000.0,3000.0
15/6/2026,Bogotá,Helados San Jerónimo - Turbo,CO900400749,San Jeronimo - Usaquén - Turbo,Usaquén,0.26,3000.0,3000.0
15/6/2026,Bogotá,Frost By Oreo - Turbo,CO900420277,Frost By Oreo Kennedy - Turbo,Kennedy,0.25,3000.0,3000.0
15/6/2026,Medellín,Frost By Oreo - Turbo,CO900405218,Frost By Oreo Manila - Turbo,Manila,0.21,3000.0,3000.0
15/6/2026,Cartagena,la Cuadra Desayunos Caseros - Turbo,CO900481966,La Cuadra Desayunos Caseros Cartagena - Turbo,Cartagena,0.15,2400.0,3000.0
15/6/2026,Bogotá,Bottaniko - Turbo,CO900475791,Bottaniko - Andes - Turbo,Andes,0.13,2700.0,3000.0
15/6/2026,Cali,Pret Sandwich Bistro - Turbo,CO900416178,Pret Sándwich Bistro Santa Monica - Turbo,Santa Mónica,8.0,2700.0,2700.0
15/6/2026,Bogotá,Dembow - Turbo,CO900476018,Dembow Chico - Turbo,Chicó,8.0,2400.0,2400.0
15/6/2026,Cali,Brunch & Munch - Turbo,CO900407412,Brunch And Munch Santa Monica - Cali - Turbo,Santa Mónica,7.0,2400.0,2400.0
15/6/2026,Bucaramanga,Pret Sandwich Bistro - Turbo,CO900442050,Pret Sandwich Bistro Cabecera - Turbo,Cabecera (Bga),7.0,3000.0,3000.0
15/6/2026,Cali,Vicio - Turbo,CO900407402,Vicio Santa Mónica (Cali Norte) - Turbo,Santa Mónica,6.0,3000.0,3000.0
15/6/2026,Bogotá,Mr Beast Burger - Turbo,CO900488966,Mr Beast Burger Arrecife - Turbo,Arrecife,6.0,3000.0,3000.0
15/6/2026,Cali,Sanduches el Jefe - Turbo,CO900419504,Sandwich el Jefe Santa Monica - Turbo Poke Cali 2639,Santa Mónica,6.0,2400.0,2400.0
15/6/2026,Cali,The Breakfast Club - Turbo,CO900475210,The Breakfast Club Santa Monica - Turbo,Santa Mónica,6.0,2400.0,2400.0
15/6/2026,Cali,Ñamgucheria Sandwiches - Turbo,CO900439224,Ñamguchería Santa Monica - Turbo,Santa Mónica,6.0,2400.0,2400.0
15/6/2026,Bogotá,Desayuno Mi Tierrita - Turbo,CO900465162,Desayunos Mi Tierrita - Villa del prado - Turbo,Villa del Prado,6.0,2400.0,2400.0
15/6/2026,Bogotá,Desayuno Mi Tierrita - Turbo,CO900465163,Desayuno Mi Tierrita Chapinero - Turbo,Chapinero,6.0,2400.0,2400.0
15/6/2026,Bogotá,Pret Sandwich Bistro - Turbo,CO900416177,Pret Sandwich Bistro Villa del Prado - Turbo,Villa del Prado,5.0,2700.0,2700.0
15/6/2026,Barranquilla,Ñamgucheria Sandwiches - Turbo,CO900439221,Ñamguchería Barranquilla Norte - Turbo,Barranquilla,5.0,2400.0,2400.0
15/6/2026,Bogotá,Green House Fd - Turbo,CO900438442,Green House Colina - Turbo,Colina,4.0,2400.0,2400.0
15/6/2026,Bucaramanga,Sanduches el Jefe - Turbo,CO900427117,Sandwich El Jefe Bucaramanga - Turbo,Cabecera (Bga),4.0,2700.0,2700.0
15/6/2026,Bogotá,Green House Fd - Turbo,CO900463819,Green House Cl 109 - Turbo,Calle 109,4.0,2400.0,2400.0
15/6/2026,Bucaramanga,Mr Beast Burger - Turbo,CO900428937,Mr Beast Bucaramanga - Turbo,Cabecera (Bga),4.0,2700.0,2700.0
15/6/2026,Bogotá,La Cuadra - Turbo,CO900488957,la Cuadra Arrecife - Turbo,Arrecife,4.0,3000.0,3000.0
15/6/2026,Bogotá,Mr Beast Burger - Turbo,CO900428938,Mr Beast Andes - Turbo,Andes,4.0,2700.0,2700.0
15/6/2026,Bogotá,Bottaniko - Turbo,CO900464153,Bottaniko Cl 109 - Turbo,Calle 109,3.0,2700.0,3000.0
15/6/2026,Bogotá,La Cuadra - Turbo,CO900464605,La Cuadra Cl 109 - Turbo,Calle 109,3.0,2400.0,2700.0
15/6/2026,Barranquilla,Desayunos de la Abuela - Turbo,CO900446308,Desayunos de la Abuela Barranquilla - Turbo CHURNEADO,Barranquilla,3.0,2400.0,2700.0
15/6/2026,Bogotá,The Breakfast Club - Turbo,CO900475284,The Breakfast Club Chapinero - Turbo,Chapinero,3.0,2400.0,2700.0
15/6/2026,Bogotá,Desayuno Mi Tierrita - Turbo,CO900470918,Desayuno Mi Tierrita Andes - Turbo,Andes,3.0,2400.0,2400.0
15/6/2026,Bucaramanga,Desayunos de la Abuela - Turbo,CO900446313,Desayunos de la Abuela Cabecera - Turbo,Cabecera (Bga),3.0,2700.0,2700.0
15/6/2026,Bogotá,Almuerzos D´la Casa - Turbo,CO900477128,Almuerzos D´la Casa Cl 109 - Turbo,Calle 109,3.0,2400.0,2700.0
15/6/2026,Bogotá,Señor Burrito. - Turbo,CO900467422,Señor Burrito Colina - Turbo,Colina,3.0,3000.0,3000.0
15/6/2026,Bogotá,Selvatiko. - Turbo,CO900475359,Selvatiko Cl 109 - Turbo,Calle 109,3.0,2700.0,3000.0
15/6/2026,Cali,Selvatiko. - Turbo,CO900475120,Selvatiko. San Fernando - Turbo,San Fernando,3.0,2400.0,2400.0
15/6/2026,Medellín,Ñamgucheria Sandwiches - Turbo,CO900439222,Ñamguchería Laureles - Turbo,Laureles,3.0,2700.0,2700.0
15/6/2026,Bogotá,Frost By Oreo - Turbo,CO900419498,Frost By Oreo Chico - Turbo,Chicó,2.0,3000.0,3000.0
15/6/2026,Bogotá,House Of Salads - Turbo,CO900445607,House Of Salad Calle 93 - Turbo,Parque 93 / Castellana,2.0,2400.0,2700.0
15/6/2026,Bucaramanga,Avocalia Turbo,CO900427112,Avocalia Bucaramanga - Turbo,Cabecera (Bga),2.0,3000.0,3000.0
15/6/2026,Bogotá,Alba Vegetarian - Turbo,CO900475221,Alba Vegetarian - Andes - Turbo,Andes,2.0,2700.0,2700.0
15/6/2026,Bogotá,Desayunos de la Abuela - Turbo,CO900446311,Desayunos de la Abuela Chapinero - Turbo,Chapinero,2.0,2700.0,2700.0
15/6/2026,Medellín,Pret Sandwich Bistro - Turbo,CO900416173,Pret Sándwich Bistro Laureles - Turbo Calle,Laureles,2.0,2700.0,3000.0
15/6/2026,Bucaramanga,Green House Fd - Turbo,CO900438445,Green House Bucaramanga - Turbo,Cabecera (Bga),2.0,2700.0,2700.0
15/6/2026,Bogotá,Monteverde - Turbo,CO900476065,Monteverde Kennedy - Turbo,Kennedy,2.0,2700.0,2700.0
15/6/2026,Bogotá,Doritos Locos By Dorito - Turbo,CO900473565,Doritos Locos By Dorito Kennedy - Turbo,Kennedy,2.0,2400.0,2400.0
15/6/2026,Medellín,Burrito Cantina - Turbo,CO900467385,Burrito Cantina Laureles - Turbo,Laureles,2.0,2700.0,3000.0
15/6/2026,Bucaramanga,Cinnabon - Turbo,CO900426807,Cinnabon Bucaramanga - Turbo,Cabecera (Bga),2.0,3000.0,3000.0
15/6/2026,Bogotá,Acpm Corrientazo - Turbo,CO900470917,Acpm Corrientazo Kennedy - Turbo,Kennedy,2.0,3000.0,3000.0
15/6/2026,Medellín,Bottaniko - Turbo,CO900443506,Bottaniko Laureles - Turbo,Laureles,2.0,2700.0,2700.0
15/6/2026,Bogotá,Cacerola - Turbo,CO900464389,Cacerola Cl 109 - Turbo,Calle 109,2.0,3000.0,3000.0
15/6/2026,Bogotá,Bottaniko - Turbo,CO900443511,Bottaniko - Villa del Prado - Turbo,Villa del Prado,2.0,2700.0,2700.0
15/6/2026,Bogotá,Selvatiko. - Turbo,CO900475121,Selvatiko. Andes - Turbo,Andes,2.0,2700.0,2700.0
15/6/2026,Bogotá,Monteverde - Turbo,CO900489032,Monteverde Arrecife - Turbo,Arrecife,2.0,3000.0,3000.0
15/6/2026,Bogotá,Foodology Court - Turbo,CO900465146,Foodology Chapinero - Turbo Cra. 8 #66-88,Chapinero,2.0,3000.0,3000.0
15/6/2026,Bogotá,Almuerzos D´la Casa - Turbo,CO900471209,Almuerzos D´la Casa - 93 - Turbo,Parque 93 / Castellana,2.0,2700.0,2700.0
15/6/2026,Bogotá,Bottaniko - Turbo,CO900443507,Bottaniko Chapinero - Turbo,Chapinero,2.0,2400.0,2700.0
15/6/2026,Barranquilla,Bottaniko - Turbo,CO900443515,Bottaniko Barranquilla - Turbo,Barranquilla,2.0,3000.0,3000.0
15/6/2026,Bogotá,House Of Salads - Turbo,CO900476070,House Of Salads Andes - Turbo,Andes,2.0,2400.0,3000.0
15/6/2026,Bogotá,Avocalia Turbo,CO900409671,Avocalia Chapinero - Turbo,Chapinero,2.0,2700.0,2700.0
15/6/2026,Bogotá,Alba Vegetarian - Turbo,CO900443012,Alba Vegetarian - Usaquen - Turbo,Usaquén,1.0,2700.0,2700.0
15/6/2026,Bogotá,Pret Sandwich Bistro - Turbo,CO900416175,Pret Sándwich Bistro Usaquen - Turbo,Usaquén,1.0,3000.0,3000.0
15/6/2026,Cartagena,Burritos & Co - Turbo,CO900481037,Burritos & Co - Cartagena - Turbo,Cartagena,1.0,2700.0,2700.0
15/6/2026,Bucaramanga,Acpm Corrientazo - Turbo,CO900467507,Acpm Corrientazo Bucaramanga - Turbo,Cabecera (Bga),1.0,3000.0,3000.0
15/6/2026,Bogotá,Alba Vegetarian - Turbo,CO900443017,Alba Vegetarian - Calle 93 - Turbo,Parque 93 / Castellana,1.0,2700.0,2700.0
15/6/2026,Cali,Bottaniko - Turbo,CO900443509,Bottaniko Santa Monica - Cali - Turbo,Santa Mónica,1.0,3000.0,3000.0
15/6/2026,Medellín,Dembow - Turbo,CO900473643,Dembow - Laureles - Turbo,Laureles,1.0,2700.0,2700.0
15/6/2026,Barranquilla,Señor Burrito. - Turbo,CO900467425,Señor Burrito Barranquilla Norte - Turbo,Barranquilla,1.0,3000.0,3000.0
15/6/2026,Cartagena,Avocalia Turbo,CO900480008,Avocalia - Cartagena - Turbo,Cartagena,1.0,2700.0,2700.0
15/6/2026,Bogotá,Burritos & Co - Turbo,CO900410574,Burritos And Co - Calle 174 - Turbo,Otra,1.0,2400.0,2400.0
15/6/2026,Bogotá,Ñamgucheria Sandwiches - Turbo,CO900439226,Ñamguchería Usaquen - Turbo,Usaquén,1.0,3000.0,3000.0
15/6/2026,Medellín,Acpm Corrientazo - Turbo,CO900467505,Acpm Corrientazo Laureles - Turbo,Laureles,1.0,2700.0,2700.0
15/6/2026,Barranquilla,Numa Cocina Mediterranea - Turbo,CO900463755,Cocina Mediterranea Barranquilla - Turbo,Barranquilla,1.0,2400.0,2400.0
15/6/2026,Bogotá,Vicio - Turbo,CO900405129,Vicio Villa Del Prado - Turbo,Villa del Prado,1.0,3000.0,3000.0
15/6/2026,Bogotá,La Cuadra - Turbo,CO900416194,La Cuadra - Usaquén - Turbo,Usaquén,1.0,2700.0,2700.0
15/6/2026,Bogotá,Burritos & Co - Turbo,CO900410575,Burritos & Co Usaquen - Turbo,Usaquén,1.0,3000.0,3000.0
15/6/2026,Bogotá,Doritos Locos By Dorito - Turbo,CO900472112,Doritos Locos By Dorito Chapinero - Turbo,Chapinero,1.0,2700.0,3000.0
15/6/2026,Bogotá,Señor Burrito. - Turbo,CO900467416,Señor Burrito Usaquen - Turbo,Usaquén,1.0,3000.0,3000.0
15/6/2026,Bucaramanga,Alba Vegetarian - Turbo,CO900443010,Alba Vegetarian - Cabecera - Turbo,Cabecera (Bga),1.0,3000.0,3000.0
15/6/2026,Medellín,Bottaniko - Turbo,CO900443512,Bottaniko Manila - Medellin - Turbo,Manila,1.0,3000.0,3000.0
15/6/2026,Bogotá,Desayuno Mi Tierrita - Turbo,CO900488770,Desayuno Mi Tierrita Arrecife - Turbo,Arrecife,1.0,3000.0,3000.0
15/6/2026,Bogotá,Burrito Cantina - Turbo,CO900465172,Burrito Cantina Cl 109 - Turbo,Calle 109,1.0,2400.0,2400.0
15/6/2026,Bogotá,Acpm Corrientazo - Turbo,CO900464911,Acpm Corrientazo Chapinero - Turbo,Chapinero,1.0,2400.0,2400.0
15/6/2026,Medellín,Cinnabon - Turbo,CO900405125,Cinnabon Manila - Turbo,Manila,1.0,3000.0,3000.0
15/6/2026,Bogotá,Burritos & Co - Turbo,CO900488278,Burritos & Co Arrecife - Turbo,Arrecife,1.0,3000.0,3000.0
15/6/2026,Bogotá,Frost By Oreo - Turbo,CO900420276,Frost by Oreo Colina - Turbo,Colina,1.0,3000.0,3000.0
15/6/2026,Bogotá,Pret Sandwich Bistro - Turbo,CO900473670,Pret Sandwich Bistro Andes - Turbo,Andes,1.0,3000.0,3000.0
15/6/2026,Cali,Mañanero Diario - Turbo,CO900443493,Mañanero diario San Fernando - Turbo,San Fernando,1.0,2400.0,3000.0
15/6/2026,Barrancabermeja,Frost By Oreo - Turbo,CO900428417,Frost by Oreo Bucaramanga - Turbo. CHURNEADO,Cabecera (Bga),,1000,1000
15/6/2026,Barranquilla,Doritos Locos By Dorito - Turbo,CO900472105,Doritos Locos By Dorito Barranquilla - Turbo,Barranquilla,,2400.0,2400.0
15/6/2026,Barranquilla,la Cuadra Desayunos Caseros - Turbo,CO900467494,La Cuadra Desayunos Caseros Barranquilla Norte - Turbo,Barranquilla,,2400.0,2400.0
15/6/2026,Barranquilla,Get Smashed Burgers - Turbo,CO900416438,Get Smash Barranquilla Nte - Turbo,Barranquilla,,2400.0,2400.0
15/6/2026,Barranquilla,The Crunch Pizza - Turbo,CO900416204,The Crunch Barranquilla Turbo,Barranquilla,,2400.0,2400.0
15/6/2026,Barranquilla,Ihop - Turbo,CO900420705,Ihop Barranquilla Norte - Turbo,Barranquilla,,2400.0,2400.0
15/6/2026,Barranquilla,Local Cocina Consciente - Turbo,CO900477106,Local - Cocina Consciente Barranquilla - Turbo,Barranquilla,,2400.0,2400.0
15/6/2026,Barranquilla,la Panquequeria - Turbo,CO900482236,La Panquequería Barranquilla Norte - Turbo,Barranquilla,,2400.0,2400.0
15/6/2026,Bogotá,Local Cocina Consciente - Turbo,CO900477101,Local Cocina Consciente Cl 109 - Turbo,Calle 109,,2400.0,2400.0
15/6/2026,Bogotá,Doritos Locos By Dorito - Turbo,CO900472111,Doritos Locos By Dorito Cl 109 - Turbo,Calle 109,,2400.0,2400.0
15/6/2026,Bogotá,Acpm Corrientazo - Turbo,CO900464913,Acpm Corrientazo Cl 109 - Turbo,Calle 109,,2400.0,2400.0
15/6/2026,Bogotá,Que Chicken By Robegrill - Turbo,CO900463820,Que Chicken Cl 109 - Turbo,Calle 109,,2400.0,2400.0
15/6/2026,Bogotá,Burrito Cantina - Turbo,CO900467515,Burrito Cantina Cl 109 - Turbo Cl. 109 #15-28,Calle 109,,2400.0,2400.0
15/6/2026,Bogotá,Ihop - Turbo,CO900463765,Ihop® - Cl 109 - Turbo,Calle 109,,2400.0,2400.0
15/6/2026,Bogotá,Helados San Jerónimo - Turbo,CO900464391,Helados San Jerónimo Cl 109 - Turbo,Calle 109,,2400.0,2400.0
15/6/2026,Bogotá,Numa Cocina Mediterranea - Turbo,CO900463768,Numa Cocina Consciente Cl 109 - Turbo,Calle 109,,2400.0,2400.0
15/6/2026,Bogotá,la Cuadra Desayunos Caseros - Turbo,CO900464914,la Cuadra - Cl 109 - Turbo,Calle 109,,2400.0,2400.0
15/6/2026,Bogotá,The Crunch Pizza - Turbo,CO900416180,The Crunch Castellana - Turbo,Parque 93 / Castellana,,2400.0,2400.0
15/6/2026,Bogotá,Get Smashed Burgers - Turbo,CO900416431,Get Smash Castellana - Turbo,Parque 93 / Castellana,,2400.0,2400.0
15/6/2026,Bogotá,Doritos Locos By Dorito - Turbo,CO900472110,Doritos Locos By Dorito Villa Del Prado - Turbo,Villa del Prado,,2400.0,2400.0
15/6/2026,Bogotá,The Crunch Pizza - Turbo,CO900416179,The Crunch - Villa del Prado - Turbo,Villa del Prado,,2400.0,2400.0
15/6/2026,Bogotá,Ihop - Turbo,CO900420703,Ihop Villa del prado - Turbo,Villa del Prado,,2400.0,2400.0
15/6/2026,Bogotá,Almuerzos D´la Casa - Turbo,CO900471206,Almuerzos D` la Casa - Villa del Prado - Turbo,Villa del Prado,,2400.0,2400.0
15/6/2026,Bogotá,Get Smashed Burgers - Turbo,CO900416433,Get Smash Villa del Prado - Turbo,Villa del Prado,,2400.0,2400.0
15/6/2026,Bogotá,The Crunch Pizza - Turbo,CO900416182,The Crunch Chapinero - Turbo,Chapinero,,2400.0,2400.0
15/6/2026,Bogotá,Desayunos de la Abuela - Turbo,CO900446319,Desayunos de la Abuela Usaquen - Turbo,Usaquén,,2400.0,2400.0
15/6/2026,Bogotá,Ihop - Turbo,CO900420702,Ihop Usaquén - Turbo,Usaquén,,2400.0,2400.0
15/6/2026,Bogotá,Local Cocina Consciente - Turbo,CO900477110,Local - Cocina Consciente Usaquen - Turbo,Usaquén,,3000.0,3000.0
15/6/2026,Bogotá,Get Smashed Burgers - Turbo,CO900416432,Get Smash Usaquen - Turbo,Usaquén,,2400.0,2400.0
15/6/2026,Bogotá,Selvatiko. - Turbo,CO900475122,Selvatiko. Usaquén - Turbo,Usaquén,,2400.0,2400.0
15/6/2026,Bogotá,Bottaniko - Turbo,CO900443510,Bottaniko Usaquen - Turbo,Usaquén,,2400.0,2400.0
15/6/2026,Bogotá,Bottaniko - Turbo,CO900488274,Bottaniko Arrecife - Turbo,Arrecife,,3000.0,3000.0
15/6/2026,Bogotá,The Breakfast Club - Turbo,CO900489002,The Breakfast Club Arrecife - Turbo,Arrecife,,3000.0,3000.0
15/6/2026,Bogotá,Selvatiko. - Turbo,CO900488992,Selvatiko Arrecife - Turbo,Arrecife,,3000.0,3000.0
15/6/2026,Bogotá,Mañanero Diario - Turbo,CO900488961,Mañanero Diario Arrecife - Turbo,Arrecife,,3000.0,3000.0
15/6/2026,Bogotá,Cinnabon - Turbo,CO900488282,Cinnabon Arrecife - Turbo,Arrecife,,3000.0,3000.0
15/6/2026,Bogotá,Ñamgucheria Sandwiches - Turbo,CO900488970,Ñamgucheria Arrecife - Turbo,Arrecife,,3000.0,3000.0
15/6/2026,Bogotá,Get Smashed Burgers - Turbo,CO900416434,Get Smash Chapinero - Turbo,Chapinero,,2400.0,2400.0
15/6/2026,Bogotá,Helados San Jerónimo - Turbo,CO900415622,San Jerónimo Chicó - Turbo,Chicó,,2400.0,2400.0
15/6/2026,Bogotá,Monteverde - Turbo,CO900450762,Monteverde Chico - Turbo,Chicó,,2400.0,2400.0
15/6/2026,Bogotá,Numa Cocina Mediterranea - Turbo,CO900463757,Cocina Mediterranea Chico - Turbo,Chicó,,2400.0,2400.0
15/6/2026,Bogotá,Acpm Corrientazo - Turbo,CO900476074,Acpm Corrientazo Chico - Turbo,Chicó,,2400.0,2400.0
15/6/2026,Bogotá,Doritos Locos By Dorito - Turbo,CO900472113,Doritos Locos By Dorito Chico - Turbo,Chicó,,2400.0,2400.0
15/6/2026,Bogotá,Foodology Court - Turbo,CO900476023,Foodology Chico - Turbo,Chicó,,3000.0,3000.0
15/6/2026,Bogotá,Vicio - Turbo,CO900415608,Vicio Chicó - Turbo,Chicó,,2400.0,2400.0
15/6/2026,Bogotá,Local Cocina Consciente - Turbo,CO900477105,Local - Cocina Consciente Chico - Turbo,Chicó,,2400.0,2400.0
15/6/2026,Bogotá,Green House Fd - Turbo,CO900438441,Green House Chico - Turbo,Chicó,,2400.0,2400.0
15/6/2026,Bogotá,Honest Food Fdl - Turbo,CO900472140,Honest Food Chico - Turbo,Chicó,,2400.0,2400.0
15/6/2026,Bogotá,Burrito Cantina - Turbo,CO900475794,Burrito Cantina Chico - Turbo,Chicó,,2400.0,2400.0
15/6/2026,Bogotá,la Cuadra Desayunos Caseros - Turbo,CO900467498,La Cuadra Desayunos Caseros Colina - Turbo,Colina,,2400.0,2400.0
15/6/2026,Bogotá,Local Cocina Consciente - Turbo,CO900477102,Local - Cocina Consciente Colina - Turbo,Colina,,2400.0,2400.0
15/6/2026,Bogotá,Doritos Locos By Dorito - Turbo,CO900472104,Doritos Locos By Dorito Colina - Turbo,Colina,,2400.0,2400.0
15/6/2026,Bogotá,Cinnabon - Turbo,CO900476079,Cinnabon Kennedy - Turbo,Kennedy,,2400.0,2400.0
15/6/2026,Bogotá,Local Cocina Consciente - Turbo,CO900477103,Local - Cocina Consciente Kennedy - Turbo,Kennedy,,2400.0,2400.0
15/6/2026,Bogotá,Desayuno Mi Tierrita - Turbo,CO900470919,Desayunos Mi Tierrita - Kennedy - Turbo,Kennedy,,2400.0,2400.0
15/6/2026,Bogotá,Ihop - Turbo,CO900426538,IHOP® Andes - Turbo,Andes,,2400.0,2400.0
15/6/2026,Bogotá,Cinnabon - Turbo,CO900475096,Cinnabon Andes - Turbo,Andes,,2400.0,2400.0
15/6/2026,Bogotá,Foodology Court - Turbo,CO900471303,Foodology Andes - Turbo,Andes,,2400.0,2400.0
15/6/2026,Bogotá,Cinnabon - Turbo,CO900402239,Cinnabon Castellana   - Turbo,Parque 93 / Castellana,,2700.0,2700.0
15/6/2026,Bogotá,Mañanero Diario - Turbo,CO900443501,Mañanero diario Castellana - Turbo,Parque 93 / Castellana,,2400.0,2400.0
15/6/2026,Bogotá,Cinnabon - Turbo,CO900476017,Cinnabon Calle 93 - Turbo,Parque 93 / Castellana,,2400.0,2400.0
15/6/2026,Bogotá,Ihop - Turbo,CO900420704,Ihop Chapinero- Turbo,Chapinero,,2400.0,2400.0
15/6/2026,Bogotá,Local Cocina Consciente - Turbo,CO900477104,Local - Cocina Consciente Chapinero - Turbo,Chapinero,,2400.0,2400.0
15/6/2026,Bogotá,la Cuadra Desayunos Caseros - Turbo,CO900464912,La Cuadra Desayunos Caseros Chapinero - Turbo,Chapinero,,2400.0,2400.0
15/6/2026,Bogotá,Green House Fd - Turbo,CO900481564,Green House Engativa - Turbo,Engativá,,2400.0,2400.0
15/6/2026,Bogotá,Mr Beast Burger - Turbo,CO900478983,Mr Beast Plaza Claro - Turbo,Plaza Claro,,2400.0,2400.0
15/6/2026,Bogotá,Burger Lane - Turbo,CO900442999,Burger Lane Usaquen - Turbo,Usaquén,,2400.0,2400.0
15/6/2026,Bogotá,Señor Burrito. - Turbo,CO900477635,Señor Burrito Chico - Turbo,Chicó,,2400.0,2400.0
15/6/2026,Bogotá,Get Smashed Burgers - Turbo,CO900476585,Get Smashed Burgers Chico - Turbo,Chicó,,2400.0,2400.0
15/6/2026,Bogotá,Burritos & Co - Turbo,CO900473555,Burritos & Co - Engativa - Turbo,Engativá,,2400.0,2400.0
15/6/2026,Bogotá,La Cuadra - Turbo,CO900473138,la Cuadra - Engativa - Turbo,Engativá,,2400.0,2400.0
15/6/2026,Bogotá,Foodology Court - Turbo,CO900465143,Foodology Engativa - Turbo Cra. 98b #71b-39,Engativá,,2400.0,2400.0
15/6/2026,Bogotá,Desayunos de la Abuela - Turbo,CO900446314,Desayunos de la Abuela Engativa - Turbo,Engativá,,2400.0,2400.0
15/6/2026,Bogotá,Panquequeria - Turbo,CO900471323,Panquequeria Chico - Turbo,Chicó,,2400.0,2400.0
15/6/2026,Bogotá,la Cuadra Desayunos Caseros - Turbo,CO900467496,La Cuadra Desayunos Caseros Engativa - Turbo,Engativá,,2400.0,2400.0
15/6/2026,Bogotá,la Panquequeria - Turbo,CO900482232,La Panquequería Colina - Turbo,Colina,,2400.0,2400.0
15/6/2026,Bogotá,Burger Lane - Turbo,CO900442989,Burger Lane Andes - Turbo,Andes,,2400.0,2400.0
15/6/2026,Bogotá,Acpm Corrientazo - Turbo,CO900477809,Acpm Corrientazo Plaza Claro - Turbo,Plaza Claro,,2400.0,2400.0
15/6/2026,Bogotá,Mañanero Diario - Turbo,CO900478978,Mañanero Diario Plaza Claro - Turbo,Plaza Claro,,2400.0,2400.0
15/6/2026,Bogotá,Burger Lane - Turbo,CO900442992,Burger Lane Colina - Turbo,Colina,,2400.0,2400.0
15/6/2026,Bogotá,la Panquequeria - Turbo,CO900482237,La Panquequería Chicó - Turbo,Chicó,,2400.0,2400.0
15/6/2026,Bogotá,Cinnabon - Turbo,CO900428404,Cinnabon Prueba Chapinero - Turbo,Chapinero,,2400.0,2400.0
15/6/2026,Bogotá,Mañanero Diario - Turbo,CO900443499,Mañanero diario Engativá - Turbo,Engativá,,2400.0,2400.0
15/6/2026,Bogotá,Brunch & Munch - Turbo,CO900477832,Brunch & Munch Plaza Claro - Turbo,Plaza Claro,,2400.0,2400.0
15/6/2026,Bogotá,la Panquequeria - Turbo,CO900482241,La Panquequería Calle 93 - Turbo,Parque 93 / Castellana,,2400.0,2400.0
15/6/2026,Bogotá,Honest Food Fdl - Turbo,CO900478461,Honest Food Plaza Claro - Turbo,Plaza Claro,,2400.0,2400.0
15/6/2026,Bogotá,Cacerola - Turbo,CO900478088,Cacerola Plaza Claro - Turbo,Plaza Claro,,2400.0,2400.0
15/6/2026,Bogotá,Vicio - Turbo,CO900467514,Vicio Cl 109 - Turbo,Calle 109,,2400.0,2400.0
15/6/2026,Bogotá,Panquequeria - Turbo,CO900463851,Panquequeria Cl 109 - Turbo,Calle 109,,2400.0,2400.0
15/6/2026,Bogotá,la Panquequeria - Turbo,CO900482244,La Panquequería Usaquen - Turbo,Usaquén,,2400.0,2400.0
15/6/2026,Bogotá,Burger Lane - Turbo,CO900442997,Burger Lane Calle 93 - Turbo,Parque 93 / Castellana,,2400.0,2400.0
15/6/2026,Bogotá,Get Smashed Burgers - Turbo,CO900476584,Get Smashed Burgers Cl 109 - Turbo,Calle 109,,2400.0,2400.0
15/6/2026,Bogotá,Burritos & Co - Turbo,CO900464310,Burritos & Co Plaza Claro - Turbo,Plaza Claro,,2400.0,2400.0
15/6/2026,Bogotá,Almuerzos D´la Casa - Turbo,CO900471205,Almuerzos D´la Casa - Engativa - Turbo,Engativá,,2400.0,2400.0
15/6/2026,Bogotá,Alba Vegetarian - Turbo,CO900477811,Alba Vegetarian Plaza Claro - Turbo,Plaza Claro,,2400.0,2400.0
15/6/2026,Bogotá,Vicio - Turbo,CO900479208,Vicio Plaza Claro - Turbo,Plaza Claro,,2400.0,2400.0
15/6/2026,Bogotá,Get Smashed Burgers - Turbo,CO900442552,Get Smashed Burgers Colina - Turbo,Colina,,2400.0,2400.0
15/6/2026,Bogotá,Desayuno Mi Tierrita - Turbo,CO900465159,Desayuno Mi Tierrita Engativa - Turbo,Engativá,,2400.0,2400.0
15/6/2026,Bogotá,Get Smashed Burgers - Turbo,CO900473573,Get Smashed Burgers Kennedy - Turbo,Kennedy,,2400.0,2400.0
15/6/2026,Bogotá,Green House Fd - Turbo,CO900481560,Green House Andes - Turbo,Andes,,2400.0,2400.0
15/6/2026,Bogotá,Honest Food Fdl - Turbo,CO900472135,Honest Food Engativa - Turbo,Engativá,,2400.0,2400.0
15/6/2026,Bogotá,Que Chicken By Robegrill - Turbo,CO900424251,Qué Chicken Usaquen - Turbo,Usaquén,,2400.0,2400.0
15/6/2026,Bogotá,Burger Lane - Turbo,CO900442991,Burger Lane Villa del Prado - Turbo,Villa del Prado,,2400.0,2400.0
15/6/2026,Bogotá,Get Smashed Burgers - Turbo,CO900473574,Get Smashed Burgers Andes - Turbo,Andes,,2400.0,2400.0
15/6/2026,Bogotá,The Breakfast Club - Turbo,CO900477830,The Breakfast Club Plaza Claro - Turbo,Plaza Claro,,2400.0,2400.0
15/6/2026,Bogotá,La Cuadra - Turbo,CO900464606,la Cuadra Plaza Claro - Turbo,Plaza Claro,,2400.0,2400.0
15/6/2026,Bogotá,Avocalia Turbo,CO900472744,Avocalia Calle Engativa - Turbo,Engativá,,2400.0,2400.0
15/6/2026,Bogotá,Numa Cocina Mediterranea - Turbo,CO900463763,Cocina Mediterranea Engativa - Turbo,Engativá,,2400.0,2400.0
15/6/2026,Bogotá,Almuerzos D´la Casa - Turbo,CO900477781,Almuerzos D´la Casa Chico - Turbo,Chicó,,2400.0,2400.0
15/6/2026,Bogotá,Frost By Oreo - Turbo,CO900475352,Frost By Oreo Engativá - Turbo,Engativá,,2400.0,2400.0
15/6/2026,Bogotá,la Cuadra Desayunos Caseros - Turbo,CO900478974,la Cuadra Desayunos Plaza Claro - Turbo,Plaza Claro,,2400.0,2400.0
15/6/2026,Bogotá,Vicio - Turbo,CO900473607,Vicio Engativá - Turbo,Engativá,,2400.0,2400.0
15/6/2026,Bogotá,Burrito Cantina - Turbo,CO900467516,Burrito Cantina Plaza Claro - Turbo,Plaza Claro,,2400.0,2400.0
15/6/2026,Bogotá,Burger Lane - Turbo,CO900443001,Burger Lane - Salitre - Turbo,Otra,,2400.0,2400.0
15/6/2026,Bogotá,la Panquequeria - Turbo,CO900482243,La Panquequería Kennedy - Turbo,Kennedy,,2400.0,2400.0
15/6/2026,Bogotá,Mr Beast Burger - Turbo,CO900476816,Mr Beast Engativá - Turbo,Engativá,,2400.0,2400.0
15/6/2026,Bogotá,Ihop - Turbo,CO900431789,IHOP® Chicó - Turbo,Chicó,,2400.0,2400.0
15/6/2026,Bogotá,Numa Cocina Mediterranea - Turbo,CO900478984,Numa Cocina Mediterranea Plaza Claro - Turbo,Plaza Claro,,2400.0,2400.0
15/6/2026,Bogotá,Bottaniko - Turbo,CO900443513,Bottaniko Engativa - Turbo,Engativá,,2400.0,2400.0
15/6/2026,Bogotá,Monteverde - Turbo,CO900450777,Monteverde Engativa - Turbo,Engativá,,2400.0,2400.0
15/6/2026,Bogotá,Alba Vegetarian - Turbo,CO900443007,Alba Vegetarian - Engativa - Turbo,Engativá,,2400.0,2400.0
15/6/2026,Bogotá,Señor Burrito. - Turbo,CO900464395,Señor Burrito Plaza Claro - Turbo,Plaza Claro,,2400.0,2400.0
15/6/2026,Bogotá,Cinnabon Foodology,CO900375567,Cinnabon Usaquén,Usaquén,,3000.0,3000.0
15/6/2026,Bogotá,Panquequeria - Turbo,CO900479096,Panquequeria Plaza Claro - Turbo,Plaza Claro,,2400.0,2400.0
15/6/2026,Bogotá,Sanduches el Jefe - Turbo,CO900479125,Sandwich el Jefe Plaza Claro - Turbo,Plaza Claro,,2400.0,2400.0
15/6/2026,Bogotá,Doritos Locos By Dorito - Turbo,CO900472103,Doritos Locos By Dorito Calle 93 - Turbo,Parque 93 / Castellana,,2400.0,2400.0
15/6/2026,Bogotá,Burger Lane - Turbo,CO900443000,Burger Lane Engativa - Turbo,Engativá,,2400.0,2400.0
15/6/2026,Bogotá,la Panquequeria - Turbo,CO900482239,La Panquequería Engativa - Turbo,Engativá,,2400.0,2400.0
15/6/2026,Bogotá,Acpm Corrientazo - Turbo,CO900467503,Acpm Corrientazo Engativá - Turbo,Engativá,,2400.0,2400.0
15/6/2026,Bogotá,Green House Fd - Turbo,CO900478311,Green House Plaza Claro - Turbo,Plaza Claro,,2400.0,2400.0
15/6/2026,Bogotá,Burrito Cantina - Turbo,CO900467380,Burrito Cantina Engativá - Turbo,Engativá,,2400.0,2400.0
15/6/2026,Bogotá,Get Smashed Burgers - Turbo,CO900442551,Get Smashed Burgers Engativa - Turbo,Engativá,,2400.0,2400.0
15/6/2026,Bogotá,Burger Lane - Turbo,CO900442995,Burger Lane Veraguas 2 - Turbo,Otra,,2400.0,2400.0
15/6/2026,Bogotá,House Of Salads - Turbo,CO900445669,House Of Salad Engativa - Turbo,Engativá,,2400.0,2400.0
15/6/2026,Bogotá,Selvatiko. - Turbo,CO900472670,Selvatiko. Engativa - Turbo,Engativá,,2400.0,2400.0
15/6/2026,Bogotá,Cacerola - Turbo,CO900472658,Cacerola - Engativa - Turbo,Engativá,,2400.0,2400.0
15/6/2026,Bogotá,Desayunos de la Abuela - Turbo,CO900478093,Desayunos de la Abuela Plaza Claro - Turbo,Plaza Claro,,2400.0,2400.0
15/6/2026,Bogotá,Pret Sandwich Bistro - Turbo,CO900442052,Pret Sandwich Bistro Engativa - Turbo,Engativá,,2400.0,2400.0
15/6/2026,Bogotá,Brunch & Munch - Turbo,CO900472746,Brunch & Munch - Engativa - Turbo,Engativá,,2400.0,2400.0
15/6/2026,Bogotá,Ñamgucheria Sandwiches - Turbo,CO900439231,Ñamguchería Engativá - Turbo,Engativá,,2400.0,2400.0
15/6/2026,Bogotá,Pret Sandwich Bistro - Turbo,CO900479198,Pret Sandwich Bistro Plaza Claro - Turbo,Plaza Claro,,2400.0,2400.0
15/6/2026,Bogotá,la Cuadra Desayunos Caseros - Turbo,CO900470914,la Cuadra Desayunos Chico - Turbo,Chicó,,2400.0,2400.0
15/6/2026,Bogotá,Desayuno Mi Tierrita - Turbo,CO900478270,Desayuno Mi Tierrita Plaza Claro - Turbo,Plaza Claro,,2400.0,2400.0
15/6/2026,Bogotá,Local Cocina Consciente - Turbo,CO900477108,Local - Cocina Consciente Engativa - Turbo,Engativá,,2400.0,2400.0
15/6/2026,Bogotá,Señor Burrito. - Turbo,CO900467420,Señor Burrito Engativa - Turbo,Engativá,,2400.0,2400.0
15/6/2026,Bogotá,Foodology Court - Turbo,CO900478306,Foodology Plaza Claro - Turbo,Plaza Claro,,2400.0,2400.0
15/6/2026,Bogotá,la Panquequeria - Turbo,CO900482242,La Panquequería Villa del Prado - Turbo,Villa del Prado,,2400.0,2400.0
15/6/2026,Bogotá,Monteverde - Turbo,CO900478981,Monteverde Plaza Claro - Turbo,Plaza Claro,,2400.0,2400.0
15/6/2026,Bogotá,Dembow - Turbo,CO900478092,Dembow Plaza Claro - Turbo,Plaza Claro,,2400.0,2400.0
15/6/2026,Bogotá,Bottaniko - Turbo,CO900477812,Bottaniko Plaza Claro - Turbo,Plaza Claro,,2400.0,2400.0
15/6/2026,Bogotá,The Breakfast Club - Turbo,CO900475285,The Breakfast Club Engativa - Turbo,Engativá,,2400.0,2400.0
15/6/2026,Bogotá,House Of Salads - Turbo,CO900477632,House Of Salads Cl 109 - Turbo,Calle 109,,2400.0,2400.0
15/6/2026,Bogotá,Avocalia Turbo,CO900477834,Avocalia Plaza Claro - Turbo,Plaza Claro,,2400.0,2400.0
15/6/2026,Bogotá,Local Cocina Consciente - Turbo,CO900481554,Local - Cocina Consciente Villa Del Prado - Turbo,Villa del Prado,,2400.0,2400.0
15/6/2026,Bogotá,Selvatiko. - Turbo,CO900479202,Selvatiko Plaza Claro - Turbo,Plaza Claro,,2400.0,2400.0
15/6/2026,Bogotá,Burger Lane - Turbo,CO900442990,Burger Lane Chapinero - Turbo,Chapinero,,2400.0,2400.0
15/6/2026,Bogotá,Frost By Oreo - Turbo,CO900478308,Frost By Oreo Plaza Claro - Turbo,Plaza Claro,,2400.0,2400.0
15/6/2026,Bogotá,Dembow - Turbo,CO900473648,Dembow - Engativa - Turbo,Engativá,,2400.0,2400.0
15/6/2026,Bogotá,la Panquequeria - Turbo,CO900482238,La Panquequería Chapinero - Turbo,Chapinero,,2400.0,2400.0
15/6/2026,Bogotá,Local Cocina Consciente - Turbo,CO900481555,Local - Cocina Consciente Andes - Turbo,Andes,,2400.0,2400.0
15/6/2026,Bogotá,Cinnabon - Turbo,CO900475097,Cinnabon Engativa - Turbo,Engativá,,2400.0,2400.0
15/6/2026,Bogotá,The Crunch Pizza - Turbo,CO900416181,The Crunch Usaquen - Turbo,Usaquén,,2400.0,2400.0
15/6/2026,Bogotá,House Of Salads - Turbo,CO900478778,House Of Salads Plaza Claro - Turbo,Plaza Claro,,2400.0,2400.0
15/6/2026,Bucaramanga,Doritos Locos By Dorito - Turbo,CO900472106,Doritos Locos By Dorito Cabecera - Turbo,Cabecera (Bga),,2400.0,2400.0
15/6/2026,Bucaramanga,Vicio - Turbo,CO900426528,Vicio Bucaramanga - Turbo,Cabecera (Bga),,2400.0,2400.0
15/6/2026,Bucaramanga,Ihop - Turbo,CO900426537,IHOP® Bucaramanga - Turbo,Cabecera (Bga),,2400.0,2400.0
15/6/2026,Bucaramanga,Local Cocina Consciente - Turbo,CO900477109,Local - Cocina Consciente Cabecera - Turbo,Cabecera (Bga),,2400.0,2400.0
15/6/2026,Bucaramanga,Brunch & Munch - Turbo,CO900428485,Brunch And Munch - Bucaramanga - Turbo,Cabecera (Bga),,2400.0,2400.0
15/6/2026,Bucaramanga,Avocalia Turbo,CO900428430,Avocalia - Bucaramanga - Turbo,Cabecera (Bga),,2400.0,2400.0
15/6/2026,Bucaramanga,la Panquequeria - Turbo,CO900482245,La Panquequería Cabecera - Turbo,Cabecera (Bga),,2400.0,2400.0
15/6/2026,Bucaramanga,Sanduches el Jefe - Turbo,CO900428426,Sandwich El Jefe Bucaramanga - Turbo,Cabecera (Bga),,2400.0,2400.0
15/6/2026,Bucaramanga,La Cuadra - Turbo,CO900428403,La Cuadra  Bucaramanga - Turbo,Cabecera (Bga),,2400.0,2400.0
15/6/2026,Bucaramanga,Get Smashed Burgers - Turbo,CO900442550,Get Smashed Burgers Cabecera Bga - Turbo,Cabecera (Bga),,2400.0,2400.0
15/6/2026,Bucaramanga,Ihop - Turbo,CO900428427,IHOP Bucaramanga - Turbo,Cabecera (Bga),,2400.0,2400.0
15/6/2026,Bucaramanga,Helados San Jerónimo - Turbo,CO900428418,Heladería San Jerónimo Bucaramanga - Turbo,Cabecera (Bga),,2400.0,2400.0
15/6/2026,Cali,Ihop - Turbo,CO900420700,Ihop San Fernando - Turbo,San Fernando,,3000.0,3000.0
15/6/2026,Cali,Numa Cocina Mediterranea - Turbo,CO900463758,Cocina Mediterranea San Fernando - Turbo,San Fernando,,2400.0,2400.0
15/6/2026,Cali,Doritos Locos By Dorito - Turbo,CO900472109,Doritos Locos By Dorito San Fernando - Turbo,San Fernando,,2400.0,2400.0
15/6/2026,Cali,The Crunch Pizza - Turbo,CO900416186,The Crunch San Fernando Cali - Turbo,San Fernando,,2400.0,2400.0
15/6/2026,Cali,Get Smashed Burgers - Turbo,CO900416435,Get Smash San Fernando - Turbo,San Fernando,,2400.0,2400.0
15/6/2026,Cali,Doritos Locos By Dorito - Turbo,CO900472100,Doritos Locos By Dorito Santa Monica - Turbo,Santa Mónica,,2400.0,2400.0
15/6/2026,Cali,Numa Cocina Mediterranea - Turbo,CO900463759,Cocina Mediterranea Santa Monica - Turbo,Santa Mónica,,3000.0,3000.0
15/6/2026,Cali,la Cuadra Desayunos Caseros - Turbo,CO900467501,La Cuadra Desayunos Santa Mónica - Turbo,Santa Mónica,,2400.0,2400.0
15/6/2026,Cali,The Crunch Pizza - Turbo,CO900416185,The Crunch Santa Monica - Turbo,Santa Mónica,,2400.0,2400.0
15/6/2026,Cali,Acpm Corrientazo - Turbo,CO900467509,Acpm Corrientazo Santa Mónica (Cali Norte) - Turbo,Santa Mónica,,3000.0,3000.0
15/6/2026,Cali,Get Smashed Burgers - Turbo,CO900416430,Get Smash Santa Monica - Turbo,Santa Mónica,,2400.0,2400.0
15/6/2026,Cali,Local Cocina Consciente - Turbo,CO900477100,Local - Cocina Consciente Santa Monica - Turbo,Santa Mónica,,2400.0,2400.0
15/6/2026,Cali,la Cuadra Desayunos Caseros - Turbo,CO900473694,la Cuadra Desayunos Caceros - Ingenio - Turbo,Ingenio,,2400.0,2400.0
15/6/2026,Cali,Numa Cocina Mediterranea - Turbo,CO900476060,Cocina Mediterranea Ingenio - Turbo,Ingenio,,2400.0,2400.0
15/6/2026,Cali,Alba Vegetarian - Turbo,CO900472649,Alba Vegetarian - Ingenio - Turbo,Ingenio,,2400.0,2400.0
15/6/2026,Cali,The Breakfast Club - Turbo,CO900475209,The Breakfast Club Ingenio - Turbo,Ingenio,,2400.0,2400.0
15/6/2026,Cali,Frost By Oreo - Turbo,CO900475353,Frost By Oreo Ingenio - Turbo,Ingenio,,2400.0,2400.0
15/6/2026,Cali,Bottaniko - Turbo,CO900472880,Bottaniko - Ingenio - Turbo,Ingenio,,2400.0,2400.0
15/6/2026,Cali,House Of Salads - Turbo,CO900476069,House Of Salads Ingenio - Turbo,Ingenio,,2400.0,2400.0
15/6/2026,Cali,Burrito Cantina - Turbo,CO900473552,Burrito Cantina Ingenio - Turbo,Ingenio,,2400.0,2400.0
15/6/2026,Cali,Cacerola - Turbo,CO900472659,Cacerola - Ingenio - Turbo,Ingenio,,2400.0,2400.0
15/6/2026,Cali,Almuerzos D´la Casa - Turbo,CO900475128,Almuerzos D` la Casa - Ingenio - Turbo,Ingenio,,2400.0,2400.0
15/6/2026,Cali,Acpm Corrientazo - Turbo,CO900473537,Acpm Corrientazo Ingenio - Turbo,Ingenio,,2400.0,2400.0
15/6/2026,Cali,Monteverde - Turbo,CO900476067,Monteverde Ingenio - Turbo,Ingenio,,2400.0,2400.0
15/6/2026,Cali,Selvatiko. - Turbo,CO900472668,Selvatiko. Ingenio - Turbo,Ingenio,,2400.0,2400.0
15/6/2026,Cali,Desayuno Mi Tierrita - Turbo,CO900473558,Desayunos Mi Tierrita - Ingenio - Turbo,Ingenio,,2400.0,2400.0
15/6/2026,Cali,Mañanero Diario - Turbo,CO900475198,Mañanero Ingenio - Turbo,Ingenio,,2400.0,2400.0
15/6/2026,Cali,Pret Sandwich Bistro - Turbo,CO900472664,Pret Sandwich Bistro Ingenio - Turbo,Ingenio,,2400.0,2400.0
15/6/2026,Cali,Doritos Locos By Dorito - Turbo,CO900473562,Doritos Locos By Dorito Ingenio - Turbo,Ingenio,,2400.0,2400.0
15/6/2026,Cali,Señor Burrito. - Turbo,CO900473587,Señor Burrito - Ingenio - Turbo,Ingenio,,2400.0,2400.0
15/6/2026,Cali,Dembow - Turbo,CO900473657,Dembow - Ingenio - Turbo,Ingenio,,2400.0,2400.0
15/6/2026,Cali,la Panquequeria - Turbo,CO900482235,La Panquequería San Fernando - Turbo,San Fernando,,2400.0,2400.0
15/6/2026,Cali,Señor Burrito. - Turbo,CO900465170,Señor Burrito Tienda Padre - Turbo,Otra,,2400.0,2400.0
15/6/2026,Cali,Green House Fd - Turbo,CO900481561,Green House Ingenio - Turbo,Ingenio,,2400.0,2400.0
15/6/2026,Cali,la Panquequeria - Turbo,CO900482247,La Panquequería Santa Monica - Turbo,Santa Mónica,,2400.0,2400.0
15/6/2026,Cali,Get Smashed Burgers - Turbo,CO900473576,Get Smashed Burgers Ingenio - Turbo,Ingenio,,2400.0,2400.0
15/6/2026,Cali,La Cuadra - Turbo,CO900473137,la Cuadra - Ingenio - Turbo,Ingenio,,2400.0,2400.0
15/6/2026,Cali,Burger Lane - Turbo,CO900442993,Burger Lane San Fernando - Turbo,San Fernando,,2400.0,2400.0
15/6/2026,Cali,Burger Lane - Turbo,CO900442998,Burger Lane Cali Norte - Turbo Calle 34 Norte 2Bn 33 358,Otra,,2400.0,2400.0
15/6/2026,Cali,Local Cocina Consciente - Turbo,CO900481556,Local - Cocina Consciente Ingenio - Turbo,Ingenio,,2400.0,2400.0
15/6/2026,Cali,la Panquequeria - Turbo,CO900482246,La Panquequería Ingenio Calle 83C - Turbo,Ingenio,,2400.0,2400.0
15/6/2026,Cartagena,Mañanero Diario - Turbo,CO900481971,Mañanero Cartagena - Turbo,Cartagena,,2400.0,2400.0
15/6/2026,Cartagena,Dembow - Turbo,CO900481376,Dembow - Cartagena - Turbo,Cartagena,,3000.0,3000.0
15/6/2026,Cartagena,Foodology Court - Turbo,CO900481814,Foodology Cartagena - Turbo,Cartagena,,2400.0,2400.0
15/6/2026,Cartagena,Local Cocina Consciente - Turbo,CO900481977,Local - Cocina Consciente Cartagena - Turbo,Cartagena,,3000.0,3000.0
15/6/2026,Cartagena,Get Smashed Burgers - Turbo,CO900481818,Get Smashed Burgers Cartagena - Turbo,Cartagena,,3000.0,3000.0
15/6/2026,Cartagena,Cacerola - Turbo,CO900481042,Cacerola - Cartagena - Turbo,Cartagena,,2400.0,2400.0
15/6/2026,Cartagena,Sanduches el Jefe - Turbo,CO900483661,Sandwich el Jefe Cartagena - Turbo,Cartagena,,2400.0,2400.0
15/6/2026,Medellín,Ihop - Turbo,CO900420701,Ihop Manila - Turbo,Manila,,3000.0,3000.0
15/6/2026,Medellín,Doritos Locos By Dorito - Turbo,CO900472108,Doritos Locos By Dorito Manila - Turbo,Manila,,3000.0,3000.0
15/6/2026,Medellín,Get Smashed Burgers - Turbo,CO900416437,Get Smash Manila - Turbo,Manila,,3000.0,3000.0
15/6/2026,Medellín,The Crunch Pizza - Turbo,CO900416183,The Crunch Manila - Turbo,Manila,,3000.0,3000.0
15/6/2026,Medellín,Numa Cocina Mediterranea - Turbo,CO900463756,Cocina Mediterranea Manila - Turbo,Manila,,3000.0,3000.0
15/6/2026,Medellín,Doritos Locos By Dorito - Turbo,CO900472101,Doritos Locos By Dorito Laureles - Turbo,Laureles,,2400.0,2400.0
15/6/2026,Medellín,Get Smashed Burgers - Turbo,CO900416436,Get Smash Laureles - Turbo,Laureles,,2400.0,2400.0
15/6/2026,Medellín,Ihop - Turbo,CO900420699,Ihop Laureles - Turbo,Laureles,,2400.0,2400.0
15/6/2026,Medellín,The Crunch Pizza - Turbo,CO900416184,The Crunch Laureles - Turbo,Laureles,,2400.0,2400.0
15/6/2026,Medellín,Local Cocina Consciente - Turbo,CO900477099,Local - Cocina Consciente Laureles - Turbo,Laureles,,2400.0,2400.0
15/6/2026,Medellín,Green House Fd - Turbo,CO900481563,Green House Manila - Turbo,Manila,,2400.0,2400.0
15/6/2026,Medellín,la Panquequeria - Turbo,CO900482233,La Panquequería Manila - Turbo,Manila,,2400.0,2400.0
15/6/2026,Medellín,Bottaniko - Turbo,CO900472879,Bottaniko - Envigado - Turbo,Envigado,,2400.0,2400.0
15/6/2026,Medellín,Monteverde - Turbo,CO900476068,Monteverde Envigado - Turbo,Envigado,,2400.0,2400.0
15/6/2026,Medellín,Pret Sandwich Bistro - Turbo,CO900472665,Pret Sandwich Bistro Envigado - Turbo,Envigado,,2400.0,2400.0
15/6/2026,Medellín,The Breakfast Club - Turbo,CO900475282,The Breakfast Club Envigado - Turbo,Envigado,,2400.0,2400.0
15/6/2026,Medellín,la Panquequeria - Turbo,CO900482240,La Panquequería Laureles - Turbo,Laureles,,2400.0,2400.0
15/6/2026,Medellín,la Cuadra Desayunos Caseros - Turbo,CO900473693,la Cuadra Desayunos Caseros Envigado - Turbo,Envigado,,2400.0,2400.0
15/6/2026,Medellín,Desayunos de la Abuela - Turbo,CO900472678,Desayunos de la Abuela Envigado - Turbo,Envigado,,2400.0,2400.0
15/6/2026,Medellín,Desayuno Mi Tierrita - Turbo,CO900473557,Desayuno Mi Tierrita Envigado - Turbo,Envigado,,2400.0,2400.0
15/6/2026,Medellín,Que Chicken By Robegrill - Turbo,CO900424250,Qué Chicken Manila - Turbo,Manila,,2400.0,2400.0
15/6/2026,Medellín,Cacerola - Turbo,CO900472657,Cacerola - Envigado - Turbo,Envigado,,2400.0,2400.0
15/6/2026,Medellín,Cinnabon - Turbo,CO900475802,Cinnabon Envigado - Turbo,Envigado,,2400.0,2400.0
15/6/2026,Medellín,Green House Fd - Turbo,CO900481562,Green House Envigado - Turbo,Envigado,,2400.0,2400.0
15/6/2026,Medellín,Mr Beast Burger - Turbo,CO900428939,Mr Beast Envigado - Turbo,Envigado,,2400.0,2400.0
15/6/2026,Medellín,Local Cocina Consciente - Turbo,CO900481557,Local - Cocina Consciente Manila - Turbo,Manila,,2400.0,2400.0
15/6/2026,Medellín,Almuerzos D´la Casa - Turbo,CO900483393,Almuerzos D´la Casa - Envigado - Turbo,Envigado,,2400.0,2400.0
15/6/2026,Medellín,Local Cocina Consciente - Turbo,CO900477098,Local - Cocina Consciente Envigado - Turbo,Envigado,,2400.0,2400.0
15/6/2026,Medellín,Dembow - Turbo,CO900473652,Dembow - Envigado - Turbo Carrera 42 #40c Sur-29,Envigado,,2400.0,2400.0
15/6/2026,Medellín,Doritos Locos By Dorito - Turbo,CO900473564,Doritos Locos By Dorito Envigado - Turbo,Envigado,,2400.0,2400.0
15/6/2026,Medellín,Numa Cocina Mediterranea - Turbo,CO900476059,Cocina Mediterranea Envigado - Turbo,Envigado,,2400.0,2400.0
15/6/2026,Medellín,Ñamgucheria Sandwiches - Turbo,CO900473583,Ñamguchería Envigado - Turbo,Envigado,,2400.0,2400.0
15/6/2026,Medellín,la Panquequeria - Turbo,CO900482234,La Panquequería Envigado - Turbo,Envigado,,2400.0,2400.0
15/6/2026,Medellín,Mañanero Diario - Turbo,CO900475201,Mañanero Envigado - Turbo,Envigado,,2400.0,2400.0
15/6/2026,Medellín,Acpm Corrientazo - Turbo,CO900473538,Acpm Corrientazo Envigado - Turbo,Envigado,,2400.0,2400.0
15/6/2026,Medellín,Foodology Court - Turbo,CO900473568,Foodology Envigado - Turbo,Envigado,,2400.0,2400.0
15/6/2026,Medellín,Selvatiko. - Turbo,CO900472669,Selvatiko. Envigado - Turbo,Envigado,,2400.0,2400.0
15/6/2026,Medellín,Alba Vegetarian - Turbo,CO900472648,Alba Vegetarian - Envigado Carrera 42 #40C 301 - Turbo,Envigado,,2400.0,2400.0
15/6/2026,Medellín,House Of Salads - Turbo,CO900476072,House Of Salads Envigado - Turbo,Envigado,,2400.0,2400.0
15/6/2026,Medellín,Vicio - Turbo,CO900428425,Vicio Envigado - Turbo,Envigado,,2400.0,2400.0
15/6/2026,Medellín,Señor Burrito. - Turbo,CO900473588,Señor Burrito Envigado - Turbo,Envigado,,2400.0,2400.0
15/6/2026,Medellín,Get Smashed Burgers - Turbo,CO900473575,Get Smashed Burgers Envigado - Turbo,Envigado,,2400.0,2400.0
15/6/2026,Medellín,Honest Food Fdl - Turbo,CO900475460,Honest Food Envigado - Turbo,Envigado,,2400.0,2400.0
15/6/2026,Medellín,Burrito Cantina - Turbo,CO900473551,Burrito Cantina Envigado - Turbo,Envigado,,2400.0,2400.0
15/6/2026,Pereira,Burger Lane - Turbo,CO900442994,Burger Lane Pereira - Turbo,Otra,,1000,1000
22/6/2026,Cali,Pret Sandwich Bistro - Turbo,CO900416178,Pret Sándwich Bistro Santa Monica - Turbo,Santa Mónica,7.59,2700.0,2400.0
22/6/2026,Cali,Dembow - Turbo,CO900473657,Dembow - Ingenio - Turbo,Ingenio,7.43,2400.0,2100.0
22/6/2026,Cali,The Breakfast Club - Turbo,CO900475210,The Breakfast Club Santa Monica - Turbo,Santa Mónica,6.84,2400.0,2100.0
22/6/2026,Cali,Foodology Court - Turbo,CO900465152,Foodology Santa Mónica Clo - Turbo Calle 34 Norte 2bn 33,Santa Mónica,6.52,2700.0,2400.0
22/6/2026,Cali,Bottaniko - Turbo,CO900443505,Bottaniko Cali - San Fernando - Turbo,San Fernando,6.44,2400.0,2100.0
22/6/2026,Bogotá,Desayuno Mi Tierrita - Turbo,CO900465162,Desayunos Mi Tierrita - Villa del prado - Turbo,Villa del Prado,5.95,2400.0,2100.0
22/6/2026,Cali,la Cuadra Desayunos Caseros - Turbo,CO900467495,La Cuadra Desayunos San Fernando - Turbo,San Fernando,5.93,3000.0,2700.0
22/6/2026,Bogotá,Dembow - Turbo,CO900476018,Dembow Chico - Turbo,Chicó,5.77,2400.0,2100.0
22/6/2026,Bogotá,Numa Cocina Mediterranea - Turbo,CO900476062,Cocina Mediterranea Kennedy - Turbo,Kennedy,5.66,2700.0,2400.0
22/6/2026,Bogotá,Casa Arabe - Turbo,CO900477839,Casa Árabe Kennedy - Turbo,Kennedy,5.65,2700.0,2400.0
22/6/2026,Cali,Ñamgucheria Sandwiches - Turbo,CO900439224,Ñamguchería Santa Monica - Turbo,Santa Mónica,5.61,2400.0,2400.0
22/6/2026,Bogotá,Dembow - Turbo,CO900473654,Dembow - Colina - Turbo,Colina,5.48,2400.0,2700.0
22/6/2026,Bogotá,Brunch & Munch - Turbo,CO900420520,Brunch And Munch - Colina - Turbo,Colina,5.37,1000,1000
22/6/2026,Cali,House Of Salads - Turbo,CO900445681,House Of Salad Santa Monica - Turbo,Santa Mónica,5.33,2400.0,2100.0
22/6/2026,Bogotá,Pret Sandwich Bistro - Turbo,CO900464394,Pret Sandwich Bistro Cl 109 - Turbo,Calle 109,5.32,2400.0,2100.0
22/6/2026,Bogotá,Casa Arabe - Turbo,CO900477854,Casa Árabe Cl 109 - Turbo,Calle 109,5.28,2400.0,2100.0
22/6/2026,Bogotá,Alba Vegetarian - Turbo,CO900475345,Alba Vegetarian Cl 109 - Turbo,Calle 109,5.26,3000.0,2700.0
22/6/2026,Barranquilla,Desayuno Mi Tierrita - Turbo,CO900465156,Desayuno Mi Tierrita Barranquilla - Turbo,Barranquilla,5.25,2400.0,2100.0
22/6/2026,Bogotá,Desayuno Mi Tierrita - Turbo,CO900476019,Desayuno Mi Tierrita Chico - Turbo,Chicó,5.13,2400.0,2400.0
22/6/2026,Bogotá,Ñamgucheria Sandwiches - Turbo,CO900439230,Ñamguchería Villa del Prado - Turbo,Villa del Prado,4.93,2400.0,2400.0
22/6/2026,Bogotá,Desayunos de la Abuela - Turbo,CO900463744,Desayunos de la Abuela Cl 109 - Turbo,Calle 109,4.86,2400.0,2400.0
22/6/2026,Cali,Green House Fd - Turbo,CO900438450,Green House Santa Monica - Turbo,Santa Mónica,4.84,3000.0,3000.0
22/6/2026,Cali,Acpm Corrientazo - Turbo,CO900467509,Acpm Corrientazo Santa Mónica (Cali Norte) - Turbo,Santa Mónica,4.82,3000.0,2700.0
22/6/2026,Bogotá,Ñamgucheria Sandwiches - Turbo,CO900440314,Ñamgucheria Chicó - Turbo,Chicó,4.75,2400.0,2100.0
22/6/2026,Bogotá,Burrito Cantina - Turbo,CO900467387,Burrito Cantina Castellana - Turbo,Parque 93 / Castellana,4.73,2700.0,2400.0
22/6/2026,Barranquilla,Foodology Court - Turbo,CO900465150,Foodology Barranquilla Nte - Turbo Cra. 45 #85-168,Barranquilla,4.64,3000.0,2700.0
22/6/2026,Cali,Desayunos de la Abuela - Turbo,CO900446316,Desayunos de la Abuela Santa Monica - Turbo,Santa Mónica,4.56,2400.0,2100.0
22/6/2026,Cali,la Cuadra Desayunos Caseros - Turbo,CO900467501,La Cuadra Desayunos Santa Mónica - Turbo,Santa Mónica,4.53,2400.0,2100.0
22/6/2026,Barranquilla,Ñamgucheria Sandwiches - Turbo,CO900439221,Ñamguchería Barranquilla Norte - Turbo,Barranquilla,4.45,2400.0,2400.0
22/6/2026,Medellín,Burrito Cantina - Turbo,CO900467377,Burrito Cantina Manila - Turbo,Manila,4.33,3000.0,3000.0
22/6/2026,Bogotá,The Breakfast Club - Turbo,CO900475287,The Breakfast Club Villa Del Prado - Turbo,Villa del Prado,4.28,2400.0,2100.0
22/6/2026,Bucaramanga,Bottaniko - Turbo,CO900443514,Bottaniko - Bucaramanga - Turbo,Cabecera (Bga),4.28,3000.0,3000.0
22/6/2026,Bogotá,Pret Sandwich Bistro - Turbo,CO900473669,Pret Sandwich Bistro Kennedy - Turbo,Kennedy,4.25,3000.0,2700.0
22/6/2026,Bogotá,Foodology Court - Turbo,CO900465145,Foodology Colina - Turbo Carrera 53 #137a-26,Colina,4.23,2400.0,2700.0
22/6/2026,Cali,La Cuadra - Turbo,CO900416195,La Cuadra Santa Monica - Cali - Turbo,Santa Mónica,4.23,3000.0,3000.0
22/6/2026,Bogotá,Mr Beast Burger - Turbo,CO900420303,Mr Beast Kennedy - Turbo,Kennedy,4.22,2400.0,2400.0
22/6/2026,Bogotá,Casa Arabe - Turbo,CO900477843,Casa Árabe Chapinero - Turbo,Chapinero,4.16,2700.0,2700.0
22/6/2026,Bogotá,The Breakfast Club - Turbo,CO900475286,The Breakfast Club Calle 93 - Turbo,Parque 93 / Castellana,4.13,3000.0,2700.0
22/6/2026,Cali,Foodology Court - Turbo,CO900465149,Foodology San Fernando - Turbo Carrera 38 #5e-9,San Fernando,4.13,3000.0,3000.0
22/6/2026,Cali,Burritos & Co - Turbo,CO900410573,Burritos And Co Cali - Turbo,Otra,3.99,2700.0,2400.0
22/6/2026,Cali,Ñamgucheria Sandwiches - Turbo,CO900439227,Ñamguchería San Fernando - Turbo,San Fernando,3.98,2400.0,2400.0
22/6/2026,Bogotá,Honest Food Fdl - Turbo,CO900463745,Honest Food Cl 109 - Turbo,Calle 109,3.97,2700.0,2700.0
22/6/2026,Cartagena,Selvatiko. - Turbo,CO900482001,Selvatiko. Cartagena - Turbo,Cartagena,3.96,2400.0,2100.0
22/6/2026,Cartagena,Mr Beast Burger - Turbo,CO900481990,Mr Beast Cartagena - Turbo,Cartagena,3.96,2400.0,2400.0
22/6/2026,Barranquilla,Local Cocina Consciente - Turbo,CO900477106,Local - Cocina Consciente Barranquilla - Turbo,Barranquilla,3.95,2400.0,2100.0
22/6/2026,Cartagena,Brunch & Munch - Turbo,CO900481032,Brunch & Munch - Cartagena - Turbo,Cartagena,3.95,2400.0,2100.0
22/6/2026,Cali,Mr Beast Burger - Turbo,CO900405272,Mr Beast San Fernando - Turbo,San Fernando,3.93,2400.0,2400.0
22/6/2026,Cartagena,Desayuno Mi Tierrita - Turbo,CO900481379,Desayuno Mi Tierrita Cartagena - Turbo,Cartagena,3.92,2400.0,2700.0
22/6/2026,Bogotá,Ñamgucheria Sandwiches - Turbo,CO900473582,Ñamguchería Kennedy - Turbo,Kennedy,3.91,2700.0,2700.0
22/6/2026,Barranquilla,Desayunos de la Abuela - Turbo,CO900446308,Desayunos de la Abuela Barranquilla - Turbo CHURNEADO,Barranquilla,3.87,2700.0,2700.0
22/6/2026,Bogotá,The Breakfast Club - Turbo,CO900475207,The Breakfast Club Kennedy - Turbo,Kennedy,3.83,2700.0,2400.0
22/6/2026,Cali,Brunch & Munch - Turbo,CO900405252,Brunch & Munch Cali - San Fernando - Turbo,San Fernando,3.83,2400.0,2100.0
22/6/2026,Bogotá,Dembow - Turbo,CO900475131,Dembow Cl 109 - Turbo,Calle 109,3.82,2400.0,2700.0
22/6/2026,Bogotá,The Breakfast Club - Turbo,CO900475213,The Breakfast Club Chico - Turbo,Chicó,3.82,2400.0,2400.0
22/6/2026,Bogotá,Desayuno Mi Tierrita - Turbo,CO900465163,Desayuno Mi Tierrita Chapinero - Turbo,Chapinero,3.79,2400.0,2100.0
22/6/2026,Cali,Acpm Corrientazo - Turbo,CO900473537,Acpm Corrientazo Ingenio - Turbo,Ingenio,3.78,2400.0,2400.0
22/6/2026,Barranquilla,Numa Cocina Mediterranea - Turbo,CO900463755,Cocina Mediterranea Barranquilla - Turbo,Barranquilla,3.75,2400.0,2400.0
22/6/2026,Barranquilla,Brunch & Munch - Turbo,CO900405255,Brunch & Munch Barranquilla - Turbo,Barranquilla,3.72,2400.0,2400.0
22/6/2026,Cali,Desayuno Mi Tierrita - Turbo,CO900465164,Desayuno Mi Tierrita San Fernando Cali - Turbo,San Fernando,3.72,1000,1000
22/6/2026,Bogotá,Bottaniko - Turbo,CO900464153,Bottaniko Cl 109 - Turbo,Calle 109,3.69,3000.0,2700.0
22/6/2026,Bogotá,Foodology Court - Turbo,CO900471304,Foodology Kennedy - Turbo,Kennedy,3.69,2400.0,2400.0
22/6/2026,Bogotá,Pret Sandwich Bistro - Turbo,CO900473670,Pret Sandwich Bistro Andes - Turbo,Andes,3.69,3000.0,3000.0
22/6/2026,Medellín,Numa Cocina Mediterranea - Turbo,CO900463749,Cocina Mediterranea Laureles - Turbo,Laureles,3.68,2400.0,2400.0
22/6/2026,Bogotá,Brunch & Munch - Turbo,CO900465171,Brunch & Munch Cl 109 - Turbo,Calle 109,3.67,2400.0,2400.0
22/6/2026,Bogotá,Foodology Court - Turbo,CO900488781,Foodology Arrecife - Turbo,Arrecife,3.65,1000,1000
22/6/2026,Bogotá,Desayunos de la Abuela - Turbo,CO900446310,Desayunos de la Abuela Colina - Turbo,Colina,3.64,2400.0,2400.0
22/6/2026,Bogotá,Selvatiko. - Turbo,CO900475359,Selvatiko Cl 109 - Turbo,Calle 109,3.61,3000.0,2700.0
22/6/2026,Bogotá,Foodology Court - Turbo,CO900465138,Foodology Cl 109 - Turbo Cl. 109 #15-28,Calle 109,3.58,3000.0,3000.0
22/6/2026,Bogotá,Casa Arabe - Turbo,CO900477847,Casa Árabe Villa Del Prado - Turbo,Villa del Prado,3.57,2400.0,2100.0
22/6/2026,Bogotá,Brunch & Munch - Turbo,CO900420483,Brunch & Munch - Chicó - Turbo,Chicó,3.57,2400.0,2400.0
22/6/2026,Barranquilla,Señor Burrito. - Turbo,CO900467425,Señor Burrito Barranquilla Norte - Turbo,Barranquilla,3.56,3000.0,2700.0
22/6/2026,Bogotá,Brunch & Munch - Turbo,CO900420519,Brunch And Munch - Kennedy - Turbo,Kennedy,3.53,2400.0,2400.0
22/6/2026,Bogotá,Mr Beast Burger - Turbo,CO900405271,Mr Beast Villa Del Prado - Turbo,Villa del Prado,3.52,2400.0,2400.0
22/6/2026,Barranquilla,Sanduches el Jefe - Turbo,CO900419499,Sandwich el Jefe Barranquilla - Turbo Cra. 45  353,Barranquilla,3.49,2400.0,2700.0
22/6/2026,Bogotá,La Cuadra - Turbo,CO900464605,La Cuadra Cl 109 - Turbo,Calle 109,3.48,2700.0,2700.0
22/6/2026,Bogotá,Mr Beast Burger - Turbo,CO900488966,Mr Beast Burger Arrecife - Turbo,Arrecife,3.48,3000.0,2700.0
22/6/2026,Bogotá,Numa Cocina Mediterranea - Turbo,CO900488968,Numa Cocina Mediterranea Arrecife - Turbo,Arrecife,3.48,3000.0,2700.0
22/6/2026,Cali,Avocalia Turbo,CO900407400,Avocalia Santa Monica - Cali - Turbo,Santa Mónica,3.48,2700.0,2700.0
22/6/2026,Bogotá,Alba Vegetarian - Turbo,CO900473540,Alba Vegetarian - Kennedy Calle 26 Sur #72c 258 - Turbo,Kennedy,3.44,3000.0,3000.0
22/6/2026,Barranquilla,Bottaniko - Turbo,CO900443515,Bottaniko Barranquilla - Turbo,Barranquilla,3.39,3000.0,3000.0
22/6/2026,Bucaramanga,Sanduches el Jefe - Turbo,CO900427117,Sandwich El Jefe Bucaramanga - Turbo,Cabecera (Bga),3.36,2700.0,2400.0
22/6/2026,Bogotá,Numa Cocina Mediterranea - Turbo,CO900463762,Cocina Mediterranea Villa Del Prado - Turbo,Villa del Prado,3.34,2400.0,2400.0
22/6/2026,Bogotá,Pret Sandwich Bistro - Turbo,CO900488980,Pret Sandwich Bistro Arrecife - Turbo,Arrecife,3.34,1000,1000
22/6/2026,Bogotá,Acpm Corrientazo - Turbo,CO900467511,Acpm Corrientazo Castellana - Turbo,Parque 93 / Castellana,3.33,2400.0,2400.0
22/6/2026,Bogotá,Sanduches el Jefe - Turbo,CO900419503,Sandwich El Jefe Castellana - Turbo,Parque 93 / Castellana,3.32,2400.0,2400.0
22/6/2026,Bogotá,Numa Cocina Mediterranea - Turbo,CO900463764,Numa - Cocina Mediterranea Colina - Turbo,Colina,3.29,2400.0,2100.0
22/6/2026,Bogotá,Burritos & Co - Turbo,CO900464311,Burritos & Co Cl 109 - Turbo,Calle 109,3.28,2700.0,2700.0
22/6/2026,Bogotá,Casa Arabe - Turbo,CO900477849,Casa Árabe Colina - Turbo,Colina,3.28,2400.0,2100.0
22/6/2026,Bogotá,Señor Burrito. - Turbo,CO900464393,Señor Burrito 109 - Turbo,Calle 109,3.25,3000.0,3000.0
22/6/2026,Cali,Desayunos de la Abuela - Turbo,CO900446306,Desayunos de la Abuela San Fernando - Turbo,San Fernando,3.24,2400.0,2400.0
22/6/2026,Bogotá,Brunch & Munch - Turbo,CO900488275,Brunch & Munch Arrecife - Turbo,Arrecife,3.22,3000.0,3000.0
22/6/2026,Bogotá,Señor Burrito. - Turbo,CO900471310,Señor Burrito Kennedy - Turbo,Kennedy,3.22,3000.0,2700.0
22/6/2026,Cali,Cacerola - Turbo,CO900416207,Cacerola Santa Monica - Cali - Turbo,Santa Mónica,3.19,2700.0,3000.0
22/6/2026,Bogotá,Mañanero Diario - Turbo,CO900475202,Mañanero Diario Cl 109 - Turbo,Calle 109,3.18,3000.0,3000.0
22/6/2026,Bogotá,La Cuadra - Turbo,CO900416198,La Cuadra - Villa del Prado - Turbo,Villa del Prado,3.18,2400.0,2400.0
22/6/2026,Bogotá,Cacerola - Turbo,CO900416208,Cacerola - Villa del Prado  - Turbo,Villa del Prado,3.16,2700.0,2400.0
22/6/2026,Bogotá,Desayunos de la Abuela - Turbo,CO900446276,Desayunos de la Abuela Calle 93 - Turbo,Parque 93 / Castellana,3.16,2700.0,2400.0
22/6/2026,Cali,Ñamgucheria Sandwiches - Turbo,CO900473581,Ñamguchería Ingenio Calle 83c - Turbo,Ingenio,3.16,2400.0,2400.0
22/6/2026,Barranquilla,Mañanero Diario - Turbo,CO900443503,Mañanero diario Barranquilla Norte - Turbo CHURNEADO,Barranquilla,2.99,2700.0,2700.0
22/6/2026,Bogotá,Green House Fd - Turbo,CO900438446,Green House Kennedy - Turbo,Kennedy,2.97,2700.0,2700.0
22/6/2026,Barranquilla,Dembow - Turbo,CO900473647,Dembow - Barranquilla Nte - Turbo,Barranquilla,2.95,3000.0,3000.0
22/6/2026,Bogotá,Brunch & Munch - Turbo,CO900409672,Brunch & Munch Chapinero - Turbo,Chapinero,2.95,2400.0,2400.0
22/6/2026,Bogotá,Desayunos de la Abuela - Turbo,CO900473560,Desayunos de la Abuela Kennedy - Turbo,Kennedy,2.94,2400.0,2100.0
22/6/2026,Cali,Almuerzos D´la Casa - Turbo,CO900471208,Almuerzos D´la Casa - Santa Monica - Turbo,Santa Mónica,2.92,2700.0,2400.0
22/6/2026,Bucaramanga,Ñamgucheria Sandwiches - Turbo,CO900440620,Ñamguchería Bucaramanga. - Turbo,Cabecera (Bga),2.91,3000.0,3000.0
22/6/2026,Bogotá,The Breakfast Club - Turbo,CO900475281,The Breakfast Club Colina - Turbo,Colina,2.88,2400.0,2400.0
22/6/2026,Bogotá,La Cuadra - Turbo,CO900420509,La Cuadra - Kennedy - Turbo,Kennedy,2.87,3000.0,2700.0
22/6/2026,Bogotá,Ñamgucheria Sandwiches - Turbo,CO900439225,Ñamguchería Chapinero - Turbo,Chapinero,2.86,2400.0,2400.0
22/6/2026,Bogotá,Frost By Oreo - Turbo,CO900475372,Frost By Oreo Cl 109 - Turbo,Calle 109,2.81,3000.0,3000.0
22/6/2026,Bogotá,Green House Fd - Turbo,CO900488845,Green House Arrecife - Turbo,Arrecife,2.81,3000.0,2700.0
22/6/2026,Bogotá,Bottaniko - Turbo,CO900475790,Bottaniko - Kennedy - Turbo,Kennedy,2.78,3000.0,3000.0
22/6/2026,Bucaramanga,Desayuno Mi Tierrita - Turbo,CO900465167,Desayuno Mi Tierrita - Cabecera - Turbo,Cabecera (Bga),2.78,3000.0,3000.0
22/6/2026,Bogotá,Brunch & Munch - Turbo,CO900409673,Brunch & Munch Castellana - Turbo,Parque 93 / Castellana,2.76,2400.0,2400.0
22/6/2026,Bogotá,Desayunos de la Abuela - Turbo,CO900446320,Desayunos de la Abuela Chico - Turbo,Chicó,2.75,2700.0,2700.0
22/6/2026,Bogotá,Almuerzos D´la Casa - Turbo,CO900471212,Almuerzos D´la Casa - Colina - Turbo,Colina,2.75,2700.0,2400.0
22/6/2026,Bogotá,Casa Arabe - Turbo,CO900488281,Casa Arabe Arrecife - Turbo,Arrecife,2.74,1000,1000
22/6/2026,Barranquilla,The Breakfast Club - Turbo,CO900475211,The Breakfast Club Barranquilla - Turbo,Barranquilla,2.73,2700.0,2700.0
22/6/2026,Bogotá,Acpm Corrientazo - Turbo,CO900464913,Acpm Corrientazo Cl 109 - Turbo,Calle 109,2.73,2400.0,2700.0
22/6/2026,Bogotá,Mr Beast Burger - Turbo,CO900428938,Mr Beast Andes - Turbo,Andes,2.73,2700.0,2700.0
22/6/2026,Barranquilla,Cacerola - Turbo,CO900416210,Cacerola Barranquilla - Turbo,Barranquilla,2.71,3000.0,3000.0
22/6/2026,Bogotá,Mr Beast Burger - Turbo,CO900409677,Mr Beast Castellana - Turbo,Parque 93 / Castellana,2.71,2400.0,2400.0
22/6/2026,Cali,Honest Food Fdl - Turbo,CO900472139,Honest Food San Fernando - Turbo,San Fernando,2.71,2700.0,2400.0
22/6/2026,Bucaramanga,Mr Beast Burger - Turbo,CO900428937,Mr Beast Bucaramanga - Turbo,Cabecera (Bga),2.68,2700.0,2700.0
22/6/2026,Cali,Monteverde - Turbo,CO900450778,Monteverde Santa Monica - Turbo,Santa Mónica,2.67,2400.0,2100.0
22/6/2026,Bogotá,Mañanero Diario - Turbo,CO900488961,Mañanero Diario Arrecife - Turbo,Arrecife,2.66,3000.0,2700.0
22/6/2026,Cali,Helados San Jerónimo - Turbo,CO900405136,Heladería San Jerónimo San Fernando - Turbo,San Fernando,2.65,3000.0,3000.0
22/6/2026,Bogotá,Green House Fd - Turbo,CO900438447,Green House Villa Del Prado - Turbo Cra. 55  243,Villa del Prado,2.62,2700.0,2700.0
22/6/2026,Bogotá,Burrito Cantina - Turbo,CO900488277,Burrito Cantina Arrecife - Turbo,Arrecife,2.62,3000.0,2700.0
22/6/2026,Bogotá,Numa Cocina Mediterranea - Turbo,CO900463746,Numa Cocina Mediterranea Calle 93 - Turbo,Parque 93 / Castellana,2.62,2400.0,2400.0
22/6/2026,Bogotá,Ñamgucheria Sandwiches - Turbo,CO900473584,Ñamguchería Andes - Turbo,Andes,2.61,2400.0,2100.0
22/6/2026,Cartagena,Alba Vegetarian - Turbo,CO900479519,Alba Vegetarian - Cartagena Calle 24a 329 - Turbo,Cartagena,2.58,2700.0,3000.0
22/6/2026,Barranquilla,la Cuadra Desayunos Caseros - Turbo,CO900467494,La Cuadra Desayunos Caseros Barranquilla Norte - Turbo,Barranquilla,2.57,2400.0,2700.0
22/6/2026,Barranquilla,Selvatiko. - Turbo,CO900475115,Selvatiko. Barranquilla Norte - Turbo,Barranquilla,2.55,2400.0,2700.0
22/6/2026,Bucaramanga,The Breakfast Club - Turbo,CO900475208,The Breakfast Club Cabecera - Turbo,Cabecera (Bga),2.55,2700.0,2700.0
22/6/2026,Medellín,Selvatiko. - Turbo,CO900475123,Selvatiko. Laureles - Turbo,Laureles,2.53,2700.0,2700.0
22/6/2026,Bucaramanga,Numa Cocina Mediterranea - Turbo,CO900463748,Cocina Mediterranea Cabecera - Turbo,Cabecera (Bga),2.51,2700.0,2700.0
22/6/2026,Cartagena,La Cuadra - Turbo,CO900481970,La Cuadra - Cartagena - Turbo,Cartagena,2.51,2700.0,2400.0
22/6/2026,Bogotá,Monteverde - Turbo,CO900489032,Monteverde Arrecife - Turbo,Arrecife,2.49,3000.0,2700.0
22/6/2026,Bogotá,Honest Food Fdl - Turbo,CO900472142,Honest Food Colina - Turbo,Colina,2.49,2400.0,2400.0
22/6/2026,Cartagena,Burrito Cantina - Turbo,CO900481034,Burrito Cantina Cartagena - Turbo,Cartagena,2.48,2400.0,2100.0
22/6/2026,Cali,Cinnabon - Turbo,CO900407398,Cinnabon Santa Mónica (Cali Norte) - Turbo,Santa Mónica,2.47,3000.0,3000.0
22/6/2026,Bogotá,Green House Fd - Turbo,CO900438442,Green House Colina - Turbo,Colina,2.46,2400.0,2400.0
22/6/2026,Bogotá,Monteverde - Turbo,CO900476065,Monteverde Kennedy - Turbo,Kennedy,2.46,2700.0,2700.0
22/6/2026,Bogotá,Avocalia Turbo,CO900405546,Avocalia - Villa Del Prado - Turbo,Villa del Prado,2.45,2400.0,2400.0
22/6/2026,Bogotá,Honest Food Fdl - Turbo,CO900472137,Honest Food Chapinero - Turbo,Chapinero,2.44,2700.0,2700.0
22/6/2026,Bogotá,Sanduches el Jefe - Turbo,CO900420513,Sandwich el Jefe Kennedy - Turbo,Kennedy,2.42,2700.0,3000.0
22/6/2026,Cali,Avocalia Turbo,CO900405544,Avocalia Cali - San Fernando - Turbo,San Fernando,2.42,2400.0,2400.0
22/6/2026,Bogotá,Honest Food Fdl - Turbo,CO900488848,Honest Food Arrecife - Turbo,Arrecife,2.41,3000.0,2700.0
22/6/2026,Bucaramanga,Cinnabon - Turbo,CO900426807,Cinnabon Bucaramanga - Turbo,Cabecera (Bga),2.41,3000.0,3000.0
22/6/2026,Bogotá,Desayunos de la Abuela - Turbo,CO900446311,Desayunos de la Abuela Chapinero - Turbo,Chapinero,2.39,2700.0,2700.0
22/6/2026,Bogotá,Avocalia Turbo,CO900420304,Avocalia - Kennedy - Turbo,Kennedy,2.37,2700.0,2700.0
22/6/2026,Cartagena,Almuerzos D´la Casa - Turbo,CO900479595,Almuerzos D´la Casa - Cartagena - Turbo,Cartagena,2.36,3000.0,2700.0
22/6/2026,Bogotá,Cacerola - Turbo,CO900464389,Cacerola Cl 109 - Turbo,Calle 109,2.35,3000.0,2700.0
22/6/2026,Bogotá,La Cuadra - Turbo,CO900488957,la Cuadra Arrecife - Turbo,Arrecife,2.35,3000.0,3000.0
22/6/2026,Bogotá,The Breakfast Club - Turbo,CO900475212,The Breakfast Club Andes - Turbo,Andes,2.34,2400.0,2100.0
22/6/2026,Bogotá,Foodology Court - Turbo,CO900465148,Foodology 93 - Turbo Calle 93 #45a-16,Parque 93 / Castellana,2.34,2400.0,2400.0
22/6/2026,Cali,Mr Beast Burger - Turbo,CO900476815,Mr Beast Ingenio - Turbo,Ingenio,2.34,2400.0,2400.0
22/6/2026,Bogotá,La Cuadra - Turbo,CO900416199,La Cuadra - Chapinero - Turbo,Chapinero,2.32,2700.0,2700.0
22/6/2026,Bogotá,Alba Vegetarian - Turbo,CO900488270,Alba Vegetarian Arrecife - Turbo,Arrecife,2.31,3000.0,2700.0
22/6/2026,Bogotá,Cinnabon Foodology - Turbo,CO900410068,Cinnabon Chapinero - Turbo,Chapinero,2.29,2700.0,2700.0
22/6/2026,Bogotá,Foodology Court - Turbo,CO900465154,Foodology Villa Del Prado - Turbo Cra. 55 #172-27,Villa del Prado,2.28,2700.0,2700.0
22/6/2026,Bogotá,Green House Fd - Turbo,CO900438449,Green House Parque 93 - Turbo,Parque 93 / Castellana,2.27,2700.0,2700.0
22/6/2026,Cali,Cinnabon - Turbo,CO900475098,Cinnabon Ingenio - Turbo,Ingenio,2.27,2400.0,2400.0
22/6/2026,Bogotá,la Cuadra Desayunos Caseros - Turbo,CO900464914,la Cuadra - Cl 109 - Turbo,Calle 109,2.26,2400.0,2400.0
22/6/2026,Bogotá,Desayuno Mi Tierrita - Turbo,CO900488770,Desayuno Mi Tierrita Arrecife - Turbo,Arrecife,2.26,3000.0,2700.0
22/6/2026,Cali,Mañanero Diario - Turbo,CO900443493,Mañanero diario San Fernando - Turbo,San Fernando,2.26,3000.0,3000.0
22/6/2026,Barranquilla,Monteverde - Turbo,CO900450774,Monteverde Barranquilla - Turbo,Barranquilla,2.25,3000.0,3000.0
22/6/2026,Bogotá,Avocalia Turbo,CO900488273,Avocalia Arrecife - Turbo,Arrecife,2.24,3000.0,2700.0
22/6/2026,Bogotá,Bottaniko - Turbo,CO900488274,Bottaniko Arrecife - Turbo,Arrecife,2.23,3000.0,3000.0
22/6/2026,Bogotá,House Of Salads - Turbo,CO900445677,House Of Salad Villa del Prado - Turbo,Villa del Prado,2.22,3000.0,2700.0
22/6/2026,Medellín,Alba Vegetarian - Turbo,CO900443008,Alba Vegetarian - Laureles - Turbo,Laureles,2.22,2700.0,2700.0
22/6/2026,Bogotá,Pret Sandwich Bistro - Turbo,CO900470306,Pret Sandwich Bistro Chico - Turbo,Chicó,2.19,2700.0,3000.0
22/6/2026,Bogotá,Dembow - Turbo,CO900473645,Dembow - Chapinero - Turbo,Chapinero,2.18,2400.0,2400.0
22/6/2026,Medellín,Mr Beast Burger - Turbo,CO900405270,Mr Beast Laureles - Turbo,Laureles,2.18,2700.0,2700.0
22/6/2026,Bogotá,Green House Fd - Turbo,CO900438452,Green House Chapinero - Turbo,Chapinero,2.17,2700.0,2700.0
22/6/2026,Bogotá,Honest Food Fdl - Turbo,CO900475462,Honest Food Kennedy - Turbo,Kennedy,2.16,2700.0,2700.0
22/6/2026,Medellín,Foodology Court - Turbo,CO900465144,Foodology Laureles - Turbo Calle 32f #66b-254,Laureles,2.16,3000.0,2700.0
22/6/2026,Bucaramanga,Dembow - Turbo,CO900473642,Dembow - Cabecera - Turbo,Cabecera (Bga),2.15,3000.0,3000.0
22/6/2026,Bogotá,Mañanero Diario - Turbo,CO900443497,Mañanero diario Colina - Turbo,Colina,2.13,2700.0,2700.0
22/6/2026,Bogotá,Burritos & Co - Turbo,CO900420642,Burritos And Co - Kennedy - Turbo,Kennedy,2.13,2700.0,2700.0
22/6/2026,Bucaramanga,Brunch & Munch - Turbo,CO900426741,Brunch & Munch Bucaramanga - Turbo,Cabecera (Bga),2.13,2700.0,2700.0
22/6/2026,Bogotá,Cacerola - Turbo,CO900473676,Cacerola Chico - Turbo,Chicó,15.13,1000,1000
22/6/2026,Bogotá,Mañanero Diario - Turbo,CO900443500,Mañanero diario Chapinero - Turbo,Chapinero,11.56,2400.0,2100.0
22/6/2026,Bogotá,la Cuadra Desayunos Caseros - Turbo,CO900470911,La Cuadra Desayunos Caseros Andes - Turbo,Andes,10.22,2400.0,2100.0
22/6/2026,Bogotá,Foodology Court - Turbo,CO900465146,Foodology Chapinero - Turbo Cra. 8 #66-88,Chapinero,1.99,3000.0,3000.0
22/6/2026,Bogotá,Bottaniko - Turbo,CO900443516,Bottaniko - Colina - Turbo,Colina,1.98,2700.0,2400.0
22/6/2026,Cali,House Of Salads - Turbo,CO900476069,House Of Salads Ingenio - Turbo,Ingenio,1.96,2400.0,2400.0
22/6/2026,Medellín,Señor Burrito. - Turbo,CO900467423,Señor Burrito Laureles - Turbo,Laureles,1.96,2700.0,2700.0
22/6/2026,Bogotá,Sanduches el Jefe - Turbo,CO900419502,Sandwich El Jefe Chapinero - Turbo,Chapinero,1.94,3000.0,3000.0
22/6/2026,Bogotá,Bottaniko - Turbo,CO900443507,Bottaniko Chapinero - Turbo,Chapinero,1.94,2700.0,2700.0
22/6/2026,Medellín,Sanduches el Jefe - Turbo,CO900419507,Sandwich El Jefe Manila - Turbo,Manila,1.94,3000.0,3000.0
22/6/2026,Medellín,Mr Beast Burger - Turbo,CO900405268,Mr Beast Manila - Turbo,Manila,1.91,3000.0,3000.0
22/6/2026,Barranquilla,Avocalia Turbo,CO900405547,Avocalia Barranquilla - Turbo,Barranquilla,1.89,2700.0,2700.0
22/6/2026,Bogotá,Mañanero Diario - Turbo,CO900443502,Mañanero diario Villa del Prado - Turbo,Villa del Prado,1.89,2700.0,2700.0
22/6/2026,Bogotá,Mañanero Diario - Turbo,CO900475200,Mañanero Andes - Turbo,Andes,1.87,3000.0,2700.0
22/6/2026,Bogotá,Avocalia Turbo,CO900409671,Avocalia Chapinero - Turbo,Chapinero,1.87,2700.0,2700.0
22/6/2026,Cali,Alba Vegetarian - Turbo,CO900443016,Alba Vegetarian - San Fernando - Turbo,San Fernando,1.87,3000.0,3000.0
22/6/2026,Cali,Foodology Court - Turbo,CO900473569,Foodology Ingenio - Turbo,Ingenio,1.87,3000.0,3000.0
22/6/2026,Barranquilla,Honest Food Fdl - Turbo,CO900472141,Honest Food Barranquilla - Turbo,Barranquilla,1.86,2700.0,2700.0
22/6/2026,Bogotá,Almuerzos D´la Casa - Turbo,CO900477128,Almuerzos D´la Casa Cl 109 - Turbo,Calle 109,1.86,2700.0,2700.0
22/6/2026,Bogotá,House Of Salads - Turbo,CO900445676,House Of Salad Colina - Turbo,Colina,1.86,2700.0,2700.0
22/6/2026,Cali,Bottaniko - Turbo,CO900443509,Bottaniko Santa Monica - Cali - Turbo,Santa Mónica,1.86,3000.0,2700.0
22/6/2026,Medellín,Pret Sandwich Bistro - Turbo,CO900416174,Pret Sándwich Bistro Manila - Turbo,Manila,1.86,3000.0,3000.0
22/6/2026,Bogotá,Burrito Cantina - Turbo,CO900467379,Burrito Cantina Villa del Prado - Turbo,Villa del Prado,1.85,2700.0,2400.0
22/6/2026,Bogotá,Bottaniko - Turbo,CO900475791,Bottaniko - Andes - Turbo,Andes,1.85,3000.0,3000.0
22/6/2026,Cartagena,Avocalia Turbo,CO900480008,Avocalia - Cartagena - Turbo,Cartagena,1.84,2700.0,2700.0
22/6/2026,Bogotá,Pret Sandwich Bistro - Turbo,CO900416172,Pret Sandwich Bistro Chapinero - Turbo,Chapinero,1.83,2400.0,2400.0
22/6/2026,Bogotá,Almuerzos D´la Casa - Turbo,CO900475129,Almuerzos D` La Casa - Kennedy - Turbo,Kennedy,1.81,2700.0,2700.0
22/6/2026,Bogotá,Doritos Locos By Dorito - Turbo,CO900473565,Doritos Locos By Dorito Kennedy - Turbo,Kennedy,1.81,2400.0,2100.0
22/6/2026,Cali,Local Cocina Consciente - Turbo,CO900477097,Local - Cocina Consciente San Fernando - Turbo,San Fernando,1.79,2700.0,2400.0
22/6/2026,Cali,Burritos & Co - Turbo,CO900410569,Burritos & CO Cali - San Fernando - Turbo,San Fernando,1.79,2700.0,2400.0
22/6/2026,Bogotá,House Of Salads - Turbo,CO900445607,House Of Salad Calle 93 - Turbo,Parque 93 / Castellana,1.77,2700.0,2400.0
22/6/2026,Bogotá,Burritos & Co - Turbo,CO900410665,Burritos And Co Chapinero - Turbo,Chapinero,1.76,2700.0,2700.0
22/6/2026,Bogotá,Burritos & Co - Turbo,CO900420641,Burritos And Co - Colina - Turbo,Colina,1.74,2700.0,2700.0
22/6/2026,Bogotá,La Cuadra - Turbo,CO900416192,La Cuadra - Castellana - Turbo,Parque 93 / Castellana,1.74,2400.0,2400.0
22/6/2026,Bogotá,Avocalia Turbo,CO900401242,Avocalia - Castellana - Turbo,Parque 93 / Castellana,1.74,2400.0,2400.0
22/6/2026,Bucaramanga,Honest Food Fdl - Turbo,CO900472134,Honest Food Cabecera - Turbo,Cabecera (Bga),1.74,3000.0,3000.0
22/6/2026,Cali,Vicio - Turbo,CO900405131,Vicio San Fernando - Turbo,San Fernando,1.74,3000.0,3000.0
22/6/2026,Cartagena,Green House Fd - Turbo,CO900481820,Green House Cartagena - Turbo,Cartagena,1.74,2700.0,2700.0
22/6/2026,Medellín,House Of Salads - Turbo,CO900445679,House Of Salad Laureles - Turbo,Laureles,1.74,3000.0,3000.0
22/6/2026,Bogotá,Burritos & Co - Turbo,CO900410572,Burritos And Co 93 - Turbo,Parque 93 / Castellana,1.73,2700.0,2700.0
22/6/2026,Bogotá,Pret Sandwich Bistro - Turbo,CO900416177,Pret Sandwich Bistro Villa del Prado - Turbo,Villa del Prado,1.72,2700.0,3000.0
22/6/2026,Bogotá,Honest Food Fdl - Turbo,CO900472138,Honest Food Calle 93 - Turbo,Parque 93 / Castellana,1.72,2400.0,2400.0
22/6/2026,Bogotá,Vicio - Turbo,CO900400178,Vicio Castellana - Turbo,Parque 93 / Castellana,1.72,2700.0,2400.0
22/6/2026,Bogotá,Señor Burrito. - Turbo,CO900471311,Señor Burrito Andes - Turbo,Andes,1.69,2400.0,2700.0
22/6/2026,Cartagena,Honest Food Fdl - Turbo,CO900481826,Honest Food Cartagena - Turbo,Cartagena,1.69,2700.0,2700.0
22/6/2026,Bogotá,House Of Salads - Turbo,CO900445673,House Of Salad Chapinero - Turbo,Chapinero,1.67,2400.0,2700.0
22/6/2026,Cali,Burritos & Co - Turbo,CO900473554,Burritos & Co - Ingenio - Turbo,Ingenio,1.67,2400.0,2400.0
22/6/2026,Bogotá,Vicio - Turbo,CO900426529,Vicio Andes - Turbo,Andes,1.66,3000.0,2700.0
22/6/2026,Bogotá,Alba Vegetarian - Turbo,CO900443017,Alba Vegetarian - Calle 93 - Turbo,Parque 93 / Castellana,1.65,2700.0,2700.0
22/6/2026,Medellín,Desayuno Mi Tierrita - Turbo,CO900465157,Desayuno Mi Tierrita Laureles - Turbo,Laureles,1.65,2700.0,2700.0
22/6/2026,Barranquilla,House Of Salads - Turbo,CO900445675,House Of Salad Barranquilla - Turbo,Barranquilla,1.64,2400.0,2400.0
22/6/2026,Bogotá,Casa Arabe - Turbo,CO900477844,Casa Árabe Andes - Turbo,Andes,1.64,2700.0,2400.0
22/6/2026,Bogotá,Selvatiko. - Turbo,CO900475116,Selvatiko. Chapinero - Turbo,Chapinero,1.64,2700.0,2700.0
22/6/2026,Bogotá,Desayuno Mi Tierrita - Turbo,CO900470918,Desayuno Mi Tierrita Andes - Turbo,Andes,1.63,2400.0,2100.0
22/6/2026,Medellín,Ñamgucheria Sandwiches - Turbo,CO900439222,Ñamguchería Laureles - Turbo,Laureles,1.63,2700.0,3000.0
22/6/2026,Bogotá,Monteverde - Turbo,CO900450767,Monteverde Colina - Turbo,Colina,1.62,2700.0,2700.0
22/6/2026,Bogotá,Casa Arabe - Turbo,CO900477842,Casa Árabe Calle 93 - Turbo,Parque 93 / Castellana,1.62,2400.0,2400.0
22/6/2026,Bogotá,Almuerzos D´la Casa - Turbo,CO900471210,Almuerzos D´la Casa - Chapinero - Turbo,Chapinero,1.61,2700.0,3000.0
22/6/2026,Cali,Selvatiko. - Turbo,CO900472668,Selvatiko. Ingenio - Turbo,Ingenio,1.61,2400.0,2100.0
22/6/2026,Medellín,Sanduches el Jefe - Turbo,CO900419500,Sandwich El Jefe Laureles - Turbo,Laureles,1.61,3000.0,3000.0
22/6/2026,Bogotá,Almuerzos D´la Casa - Turbo,CO900471209,Almuerzos D´la Casa - 93 - Turbo,Parque 93 / Castellana,1.59,2700.0,2400.0
22/6/2026,Bucaramanga,Pret Sandwich Bistro - Turbo,CO900442050,Pret Sandwich Bistro Cabecera - Turbo,Cabecera (Bga),1.59,3000.0,3000.0
22/6/2026,Bogotá,Cinnabon - Turbo,CO900416553,Cinnabon Villa Del Prado - Turbo,Villa del Prado,1.58,2700.0,2700.0
22/6/2026,Bogotá,House Of Salads - Turbo,CO900476070,House Of Salads Andes - Turbo,Andes,1.58,3000.0,3000.0
22/6/2026,Cartagena,Burritos & Co - Turbo,CO900481037,Burritos & Co - Cartagena - Turbo,Cartagena,1.58,2700.0,2400.0
22/6/2026,Bogotá,Sanduches el Jefe - Turbo,CO900419501,Sandwich el Jefe Villa Del Prado - Turbo Carrera 55  243,Villa del Prado,1.57,2700.0,2400.0
22/6/2026,Bogotá,Monteverde - Turbo,CO900450779,Monteverde Chapinero - Turbo,Chapinero,1.57,2700.0,2700.0
22/6/2026,Medellín,la Cuadra Desayunos Caseros - Turbo,CO900467500,La Cuadra Desayunos Caseros Manila - Turbo,Manila,1.57,3000.0,3000.0
22/6/2026,Cali,The Breakfast Club - Turbo,CO900475209,The Breakfast Club Ingenio - Turbo,Ingenio,1.55,2400.0,2700.0
22/6/2026,Bogotá,Alba Vegetarian - Turbo,CO900476064,Alba Vegetarian Villa Del Prado - Turbo,Villa del Prado,1.54,2700.0,2400.0
22/6/2026,Cali,Señor Burrito. - Turbo,CO900467419,Señor Burrito San Fernando - Turbo,San Fernando,1.54,2700.0,2400.0
22/6/2026,Medellín,The Breakfast Club - Turbo,CO900475214,The Breakfast Club Laurele - Turbo,Laureles,1.54,2700.0,2700.0
22/6/2026,Bucaramanga,Green House Fd - Turbo,CO900438445,Green House Bucaramanga - Turbo,Cabecera (Bga),1.53,2700.0,2700.0
22/6/2026,Barranquilla,La Cuadra - Turbo,CO900416197,La Cuadra Barranquilla Norte - Turbo,Barranquilla,1.52,2700.0,2700.0
22/6/2026,Bucaramanga,Mañanero Diario - Turbo,CO900443504,Mañanero diario Bucaramanga - Turbo,Cabecera (Bga),1.52,3000.0,3000.0
22/6/2026,Cali,La Cuadra - Turbo,CO900416200,La Cuadra Cali - San Fernando - Turbo,San Fernando,1.52,3000.0,2700.0
22/6/2026,Cali,Almuerzos D´la Casa - Turbo,CO900471211,Almuerzos D´la Casa - San Fernando - Turbo,San Fernando,1.52,3000.0,2700.0
22/6/2026,Bogotá,Foodology Court - Turbo,CO900471303,Foodology Andes - Turbo,Andes,1.51,2400.0,3000.0
22/6/2026,Bucaramanga,House Of Salads - Turbo,CO900476073,House Of Salads Cabecera - Turbo,Cabecera (Bga),1.51,3000.0,2700.0
22/6/2026,Bucaramanga,Avocalia Turbo,CO900427112,Avocalia Bucaramanga - Turbo,Cabecera (Bga),1.51,3000.0,3000.0
22/6/2026,Cali,Honest Food Fdl - Turbo,CO900475461,Honest Food Ingenio - Turbo,Ingenio,1.51,2400.0,2400.0
22/6/2026,Cali,Vicio - Turbo,CO900407402,Vicio Santa Mónica (Cali Norte) - Turbo,Santa Mónica,1.49,3000.0,2700.0
22/6/2026,Medellín,Selvatiko. - Turbo,CO900475117,Selvatiko. Manila - Turbo,Manila,1.49,3000.0,3000.0
22/6/2026,Medellín,Brunch & Munch - Turbo,CO900405253,Brunch & Munch Laureles - Turbo,Laureles,1.49,2700.0,2700.0
22/6/2026,Cali,Cacerola - Turbo,CO900416209,Cacerola Cali - San Fernando - Turbo,San Fernando,1.48,2400.0,3000.0
22/6/2026,Bogotá,Avocalia Turbo,CO900410780,Avocalia Chicó - Turbo,Chicó,1.47,3000.0,3000.0
22/6/2026,Medellín,Desayunos de la Abuela - Turbo,CO900446317,Desayunos de la Abuela Laureles - Turbo,Laureles,1.47,2700.0,2700.0
22/6/2026,Cartagena,Pret Sandwich Bistro - Turbo,CO900481996,Pret Sandwich Bistro Cartagena - Turbo,Cartagena,1.45,2400.0,3000.0
22/6/2026,Bogotá,Cinnabon - Turbo,CO900476080,Cinnabon Colina - Turbo,Colina,1.44,2400.0,2400.0
22/6/2026,Bogotá,Monteverde - Turbo,CO900450773,Monteverde Villa Del Prado - Turbo,Villa del Prado,1.43,2700.0,2700.0
22/6/2026,Bogotá,Casa Arabe - Turbo,CO900477856,Casa Árabe Usaquen - Turbo,Usaquén,1.39,3000.0,3000.0
22/6/2026,Medellín,Green House Fd - Turbo,CO900438443,Green House Laureles - Turbo,Laureles,1.39,2700.0,2700.0
22/6/2026,Cali,Alba Vegetarian - Turbo,CO900472649,Alba Vegetarian - Ingenio - Turbo,Ingenio,1.37,2400.0,2400.0
22/6/2026,Bogotá,Frost By Oreo - Turbo,CO900419498,Frost By Oreo Chico - Turbo,Chicó,1.35,3000.0,3000.0
22/6/2026,Barranquilla,Burritos & Co - Turbo,CO900410570,Burritos & Co Barranquilla - Turbo,Barranquilla,1.33,2700.0,2700.0
22/6/2026,Bogotá,Dembow - Turbo,CO900473656,Dembow - Usaquen - Turbo,Usaquén,1.33,2700.0,3000.0
22/6/2026,Bogotá,Helados San Jerónimo - Turbo,CO900420291,Heladería San Jerónimo Kennedy - Turbo,Kennedy,1.33,3000.0,3000.0
22/6/2026,Cali,Burrito Cantina - Turbo,CO900467382,Burrito Cantina Santa Mónica (Cali Norte) - Turbo,Santa Mónica,1.33,3000.0,3000.0
22/6/2026,Bogotá,Dembow - Turbo,CO900473651,Dembow - Villa Del Prado - Turbo,Villa del Prado,1.32,2700.0,2400.0
22/6/2026,Bogotá,Desayuno Mi Tierrita - Turbo,CO900465158,Desayuno Mi Tierrita Usaquén - Turbo,Usaquén,1.32,2400.0,3000.0
22/6/2026,Medellín,Burrito Cantina - Turbo,CO900467385,Burrito Cantina Laureles - Turbo,Laureles,1.32,3000.0,2700.0
22/6/2026,Cali,Burrito Cantina - Turbo,CO900473552,Burrito Cantina Ingenio - Turbo,Ingenio,1.31,2400.0,2400.0
22/6/2026,Medellín,Avocalia Turbo,CO900405766,Avocalia Laureles - Turbo,Laureles,1.29,2700.0,2700.0
22/6/2026,Bogotá,Selvatiko. - Turbo,CO900475121,Selvatiko. Andes - Turbo,Andes,1.28,2700.0,2400.0
22/6/2026,Bucaramanga,Monteverde - Turbo,CO900450765,Monteverde Cabecera - Turbo,Cabecera (Bga),1.26,3000.0,3000.0
22/6/2026,Medellín,Almuerzos D´la Casa - Turbo,CO900471213,Almuerzos D´la Casa - Manila - Turbo,Manila,1.26,3000.0,3000.0
22/6/2026,Medellín,Burritos & Co - Turbo,CO900410568,Burritos And Co Laureles - Turbo,Laureles,1.26,2700.0,2700.0
22/6/2026,Cali,Acpm Corrientazo - Turbo,CO900467504,Acpm Corrientazo San Fernando - Turbo,San Fernando,1.25,3000.0,3000.0
22/6/2026,Medellín,Desayuno Mi Tierrita - Turbo,CO900465160,Desayuno Mi Tierrita Manila - Turbo,Manila,1.25,3000.0,3000.0
22/6/2026,Medellín,Bottaniko - Turbo,CO900443512,Bottaniko Manila - Medellin - Turbo,Manila,1.24,3000.0,3000.0
22/6/2026,Bogotá,Brunch & Munch - Turbo,CO900409674,Brunch & Munch Usaquen - Turbo,Usaquén,1.23,3000.0,3000.0
22/6/2026,Medellín,Acpm Corrientazo - Turbo,CO900467512,Acpm Corrientazo Manila - Turbo,Manila,1.22,3000.0,3000.0
22/6/2026,Cali,Desayunos de la Abuela - Turbo,CO900472679,Desayunos de la Abuela Ingenio - Turbo,Ingenio,1.21,2400.0,2700.0
22/6/2026,Bogotá,Burritos & Co - Turbo,CO900426540,Burritos & Co Andes - Turbo,Andes,1.19,2700.0,2700.0
22/6/2026,Bogotá,la Cuadra Desayunos Caseros - Turbo,CO900464912,La Cuadra Desayunos Caseros Chapinero - Turbo,Chapinero,1.19,2400.0,2400.0
22/6/2026,Bogotá,Desayuno Mi Tierrita - Turbo,CO900465166,Desayuno Mi Tierrita - Colina - Turbo,Colina,1.18,2400.0,2400.0
22/6/2026,Cali,Burrito Cantina - Turbo,CO900467383,Burrito Cantina San Fernando - Turbo,San Fernando,1.18,3000.0,3000.0
22/6/2026,Cartagena,Monteverde - Turbo,CO900482005,Monteverde Cartagena - Turbo,Cartagena,1.16,2700.0,2700.0
22/6/2026,Bogotá,Avocalia Turbo,CO900473671,Avocalia Andes Mp - Turbo,Andes,1.15,2700.0,2700.0
22/6/2026,Cali,Brunch & Munch - Turbo,CO900472747,Brunch & Munch - Ingenio - Turbo,Ingenio,1.14,2400.0,2100.0
22/6/2026,Medellín,The Breakfast Club - Turbo,CO900475283,The Breakfast Club Manila - Turbo,Manila,1.14,3000.0,3000.0
22/6/2026,Medellín,Dembow - Turbo,CO900473644,Dembow - Manila - Turbo,Manila,1.14,3000.0,3000.0
22/6/2026,Bogotá,Helados San Jerónimo - Turbo,CO900414572,Heladería San Jerónimo Villa Del Prado - Turbo,Villa del Prado,1.13,3000.0,2700.0
22/6/2026,Bogotá,Mr Beast Burger - Turbo,CO900409679,Mr Beast Usaquén - Turbo,Usaquén,1.13,3000.0,3000.0
22/6/2026,Bogotá,Señor Burrito. - Turbo,CO900467418,Señor Burrito 93 - Turbo,Parque 93 / Castellana,1.13,2400.0,2700.0
22/6/2026,Medellín,Monteverde - Turbo,CO900450764,Monteverde Laureles - Turbo Calle 32F,Laureles,1.13,2700.0,2700.0
22/6/2026,Bogotá,Bottaniko - Turbo,CO900443508,Bottaniko - Cll 93 - Turbo,Parque 93 / Castellana,0.99,2400.0,2400.0
22/6/2026,Bucaramanga,Foodology Court - Turbo,CO900465153,Foodology Cabecera - Turbo,Cabecera (Bga),0.99,3000.0,3000.0
22/6/2026,Medellín,Desayunos de la Abuela - Turbo,CO900446309,Desayunos de la Abuela Manila - Turbo,Manila,0.99,3000.0,3000.0
22/6/2026,Bogotá,Acpm Corrientazo - Turbo,CO900467513,Acpm Corrientazo Colina - Turbo,Colina,0.97,2400.0,3000.0
22/6/2026,Bogotá,Helados San Jerónimo - Turbo,CO900488984,Helados San Jerónimo Arrecife - Turbo,Arrecife,0.96,3000.0,2700.0
22/6/2026,Cali,Alba Vegetarian - Turbo,CO900443011,Alba Vegetarian - Santa Monica - Turbo,Santa Mónica,0.95,2700.0,3000.0
22/6/2026,Cali,Bottaniko - Turbo,CO900472880,Bottaniko - Ingenio - Turbo,Ingenio,0.95,2400.0,2400.0
22/6/2026,Bogotá,Vicio - Turbo,CO900405129,Vicio Villa Del Prado - Turbo,Villa del Prado,0.93,3000.0,3000.0
22/6/2026,Medellín,Mañanero Diario - Turbo,CO900443495,Mañanero diario Manila - Turbo,Manila,0.93,3000.0,3000.0
22/6/2026,Barranquilla,Vicio - Turbo,CO900410120,Vicio Barranquilla Norte - Turbo,Barranquilla,0.92,3000.0,3000.0
22/6/2026,Bogotá,Doritos Locos By Dorito - Turbo,CO900488774,Doritosclocos By Doritos Arrecife - Turbo,Arrecife,0.92,3000.0,2700.0
22/6/2026,Bogotá,Local Cocina Consciente - Turbo,CO900477104,Local - Cocina Consciente Chapinero - Turbo,Chapinero,0.9,2400.0,2400.0
22/6/2026,Cali,Dembow - Turbo,CO900473646,Dembow - Santa Mónica - Turbo,Santa Mónica,0.9,2400.0,2400.0
22/6/2026,Bucaramanga,Acpm Corrientazo - Turbo,CO900467507,Acpm Corrientazo Bucaramanga - Turbo,Cabecera (Bga),0.89,3000.0,2700.0
22/6/2026,Bogotá,Alba Vegetarian - Turbo,CO900475221,Alba Vegetarian - Andes - Turbo,Andes,0.88,2700.0,2700.0
22/6/2026,Bucaramanga,Burrito Cantina - Turbo,CO900467384,Burrito Cantina Bucaramanga - Turbo,Cabecera (Bga),0.88,3000.0,3000.0
22/6/2026,Cartagena,House Of Salads - Turbo,CO900481978,House Of Salads Cartagena - Turbo,Cartagena,0.88,2700.0,2700.0
22/6/2026,Medellín,La Cuadra - Turbo,CO900416201,La Cuadra Manila - Medellin - Turbo,Manila,0.87,3000.0,3000.0
22/6/2026,Bogotá,Cacerola - Turbo,CO900416213,Cacerola Usaquen - Turbo,Usaquén,0.86,2700.0,3000.0
22/6/2026,Bucaramanga,Almuerzos D´la Casa - Turbo,CO900471204,Almuerzos D´la Casa - Cabecera - Turbo,Cabecera (Bga),0.86,2700.0,2400.0
22/6/2026,Bucaramanga,Señor Burrito. - Turbo,CO900467424,Señor Burrito Cabecera - Turbo,Cabecera (Bga),0.86,3000.0,2700.0
22/6/2026,Medellín,Burritos & Co - Turbo,CO900410576,Burritos & Co Manila - Medellin - Turbo,Manila,0.86,3000.0,3000.0
22/6/2026,Bogotá,la Cuadra Desayunos Caseros - Turbo,CO900467493,La Cuadra Desayunos Caseros Usaquen - Turbo,Usaquén,0.85,3000.0,3000.0
22/6/2026,Medellín,Monteverde - Turbo,CO900450776,Monteverde Manila - Turbo,Manila,0.84,3000.0,3000.0
22/6/2026,Barranquilla,Acpm Corrientazo - Turbo,CO900467508,Acpm Corrientazo Barranquilla Norte - Turbo,Barranquilla,0.83,3000.0,3000.0
22/6/2026,Bucaramanga,Cacerola - Turbo,CO900473672,Cacerola - Cabecera - Turbo,Cabecera (Bga),0.83,2400.0,2100.0
22/6/2026,Cali,Casa Arabe - Turbo,CO900477846,Casa Árabe Ingenio - Turbo,Ingenio,0.83,2400.0,2700.0
22/6/2026,Medellín,Almuerzos D´la Casa - Turbo,CO900471207,Almuerzos D´la Casa - Laureles - Turbo,Laureles,0.83,3000.0,3000.0
22/6/2026,Bogotá,Numa Cocina Mediterranea - Turbo,CO900463760,Cocina Mediterranea Usaquen - Turbo,Usaquén,0.81,2400.0,3000.0
22/6/2026,Bogotá,Sanduches el Jefe - Turbo,CO900419505,Sandwich el Jefe Usaquen - Turbo Calle 120A #3A11 236,Usaquén,0.8,2700.0,2700.0
22/6/2026,Bogotá,Doritos Locos By Dorito - Turbo,CO900473563,Doritos Locos By Dorito Andes - Turbo,Andes,0.8,3000.0,3000.0
22/6/2026,Cartagena,Foodology Court - Turbo,CO900481814,Foodology Cartagena - Turbo,Cartagena,0.8,2400.0,2400.0
22/6/2026,Medellín,Honest Food Fdl - Turbo,CO900472143,Honest Food Manila - Turbo,Manila,0.8,3000.0,3000.0
22/6/2026,Medellín,Señor Burrito. - Turbo,CO900467427,Señor Burrito Manila - Turbo,Manila,0.8,3000.0,3000.0
22/6/2026,Medellín,House Of Salads - Turbo,CO900445683,House Of Salad Manila - Turbo,Manila,0.79,3000.0,3000.0
22/6/2026,Barranquilla,Burrito Cantina - Turbo,CO900467386,Burrito Cantina Barranquilla Norte - Turbo,Barranquilla,0.78,3000.0,2700.0
22/6/2026,Bogotá,Desayuno Mi Tierrita - Turbo,CO900470919,Desayunos Mi Tierrita - Kennedy - Turbo,Kennedy,0.78,2400.0,2100.0
22/6/2026,Medellín,Cacerola - Turbo,CO900416206,Cacerola Manila - Medellin - Turbo,Manila,0.78,3000.0,3000.0
22/6/2026,Bogotá,Mañanero Diario - Turbo,CO900443496,Mañanero Diario Usaquén - Turbo,Usaquén,0.77,3000.0,3000.0
22/6/2026,Bogotá,Frost By Oreo - Turbo,CO900420277,Frost By Oreo Kennedy - Turbo,Kennedy,0.77,3000.0,2700.0
22/6/2026,Bogotá,Señor Burrito. - Turbo,CO900467422,Señor Burrito Colina - Turbo,Colina,0.75,3000.0,2700.0
22/6/2026,Medellín,Alba Vegetarian - Turbo,CO900443014,Alba Vegetarian - Manila - Turbo,Manila,0.75,3000.0,3000.0
22/6/2026,Bogotá,Pret Sandwich Bistro - Turbo,CO900416175,Pret Sándwich Bistro Usaquen - Turbo,Usaquén,0.72,3000.0,3000.0
22/6/2026,Bogotá,La Cuadra - Turbo,CO900416194,La Cuadra - Usaquén - Turbo,Usaquén,0.72,2700.0,3000.0
22/6/2026,Bogotá,Dembow - Turbo,CO900473653,Dembow - Kennedy - Turbo,Kennedy,0.72,3000.0,3000.0
22/6/2026,Bogotá,Vicio - Turbo,CO900400179,Vicio Usaquén - Turbo,Usaquén,0.68,3000.0,3000.0
22/6/2026,Bucaramanga,Helados San Jerónimo - Turbo,CO900426594,Heladería San Jerónimo Bucaramanga - Turbo,Cabecera (Bga),0.68,3000.0,3000.0
22/6/2026,Medellín,Avocalia Turbo,CO900405545,Avocalia - Manila - Turbo,Manila,0.68,3000.0,3000.0
22/6/2026,Bogotá,Selvatiko. - Turbo,CO900475113,Selvatiko. Kennedy - Turbo,Kennedy,0.67,2700.0,3000.0
22/6/2026,Bogotá,Vicio - Turbo,CO900420288,Vicio Kennedy - Turbo,Kennedy,0.65,3000.0,2700.0
22/6/2026,Bogotá,Helados San Jerónimo - Turbo,CO900400750,Heladería San Jerónimo Castellana - Turbo Calle 93  247,Parque 93 / Castellana,0.64,3000.0,2700.0
22/6/2026,Bucaramanga,la Cuadra Desayunos Caseros - Turbo,CO900470910,La Cuadra Desayunos Caseros Cabecera - Turbo,Cabecera (Bga),0.64,3000.0,3000.0
22/6/2026,Bogotá,Green House Fd - Turbo,CO900438448,Green House Usaquen - Turbo,Usaquén,0.63,3000.0,3000.0
22/6/2026,Medellín,Mañanero Diario - Turbo,CO900443494,Mañanero diario Laureles - Turbo,Laureles,0.63,3000.0,3000.0
22/6/2026,Bogotá,Frost By Oreo - Turbo,CO900420276,Frost by Oreo Colina - Turbo,Colina,0.62,3000.0,3000.0
22/6/2026,Bogotá,Almuerzos D´la Casa - Turbo,CO900464931,Almuerzos D´la Casa - Usaquen - Turbo,Usaquén,0.61,3000.0,3000.0
22/6/2026,Bogotá,Burritos & Co - Turbo,CO900410575,Burritos & Co Usaquen - Turbo,Usaquén,0.61,3000.0,3000.0
22/6/2026,Bogotá,Selvatiko. - Turbo,CO900475124,Selvatiko. Colina - Turbo,Colina,0.6,3000.0,3000.0
22/6/2026,Medellín,Bottaniko - Turbo,CO900443506,Bottaniko Laureles - Turbo,Laureles,0.59,2700.0,3000.0
22/6/2026,Bogotá,Doritos Locos By Dorito - Turbo,CO900472102,Doritos Locos By Dorito Usaquen - Turbo,Usaquén,0.58,3000.0,2700.0
22/6/2026,Bogotá,Avocalia Turbo,CO900401243,Avocalia Usaquén - Turbo,Usaquén,0.58,3000.0,3000.0
22/6/2026,Cartagena,Vicio - Turbo,CO900482006,Vicio Cartagena - Turbo,Cartagena,0.58,3000.0,3000.0
22/6/2026,Medellín,Acpm Corrientazo - Turbo,CO900467505,Acpm Corrientazo Laureles - Turbo,Laureles,0.57,2700.0,2400.0
22/6/2026,Bogotá,Ñamgucheria Sandwiches - Turbo,CO900439226,Ñamguchería Usaquen - Turbo,Usaquén,0.56,3000.0,3000.0
22/6/2026,Bucaramanga,Frost By Oreo - Turbo,CO900426531,Frost by Oreo Bucaramanga - Turbo,Cabecera (Bga),0.55,3000.0,3000.0
22/6/2026,Barranquilla,Frost By Oreo - Turbo,CO900410135,Frost By Oreo Barranquilla Norte - Turbo,Barranquilla,0.54,3000.0,3000.0
22/6/2026,Medellín,Dembow - Turbo,CO900473643,Dembow - Laureles - Turbo,Laureles,0.54,2700.0,3000.0
22/6/2026,Bogotá,Acpm Corrientazo - Turbo,CO900467510,Acpm Corrientazo Villa Del Prado - Turbo,Villa del Prado,0.53,2400.0,3000.0
22/6/2026,Cartagena,Bottaniko - Turbo,CO900480013,Bottaniko - Cartagena - Turbo,Cartagena,0.53,2400.0,2400.0
22/6/2026,Bogotá,Frost By Oreo - Turbo,CO900409684,Frost By Oreo Chapinero - Turbo,Chapinero,0.52,2700.0,2400.0
22/6/2026,Bogotá,Acpm Corrientazo - Turbo,CO900470916,Acpm Corrientazo Andes - Turbo,Andes,0.51,2700.0,2700.0
22/6/2026,Bogotá,Doritos Locos By Dorito - Turbo,CO900472107,Doritos Locos By Dorito Calle 93 - Turbo,Parque 93 / Castellana,0.51,2700.0,2400.0
22/6/2026,Bucaramanga,Alba Vegetarian - Turbo,CO900443010,Alba Vegetarian - Cabecera - Turbo,Cabecera (Bga),0.51,3000.0,2700.0
22/6/2026,Cali,Pret Sandwich Bistro - Turbo,CO900472664,Pret Sandwich Bistro Ingenio - Turbo,Ingenio,0.51,2400.0,2100.0
22/6/2026,Bogotá,Burrito Cantina - Turbo,CO900467378,Burrito Cantina Colina - Turbo,Colina,0.5,2400.0,2100.0
22/6/2026,Medellín,Cinnabon - Turbo,CO900405125,Cinnabon Manila - Turbo,Manila,0.5,3000.0,3000.0
22/6/2026,Barranquilla,Helados San Jerónimo - Turbo,CO900410462,Heladería San Jerónimo Barranquilla Norte - Turbo,Barranquilla,0.49,3000.0,3000.0
22/6/2026,Bogotá,Monteverde - Turbo,CO900450766,Monteverde Usaquen - Turbo,Usaquén,0.49,3000.0,3000.0
22/6/2026,Bogotá,Alba Vegetarian - Turbo,CO900443012,Alba Vegetarian - Usaquen - Turbo,Usaquén,0.48,2700.0,3000.0
22/6/2026,Bogotá,House Of Salads - Turbo,CO900445678,House Of Salad Usaquen - Turbo,Usaquén,0.48,2700.0,3000.0
22/6/2026,Bogotá,Frost By Oreo - Turbo,CO900405219,Frost By Oreo Villa Del Prado - Turbo,Villa del Prado,0.47,3000.0,2700.0
22/6/2026,Bogotá,Señor Burrito. - Turbo,CO900467416,Señor Burrito Usaquen - Turbo,Usaquén,0.47,3000.0,3000.0
22/6/2026,Bogotá,House Of Salads - Turbo,CO900476071,House Of Salads Kennedy - Turbo,Kennedy,0.47,2400.0,2100.0
22/6/2026,Medellín,Foodology Court - Turbo,CO900465147,Foodology Manila - Turbo Cra. 42 #10-65,Manila,0.47,3000.0,3000.0
22/6/2026,Bogotá,Cinnabon - Turbo,CO900402238,Cinnabon Usaquén - Turbo,Usaquén,0.46,3000.0,3000.0
22/6/2026,Bogotá,Selvatiko. - Turbo,CO900476479,Selvatiko Chico - Turbo,Chicó,0.46,3000.0,3000.0
22/6/2026,Bogotá,Vicio - Turbo,CO900420289,Vicio Colina - Turbo,Colina,0.45,3000.0,2700.0
22/6/2026,Bogotá,Frost By Oreo - Turbo,CO900426530,Frost by Oreo Andes - Turbo,Andes,0.45,3000.0,3000.0
22/6/2026,Cali,la Cuadra Desayunos Caseros - Turbo,CO900473694,la Cuadra Desayunos Caceros - Ingenio - Turbo,Ingenio,0.45,2400.0,2700.0
22/6/2026,Bogotá,Honest Food Fdl - Turbo,CO900472136,Honest Food Usaquen - Turbo,Usaquén,0.44,3000.0,3000.0
22/6/2026,Cali,Frost By Oreo - Turbo,CO900405217,Frost By Oreo San Fernando - Turbo,San Fernando,0.43,2700.0,3000.0
22/6/2026,Medellín,Vicio - Turbo,CO900396759,Vicio Laureles - Turbo,Laureles,0.43,3000.0,3000.0
22/6/2026,Bogotá,Foodology Court - Turbo,CO900465151,Foodology Usaquen - Turbo Cl. 120a #3,Usaquén,0.42,3000.0,3000.0
22/6/2026,Bogotá,Almuerzos D´la Casa - Turbo,CO900473543,Almuerzos D´la Casa - Andes - Turbo,Andes,0.41,2700.0,2700.0
22/6/2026,Medellín,Frost By Oreo - Turbo,CO900396768,Frost By Oreo Laureles - Turbo,Laureles,0.41,3000.0,3000.0
22/6/2026,Bogotá,Burrito Cantina - Turbo,CO900465172,Burrito Cantina Cl 109 - Turbo,Calle 109,0.4,2400.0,2400.0
22/6/2026,Cali,Señor Burrito. - Turbo,CO900473587,Señor Burrito - Ingenio - Turbo,Ingenio,0.4,2400.0,2100.0
22/6/2026,Bogotá,Burrito Cantina - Turbo,CO900467381,Burrito Cantina Usaquén - Turbo,Usaquén,0.33,3000.0,2700.0
22/6/2026,Bogotá,Helados San Jerónimo - Turbo,CO900409698,Heladería San Jerónimo Chapinero - Turbo,Chapinero,0.33,3000.0,3000.0
22/6/2026,Cartagena,Helados San Jerónimo - Turbo,CO900481999,Heladería San Jerónimo Cartagena - Turbo,Cartagena,0.33,3000.0,3000.0
22/6/2026,Bogotá,Desayunos de la Abuela - Turbo,CO900446319,Desayunos de la Abuela Usaquen - Turbo,Usaquén,0.32,2400.0,2100.0
22/6/2026,Bogotá,Helados San Jerónimo - Turbo,CO900420290,San Jeronomio - Colina - Turbo,Colina,0.32,3000.0,3000.0
22/6/2026,Bogotá,Helados San Jerónimo - Turbo,CO900426595,Heladería San Jerónimo Andes - Turbo,Andes,0.31,3000.0,2700.0
22/6/2026,Medellín,Helados San Jerónimo - Turbo,CO900405135,Heladería San Jerónimo Laureles - Turbo,Laureles,0.31,3000.0,3000.0
22/6/2026,Cali,Helados San Jerónimo - Turbo,CO900407396,Heladería San Jerónimo Santa Mónica (Cali Norte) - Turbo,Santa Mónica,0.29,2400.0,3000.0
22/6/2026,Bogotá,Acpm Corrientazo - Turbo,CO900467506,Acpm Corrientazo Usaquén - Turbo,Usaquén,0.28,3000.0,3000.0
22/6/2026,Bogotá,Helados San Jerónimo - Turbo,CO900400749,San Jeronimo - Usaquén - Turbo,Usaquén,0.27,3000.0,3000.0
22/6/2026,Bogotá,Frost By Oreo - Turbo,CO900400262,Frost By Oreo Castellana - Turbo,Parque 93 / Castellana,0.24,2700.0,2700.0
22/6/2026,Bogotá,Mañanero Diario - Turbo,CO900476020,Mañanero Diario Chico - Turbo,Chicó,0.23,3000.0,3000.0
22/6/2026,Bogotá,la Cuadra Desayunos Caseros - Turbo,CO900470908,La Cuadra Desayunos Caseros Kennedy - Turbo,Kennedy,0.23,2400.0,2700.0
22/6/2026,Cali,Frost By Oreo - Turbo,CO900475353,Frost By Oreo Ingenio - Turbo,Ingenio,0.22,2400.0,3000.0
22/6/2026,Medellín,Vicio - Turbo,CO900405130,Vicio Manila - Turbo,Manila,0.22,3000.0,3000.0
22/6/2026,Bogotá,Bottaniko - Turbo,CO900443510,Bottaniko Usaquen - Turbo,Usaquén,0.2,2400.0,2700.0
22/6/2026,Bogotá,Cacerola - Turbo,CO900416214,Cacerola Castellana - Turbo,Parque 93 / Castellana,0.18,2400.0,2400.0
22/6/2026,Medellín,Frost By Oreo - Turbo,CO900405218,Frost By Oreo Manila - Turbo,Manila,0.15,3000.0,3000.0
22/6/2026,Medellín,Helados San Jerónimo - Turbo,CO900405137,Heladería San Jerónimo Manila - Turbo,Manila,0.11,3000.0,3000.0
22/6/2026,Bogotá,Frost By Oreo - Turbo,CO900400261,Frost By Oreo Usaquén - Turbo,Usaquén,0.09,3000.0,3000.0
22/6/2026,Bogotá,Desayuno Mi Tierrita - Turbo,CO900464390,Desayuno Mi Tierrita Cl 109 - Turbo,Calle 109,8.0,2400.0,2100.0
22/6/2026,Cali,Brunch & Munch - Turbo,CO900407412,Brunch And Munch Santa Monica - Cali - Turbo,Santa Mónica,6.0,2400.0,2100.0
22/6/2026,Cali,Mr Beast Burger - Turbo,CO900407413,Mr Beast Santa Mónica (Cali Norte) - Turbo,Santa Mónica,6.0,2400.0,2100.0
22/6/2026,Bogotá,Mr Beast Burger - Turbo,CO900477182,Mr Beast Chico - Turbo,Chicó,6.0,2400.0,2100.0
22/6/2026,Bucaramanga,Selvatiko. - Turbo,CO900475119,Selvatiko. Cabecera - Turbo,Cabecera (Bga),6.0,3000.0,2700.0
22/6/2026,Bogotá,Burritos & Co - Turbo,CO900476014,Burritos & Co Chico - Turbo,Chicó,6.0,2700.0,2400.0
22/6/2026,Cali,Desayuno Mi Tierrita - Turbo,CO900465165,Desayuno Mi Tierrita Santa Monica Cali - Turbo,Santa Mónica,5.0,2400.0,2100.0
22/6/2026,Bogotá,Ñamgucheria Sandwiches - Turbo,CO900463788,Ñamgucheria Cl 109 - Turbo,Calle 109,5.0,2400.0,2400.0
22/6/2026,Cali,Honest Food Fdl - Turbo,CO900472144,Honest Food Santa Monica - Turbo,Santa Mónica,4.0,2400.0,2400.0
22/6/2026,Bogotá,Ñamgucheria Sandwiches - Turbo,CO900439228,Ñamguchería Colina - Turbo,Colina,4.0,2400.0,2400.0
22/6/2026,Bogotá,Mr Beast Burger - Turbo,CO900475371,Mr Beast Cl 109 - Turbo,Calle 109,4.0,2400.0,2400.0
22/6/2026,Cali,Sanduches el Jefe - Turbo,CO900419504,Sandwich el Jefe Santa Monica - Turbo Poke Cali 2639,Santa Mónica,4.0,2400.0,2700.0
22/6/2026,Bogotá,Selvatiko. - Turbo,CO900475118,Selvatiko. Villa del prado - Turbo,Villa del Prado,4.0,3000.0,2700.0
22/6/2026,Cali,The Breakfast Club - Turbo,CO900475288,The Breakfast Club San Fernando - Turbo,San Fernando,4.0,2400.0,2400.0
22/6/2026,Bogotá,Green House Fd - Turbo,CO900463819,Green House Cl 109 - Turbo,Calle 109,4.0,2400.0,2400.0
22/6/2026,Bogotá,Numa Cocina Mediterranea - Turbo,CO900463747,Numa Cocina Mediterranea Chapinero - Turbo,Chapinero,4.0,2400.0,2400.0
22/6/2026,Cali,Dembow - Turbo,CO900473655,Dembow - San Fernando - Turbo,San Fernando,4.0,2700.0,2700.0
22/6/2026,Cali,Numa Cocina Mediterranea - Turbo,CO900476060,Cocina Mediterranea Ingenio - Turbo,Ingenio,3.0,2400.0,2700.0
22/6/2026,Bogotá,The Breakfast Club - Turbo,CO900463743,The Breakfast Club Cl 109 - Turbo,Calle 109,3.0,2400.0,2400.0
22/6/2026,Bogotá,Honest Food Fdl - Turbo,CO900472133,Honest Food Villa Del Prado - Turbo,Villa del Prado,3.0,2400.0,2400.0
22/6/2026,Barranquilla,Mr Beast Burger - Turbo,CO900405269,Mr Beast Barranquilla Norte - Turbo Urgencias Eps Sanitas 284,Barranquilla,3.0,2400.0,2400.0
22/6/2026,Bogotá,Local Cocina Consciente - Turbo,CO900477107,Local - Cocina Consciente Calle 93 - Turbo,Parque 93 / Castellana,3.0,3000.0,2700.0
22/6/2026,Cartagena,Ñamgucheria Sandwiches - Turbo,CO900481992,Ñamguchería Cartagena - Turbo,Cartagena,3.0,2700.0,2700.0
22/6/2026,Bogotá,Dembow - Turbo,CO900473650,Dembow - Andes - Turbo,Andes,3.0,3000.0,3000.0
22/6/2026,Bogotá,Ñamgucheria Sandwiches - Turbo,CO900439229,Ñamguchería Castellana - Turbo,Parque 93 / Castellana,3.0,2400.0,2400.0
22/6/2026,Bogotá,Bottaniko - Turbo,CO900443511,Bottaniko - Villa del Prado - Turbo,Villa del Prado,3.0,2700.0,2400.0
22/6/2026,Bogotá,Desayunos de la Abuela - Turbo,CO900488283,Desayunos de la Abuela Arrecife - Turbo,Arrecife,3.0,3000.0,2700.0
22/6/2026,Bogotá,Ñamgucheria Sandwiches - Turbo,CO900488970,Ñamgucheria Arrecife - Turbo,Arrecife,3.0,3000.0,2700.0
22/6/2026,Bogotá,Mr Beast Burger - Turbo,CO900420302,Mr Beast Colina - Turbo,Colina,3.0,2400.0,2400.0
22/6/2026,Bogotá,Cinnabon - Turbo,CO900415448,Cinnabon Chicó - Turbo,Chicó,3.0,2700.0,2700.0
22/6/2026,Bogotá,Sanduches el Jefe - Turbo,CO900420512,Sandwich el Jefe Colina - Turbo,Colina,3.0,2400.0,2400.0
22/6/2026,Bogotá,Mr Beast Burger - Turbo,CO900409678,Mr Beast Chapinero - Turbo,Chapinero,3.0,2400.0,2400.0
22/6/2026,Cali,House Of Salads - Turbo,CO900445671,House Of Salad San Fernando - Turbo,San Fernando,3.0,3000.0,2700.0
22/6/2026,Barranquilla,Green House Fd - Turbo,CO900438451,Green House Barranquilla - Turbo,Barranquilla,2.0,2700.0,2700.0
22/6/2026,Bogotá,Pret Sandwich Bistro - Turbo,CO900416549,Pret Sandwich Bistro 93 - Turbo,Parque 93 / Castellana,2.0,3000.0,2700.0
22/6/2026,Cali,Green House Fd - Turbo,CO900438444,Green House San Fernando - Turbo,San Fernando,2.0,2400.0,2700.0
22/6/2026,Cali,Casa Arabe - Turbo,CO900477855,Casa Árabe San Fernando - Turbo,San Fernando,2.0,2400.0,2400.0
22/6/2026,Bogotá,Alba Vegetarian - Turbo,CO900475346,Alba Vegetarian Chico - Turbo,Chicó,2.0,3000.0,3000.0
22/6/2026,Bogotá,Cinnabon - Turbo,CO900463784,Cinnabon Cl 109 - Turbo,Calle 109,2.0,3000.0,3000.0
22/6/2026,Bogotá,Monteverde - Turbo,CO900463719,Monteverde Cl 109 - Turbo,Calle 109,2.0,3000.0,3000.0
22/6/2026,Bogotá,Señor Burrito. - Turbo,CO900488996,Señor Burrito Arrecife - Turbo,Arrecife,2.0,3000.0,2700.0
22/6/2026,Bogotá,Desayunos de la Abuela - Turbo,CO900473561,Desayunos de la Abuela Andes - Turbo,Andes,2.0,2400.0,2400.0
22/6/2026,Bogotá,Cacerola - Turbo,CO900416212,Cacerola Chapinero - Turbo,Chapinero,2.0,2400.0,2100.0
22/6/2026,Cali,Mañanero Diario - Turbo,CO900443498,Mañanero Diario Santa Mónica (Cali Norte) - Turbo,Santa Mónica,2.0,3000.0,3000.0
22/6/2026,Cali,Frost By Oreo - Turbo,CO900407399,Frost By Oreo Santa Mónica (Cali Norte) - Turbo,Santa Mónica,2.0,3000.0,2700.0
22/6/2026,Bogotá,Avocalia Turbo,CO900464312,Avocalia Cl 109 - Turbo,Calle 109,2.0,3000.0,3000.0
22/6/2026,Bogotá,Brunch & Munch - Turbo,CO900410119,Brunch & Munch Villa del Prado  - Turbo,Villa del Prado,2.0,2700.0,2400.0
22/6/2026,Bogotá,Brunch & Munch - Turbo,CO900426740,Brunch & Munch Andes - Turbo,Andes,2.0,2400.0,2400.0
22/6/2026,Bogotá,The Breakfast Club - Turbo,CO900475284,The Breakfast Club Chapinero - Turbo,Chapinero,2.0,2700.0,2700.0
22/6/2026,Cali,Cinnabon - Turbo,CO900405124,Cinnabon San Fernando - Turbo,San Fernando,2.0,2700.0,2700.0
22/6/2026,Medellín,Pret Sandwich Bistro - Turbo,CO900416173,Pret Sándwich Bistro Laureles - Turbo Calle,Laureles,2.0,3000.0,3000.0
22/6/2026,Bogotá,Acpm Corrientazo - Turbo,CO900488269,Acpm Corrientazo Arrecife - Turbo,Arrecife,2.0,3000.0,3000.0
22/6/2026,Bogotá,House Of Salads - Turbo,CO900445682,House Of Salad Chico - Turbo,Chicó,2.0,3000.0,3000.0
22/6/2026,Cali,Almuerzos D´la Casa - Turbo,CO900475128,Almuerzos D` la Casa - Ingenio - Turbo,Ingenio,2.0,2400.0,2700.0
22/6/2026,Cali,Señor Burrito. - Turbo,CO900467417,Señor Burrito Santa Monica - Turbo,Santa Mónica,2.0,3000.0,2700.0
22/6/2026,Cartagena,Señor Burrito. - Turbo,CO900482004,Señor Burrito Cartagena - Turbo,Cartagena,2.0,2700.0,2400.0
22/6/2026,Bogotá,Burritos & Co - Turbo,CO900410574,Burritos And Co - Calle 174 - Turbo,Otra,2.0,2400.0,2400.0
22/6/2026,Bogotá,Desayunos de la Abuela - Turbo,CO900446318,Desayunos de la Abuela Villa Del Prado - Turbo,Villa del Prado,2.0,2400.0,2100.0
22/6/2026,Cali,Pret Sandwich Bistro - Turbo,CO900416171,Pret Sandwich Bistro San Fernando - Turbo,San Fernando,2.0,3000.0,3000.0
22/6/2026,Bogotá,La Cuadra - Turbo,CO900426536,La Cuadra - Andes - Turbo,Andes,1.0,3000.0,3000.0
22/6/2026,Cali,Monteverde - Turbo,CO900450772,Monteverde San Fernando - Turbo,San Fernando,1.0,2700.0,2700.0
22/6/2026,Bogotá,Honest Food Fdl - Turbo,CO900475459,Honest Food Andes - Turbo,Andes,1.0,2700.0,2400.0
22/6/2026,Medellín,Cacerola - Turbo,CO900416211,Cacerola Laureles - Turbo,Laureles,1.0,2700.0,3000.0
22/6/2026,Bogotá,Avocalia Turbo,CO900420305,Avocalia - Colina - Turbo,Colina,1.0,2700.0,2700.0
22/6/2026,Bogotá,Señor Burrito. - Turbo,CO900467426,Señor Burrito Chapinero - Turbo,Chapinero,1.0,2700.0,2400.0
22/6/2026,Bucaramanga,Desayunos de la Abuela - Turbo,CO900446313,Desayunos de la Abuela Cabecera - Turbo,Cabecera (Bga),1.0,2700.0,2700.0
22/6/2026,Medellín,la Cuadra Desayunos Caseros - Turbo,CO900470909,La Cuadra Desayunos Caseros Laureles - Turbo,Laureles,1.0,2700.0,2700.0
22/6/2026,Bogotá,The Breakfast Club - Turbo,CO900475289,The Breakfast Club Usaquen - Turbo,Usaquén,1.0,3000.0,3000.0
22/6/2026,Bogotá,Alba Vegetarian - Turbo,CO900443013,Alba Vegetarian - Colina - Turbo Carrera 53  264,Colina,1.0,2700.0,3000.0
22/6/2026,Bogotá,Burrito Cantina - Turbo,CO900470961,Burrito Cantina Andes - Turbo,Andes,1.0,2400.0,3000.0
22/6/2026,Cali,Avocalia Turbo,CO900472745,Avocalia - Ingenio - Turbo,Ingenio,1.0,2400.0,2400.0
22/6/2026,Medellín,Brunch & Munch - Turbo,CO900405254,Brunch & Munch Manila - Medellin - Turbo,Manila,1.0,3000.0,3000.0
22/6/2026,Bogotá,House Of Salads - Turbo,CO900488856,House Of Salads Arrecife - Turbo,Arrecife,1.0,3000.0,3000.0
22/6/2026,Bogotá,La Cuadra - Turbo,CO900420510,La Cuadra - Colina - Turbo,Colina,1.0,2400.0,2400.0
22/6/2026,Bucaramanga,Burritos & Co - Turbo,CO900426541,Burritos & Co Bucaramanga - Turbo,Cabecera (Bga),1.0,3000.0,3000.0
22/6/2026,Cali,Desayunos Colombianos - Turbo,CO900480301,Desayunos Colombianos Ingenio - Turbo,Ingenio,1.0,2400.0,2100.0
22/6/2026,Cartagena,Acpm Corrientazo - Turbo,CO900479517,Acpm Corrientazo Cartagena - Turbo,Cartagena,1.0,3000.0,2700.0
22/6/2026,Bogotá,Pret Sandwich Bistro - Turbo,CO900442051,Pret Sandwich Bistro Colina - Turbo,Colina,1.0,2400.0,2400.0
22/6/2026,Bogotá,Doritos Locos By Dorito - Turbo,CO900472112,Doritos Locos By Dorito Chapinero - Turbo,Chapinero,1.0,3000.0,3000.0
22/6/2026,Cali,Sanduches el Jefe - Turbo,CO900419506,Sandwich El Jefe San Fernando - Turbo,San Fernando,1.0,3000.0,3000.0
22/6/2026,Cali,Monteverde - Turbo,CO900476067,Monteverde Ingenio - Turbo,Ingenio,1.0,2400.0,2400.0
22/6/2026,Medellín,Ñamgucheria Sandwiches - Turbo,CO900439223,Ñamguchería Manila - Turbo,Manila,1.0,3000.0,3000.0
22/6/2026,Bogotá,Numa Cocina Mediterranea - Turbo,CO900476061,Cocina Mediterranea Andes - Turbo,Andes,1.0,2400.0,2100.0
22/6/2026,Bogotá,Monteverde - Turbo,CO900449821,MonteVerde Calle 93 - Turbo,Parque 93 / Castellana,1.0,2400.0,2400.0
22/6/2026,Bogotá,Alba Vegetarian - Turbo,CO900443009,Alba Vegetarian - Chapinero - Turbo,Chapinero,1.0,2700.0,2700.0
22/6/2026,Cartagena,Mañanero Diario - Turbo,CO900481971,Mañanero Cartagena - Turbo,Cartagena,1.0,2400.0,2700.0
22/6/2026,Bogotá,Local Cocina Consciente - Turbo,CO900489031,Local Cocina Consciente Arrecife - Turbo,Arrecife,1.0,3000.0,2700.0
22/6/2026,Barranquilla,Pret Sandwich Bistro - Turbo,CO900416176,Pret Sandwich Bistro Barranquilla Nte - Turbo,Barranquilla,1.0,2700.0,2700.0
22/6/2026,Bogotá,Monteverde - Turbo,CO900476066,Monteverde Andes - Turbo,Andes,1.0,2700.0,2700.0
22/6/2026,Bogotá,Cacerola - Turbo,CO900473675,Cacerola - Andes - Turbo,Andes,1.0,2400.0,2700.0
22/6/2026,Medellín,La Cuadra - Turbo,CO900416193,La Cuadra - Laureles - Turbo,Laureles,1.0,2700.0,2700.0
22/6/2026,Medellín,Honest Food Fdl - Turbo,CO900472132,Honest Food Laureles - Turbo,Laureles,1.0,2700.0,2700.0
22/6/2026,Barranquilla,Alba Vegetarian - Turbo,CO900443015,Alba Vegetarian - Norte - Turbo,Barranquilla,1.0,2700.0,2700.0
22/6/2026,Bogotá,Vicio - Turbo,CO900489022,Vicio Arrecife - Turbo,Arrecife,1.0,3000.0,2700.0
22/6/2026,Cali,Selvatiko. - Turbo,CO900475120,Selvatiko. San Fernando - Turbo,San Fernando,1.0,2400.0,3000.0
22/6/2026,Barranquilla,Almuerzos D´la Casa - Turbo,CO900471203,Almuerzos D´la Casa - Barranquilla Norte - Turbo,Barranquilla,1.0,3000.0,3000.0
22/6/2026,Bogotá,Frost By Oreo - Turbo,CO900488841,Frost By Oreo Arrecife - Turbo,Arrecife,1.0,3000.0,2700.0
22/6/2026,Bogotá,Vicio - Turbo,CO900409686,Vicio Chapinero - Turbo,Chapinero,1.0,2700.0,2700.0
22/6/2026,Medellín,Cinnabon - Turbo,CO900396466,Cinnabon Laureles - Turbo,Laureles,1.0,3000.0,3000.0
22/6/2026,Barranquilla,Cinnabon - Turbo,CO900414571,Cinnabon Barranquilla Norte - Turbo,Barranquilla,1.0,2700.0,2700.0
22/6/2026,Bucaramanga,La Cuadra - Turbo,CO900426535,La Cuadra - Bucaramanga - Turbo,Cabecera (Bga),1.0,3000.0,3000.0
22/6/2026,Bogotá,Ihop - Turbo,CO900426538,IHOP® Andes - Turbo,Andes,0.0,2400.0,3000.0
22/6/2026,Bogotá,Selvatiko. - Turbo,CO900465173,Selvatiko. 93 - Turbo,Parque 93 / Castellana,0.0,2400.0,3000.0
22/6/2026,Barrancabermeja,Frost By Oreo - Turbo,CO900428417,Frost by Oreo Bucaramanga - Turbo. CHURNEADO,Cabecera (Bga),,1000,1000
22/6/2026,Barranquilla,Get Smashed Burgers - Turbo,CO900416438,Get Smash Barranquilla Nte - Turbo,Barranquilla,,2400.0,2400.0
22/6/2026,Barranquilla,Desayunos Colombianos - Turbo,CO900480300,Desayunos Colombianos Barranquilla - Turbo,Barranquilla,,2700.0,2700.0
22/6/2026,Barranquilla,Casa Arabe - Turbo,CO900477840,Casa Árabe Barranquilla - Turbo,Barranquilla,,2400.0,2400.0
22/6/2026,Barranquilla,The Crunch Pizza - Turbo,CO900416204,The Crunch Barranquilla Turbo,Barranquilla,,2400.0,2400.0
22/6/2026,Barranquilla,Doritos Locos By Dorito - Turbo,CO900472105,Doritos Locos By Dorito Barranquilla - Turbo,Barranquilla,,2400.0,2400.0
22/6/2026,Barranquilla,Ihop - Turbo,CO900420705,Ihop Barranquilla Norte - Turbo,Barranquilla,,2400.0,2400.0
22/6/2026,Barranquilla,la Panquequeria - Turbo,CO900482236,La Panquequería Barranquilla Norte - Turbo,Barranquilla,,2400.0,2400.0
22/6/2026,Bogotá,Que Chicken By Robegrill - Turbo,CO900463820,Que Chicken Cl 109 - Turbo,Calle 109,,2400.0,2400.0
22/6/2026,Bogotá,Burrito Cantina - Turbo,CO900467515,Burrito Cantina Cl 109 - Turbo Cl. 109 #15-28,Calle 109,,2400.0,2400.0
22/6/2026,Bogotá,Ihop - Turbo,CO900463765,Ihop® - Cl 109 - Turbo,Calle 109,,2400.0,2400.0
22/6/2026,Bogotá,Numa Cocina Mediterranea - Turbo,CO900463768,Numa Cocina Consciente Cl 109 - Turbo,Calle 109,,2400.0,2400.0
22/6/2026,Bogotá,Helados San Jerónimo - Turbo,CO900464391,Helados San Jerónimo Cl 109 - Turbo,Calle 109,,2400.0,2400.0
22/6/2026,Bogotá,Doritos Locos By Dorito - Turbo,CO900472111,Doritos Locos By Dorito Cl 109 - Turbo,Calle 109,,2400.0,2400.0
22/6/2026,Bogotá,Local Cocina Consciente - Turbo,CO900477101,Local Cocina Consciente Cl 109 - Turbo,Calle 109,,2400.0,2400.0
22/6/2026,Bogotá,Desayunos Colombianos - Turbo,CO900480289,Desayunos Colombianos Calle 109 - Turbo,Calle 109,,2700.0,2700.0
22/6/2026,Bogotá,The Crunch Pizza - Turbo,CO900416180,The Crunch Castellana - Turbo,Parque 93 / Castellana,,2400.0,2400.0
22/6/2026,Bogotá,Get Smashed Burgers - Turbo,CO900416431,Get Smash Castellana - Turbo,Parque 93 / Castellana,,2400.0,2400.0
22/6/2026,Bogotá,la Cuadra Desayunos Caseros - Turbo,CO900467499,La Cuadra Desayunos Caceros - Villa del Prado - Turbo,Villa del Prado,,2400.0,2400.0
22/6/2026,Bogotá,Ihop - Turbo,CO900420703,Ihop Villa del prado - Turbo,Villa del Prado,,2400.0,2400.0
22/6/2026,Bogotá,Desayunos Colombianos - Turbo,CO900480284,Desayunos Colombianos Villa Del Prado - Turbo,Villa del Prado,,2400.0,2400.0
22/6/2026,Bogotá,Doritos Locos By Dorito - Turbo,CO900472110,Doritos Locos By Dorito Villa Del Prado - Turbo,Villa del Prado,,2400.0,2400.0
22/6/2026,Bogotá,The Crunch Pizza - Turbo,CO900416179,The Crunch - Villa del Prado - Turbo,Villa del Prado,,2400.0,2400.0
22/6/2026,Bogotá,Almuerzos D´la Casa - Turbo,CO900471206,Almuerzos D` la Casa - Villa del Prado - Turbo,Villa del Prado,,2400.0,2400.0
22/6/2026,Bogotá,Get Smashed Burgers - Turbo,CO900416433,Get Smash Villa del Prado - Turbo,Villa del Prado,,2400.0,2400.0
22/6/2026,Bogotá,Señor Burrito. - Turbo,CO900467421,Señor Burrito - Villa del Prado - Turbo,Villa del Prado,,2400.0,2400.0
22/6/2026,Bogotá,The Crunch Pizza - Turbo,CO900416182,The Crunch Chapinero - Turbo,Chapinero,,2400.0,2400.0
22/6/2026,Bogotá,Get Smashed Burgers - Turbo,CO900416432,Get Smash Usaquen - Turbo,Usaquén,,2400.0,2400.0
22/6/2026,Bogotá,Desayunos Colombianos - Turbo,CO900480295,Desayunos Colombianos Usaquen - Turbo,Usaquén,,3000.0,3000.0
22/6/2026,Bogotá,Ihop - Turbo,CO900420702,Ihop Usaquén - Turbo,Usaquén,,2400.0,2400.0
22/6/2026,Bogotá,Selvatiko. - Turbo,CO900475122,Selvatiko. Usaquén - Turbo,Usaquén,,2400.0,2400.0
22/6/2026,Bogotá,Local Cocina Consciente - Turbo,CO900477110,Local - Cocina Consciente Usaquen - Turbo,Usaquén,,3000.0,3000.0
22/6/2026,Bogotá,Burritos & Co - Turbo,CO900488278,Burritos & Co Arrecife - Turbo,Arrecife,,3000.0,3000.0
22/6/2026,Bogotá,The Breakfast Club - Turbo,CO900489002,The Breakfast Club Arrecife - Turbo,Arrecife,,3000.0,3000.0
22/6/2026,Bogotá,la Cuadra Desayunos Caseros - Turbo,CO900488956,la Cuadra Desayunos Arrecife - Turbo,Arrecife,,3000.0,3000.0
22/6/2026,Bogotá,Selvatiko. - Turbo,CO900488992,Selvatiko Arrecife - Turbo,Arrecife,,3000.0,3000.0
22/6/2026,Bogotá,Cinnabon - Turbo,CO900488282,Cinnabon Arrecife - Turbo,Arrecife,,3000.0,3000.0
22/6/2026,Bogotá,Get Smashed Burgers - Turbo,CO900416434,Get Smash Chapinero - Turbo,Chapinero,,2400.0,2400.0
22/6/2026,Bogotá,Burrito Cantina - Turbo,CO900475794,Burrito Cantina Chico - Turbo,Chicó,,2400.0,2400.0
22/6/2026,Bogotá,Vicio - Turbo,CO900415608,Vicio Chicó - Turbo,Chicó,,2400.0,2400.0
22/6/2026,Bogotá,Green House Fd - Turbo,CO900438441,Green House Chico - Turbo,Chicó,,2400.0,2400.0
22/6/2026,Bogotá,Doritos Locos By Dorito - Turbo,CO900472113,Doritos Locos By Dorito Chico - Turbo,Chicó,,2400.0,2400.0
22/6/2026,Bogotá,Desayunos Colombianos - Turbo,CO900480297,Desayunos Colombianos Chico - Turbo,Chicó,,1000,1000
22/6/2026,Bogotá,Honest Food Fdl - Turbo,CO900472140,Honest Food Chico - Turbo,Chicó,,2400.0,2400.0
22/6/2026,Bogotá,Foodology Court - Turbo,CO900476023,Foodology Chico - Turbo,Chicó,,3000.0,3000.0
22/6/2026,Bogotá,Numa Cocina Mediterranea - Turbo,CO900463757,Cocina Mediterranea Chico - Turbo,Chicó,,2400.0,2400.0
22/6/2026,Bogotá,Local Cocina Consciente - Turbo,CO900477105,Local - Cocina Consciente Chico - Turbo,Chicó,,2400.0,2400.0
22/6/2026,Bogotá,Casa Arabe - Turbo,CO900477838,Casa Árabe Chico - Turbo,Chicó,,2400.0,2400.0
22/6/2026,Bogotá,Monteverde - Turbo,CO900450762,Monteverde Chico - Turbo,Chicó,,2400.0,2400.0
22/6/2026,Bogotá,Acpm Corrientazo - Turbo,CO900476074,Acpm Corrientazo Chico - Turbo,Chicó,,2400.0,2400.0
22/6/2026,Bogotá,Helados San Jerónimo - Turbo,CO900415622,San Jerónimo Chicó - Turbo,Chicó,,2400.0,2400.0
22/6/2026,Bogotá,la Cuadra Desayunos Caseros - Turbo,CO900467498,La Cuadra Desayunos Caseros Colina - Turbo,Colina,,2400.0,2400.0
22/6/2026,Bogotá,Cacerola - Turbo,CO900473673,Cacerola - Colina - Turbo,Colina,,2400.0,2400.0
22/6/2026,Bogotá,Desayunos Colombianos - Turbo,CO900480293,Desayunos Colombianos Colina - Turbo,Colina,,2400.0,2400.0
22/6/2026,Bogotá,Doritos Locos By Dorito - Turbo,CO900472104,Doritos Locos By Dorito Colina - Turbo,Colina,,2400.0,2400.0
22/6/2026,Bogotá,Local Cocina Consciente - Turbo,CO900477102,Local - Cocina Consciente Colina - Turbo,Colina,,2400.0,2400.0
22/6/2026,Bogotá,Cinnabon - Turbo,CO900476079,Cinnabon Kennedy - Turbo,Kennedy,,2400.0,2400.0
22/6/2026,Bogotá,Local Cocina Consciente - Turbo,CO900477103,Local - Cocina Consciente Kennedy - Turbo,Kennedy,,2400.0,2400.0
22/6/2026,Bogotá,Desayunos Colombianos - Turbo,CO900480285,Desayunos Colombianos Kennedy - Turbo,Kennedy,,2400.0,2400.0
22/6/2026,Bogotá,Cacerola - Turbo,CO900473674,Cacerola - Kennedy - Turbo,Kennedy,,2400.0,2400.0
22/6/2026,Bogotá,Acpm Corrientazo - Turbo,CO900470917,Acpm Corrientazo Kennedy - Turbo,Kennedy,,3000.0,3000.0
22/6/2026,Bogotá,Mañanero Diario - Turbo,CO900475199,Mañanero Kennedy - Turbo,Kennedy,,2700.0,2700.0
22/6/2026,Bogotá,Burrito Cantina - Turbo,CO900470960,Burrito Cantina Kennedy - Turbo,Kennedy,,3000.0,3000.0
22/6/2026,Bogotá,Cinnabon - Turbo,CO900475096,Cinnabon Andes - Turbo,Andes,,2400.0,2400.0
22/6/2026,Bogotá,Desayunos Colombianos - Turbo,CO900480292,Desayunos Colombianos Andes - Turbo,Andes,,2400.0,2400.0
22/6/2026,Bogotá,Desayunos Colombianos - Turbo,CO900480296,Desayunos Colombianos Calle 93 - Turbo,Parque 93 / Castellana,,2400.0,2400.0
22/6/2026,Bogotá,la Cuadra Desayunos Caseros - Turbo,CO900467497,La Cuadra Desayunos Caseros 93 - Turbo,Parque 93 / Castellana,,3000.0,3000.0
22/6/2026,Bogotá,Desayuno Mi Tierrita - Turbo,CO900465161,Desayuno Mi Tierrita - 93 - Turbo,Parque 93 / Castellana,,3000.0,3000.0
22/6/2026,Bogotá,Dembow - Turbo,CO900473649,Dembow - Calle 93 - Turbo,Parque 93 / Castellana,,2400.0,2400.0
22/6/2026,Bogotá,Cinnabon - Turbo,CO900476017,Cinnabon Calle 93 - Turbo,Parque 93 / Castellana,,2400.0,2400.0
22/6/2026,Bogotá,Cinnabon - Turbo,CO900402239,Cinnabon Castellana   - Turbo,Parque 93 / Castellana,,2700.0,2700.0
22/6/2026,Bogotá,Mañanero Diario - Turbo,CO900443501,Mañanero diario Castellana - Turbo,Parque 93 / Castellana,,2400.0,2400.0
22/6/2026,Bogotá,Desayunos Colombianos - Turbo,CO900480294,Desayunos Colombianos Chapinero - Turbo,Chapinero,,2700.0,2700.0
22/6/2026,Bogotá,Ihop - Turbo,CO900420704,Ihop Chapinero- Turbo,Chapinero,,2400.0,2400.0
22/6/2026,Bogotá,Acpm Corrientazo - Turbo,CO900464911,Acpm Corrientazo Chapinero - Turbo,Chapinero,,2400.0,2400.0
22/6/2026,Bogotá,Burger Lane - Turbo,CO900442997,Burger Lane Calle 93 - Turbo,Parque 93 / Castellana,,2400.0,2400.0
22/6/2026,Bogotá,Bottaniko - Turbo,CO900477812,Bottaniko Plaza Claro - Turbo,Plaza Claro,,2400.0,2400.0
22/6/2026,Bogotá,Monteverde - Turbo,CO900478981,Monteverde Plaza Claro - Turbo,Plaza Claro,,2400.0,2400.0
22/6/2026,Bogotá,Numa Cocina Mediterranea - Turbo,CO900463763,Cocina Mediterranea Engativa - Turbo,Engativá,,2400.0,2400.0
22/6/2026,Bogotá,Desayunos Colombianos - Turbo,CO900480286,Desayunos Colombianos Engativa - Turbo,Engativá,,2400.0,2400.0
22/6/2026,Bogotá,Green House Fd - Turbo,CO900481564,Green House Engativa - Turbo,Engativá,,2400.0,2400.0
22/6/2026,Bogotá,Desayunos de la Abuela - Turbo,CO900478093,Desayunos de la Abuela Plaza Claro - Turbo,Plaza Claro,,2400.0,2400.0
22/6/2026,Bogotá,Vicio - Turbo,CO900479208,Vicio Plaza Claro - Turbo,Plaza Claro,,2400.0,2400.0
22/6/2026,Bogotá,Burritos & Co - Turbo,CO900464310,Burritos & Co Plaza Claro - Turbo,Plaza Claro,,2400.0,2400.0
22/6/2026,Bogotá,Señor Burrito. - Turbo,CO900464395,Señor Burrito Plaza Claro - Turbo,Plaza Claro,,2400.0,2400.0
22/6/2026,Bogotá,Foodology Court - Turbo,CO900465143,Foodology Engativa - Turbo Cra. 98b #71b-39,Engativá,,2400.0,2400.0
22/6/2026,Bogotá,Selvatiko. - Turbo,CO900472670,Selvatiko. Engativa - Turbo,Engativá,,2400.0,2400.0
22/6/2026,Bogotá,Selvatiko. - Turbo,CO900479202,Selvatiko Plaza Claro - Turbo,Plaza Claro,,2400.0,2400.0
22/6/2026,Bogotá,House Of Salads - Turbo,CO900478778,House Of Salads Plaza Claro - Turbo,Plaza Claro,,2400.0,2400.0
22/6/2026,Bogotá,Desayunos de la Abuela - Turbo,CO900446314,Desayunos de la Abuela Engativa - Turbo,Engativá,,2400.0,2400.0
22/6/2026,Bogotá,Acpm Corrientazo - Turbo,CO900467503,Acpm Corrientazo Engativá - Turbo,Engativá,,2400.0,2400.0
22/6/2026,Bogotá,la Cuadra Desayunos Caseros - Turbo,CO900470914,la Cuadra Desayunos Chico - Turbo,Chicó,,2400.0,2400.0
22/6/2026,Bogotá,Honest Food Fdl - Turbo,CO900478461,Honest Food Plaza Claro - Turbo,Plaza Claro,,2400.0,2400.0
22/6/2026,Bogotá,Almuerzos D´la Casa - Turbo,CO900477781,Almuerzos D´la Casa Chico - Turbo,Chicó,,2400.0,2400.0
22/6/2026,Bogotá,Señor Burrito. - Turbo,CO900477635,Señor Burrito Chico - Turbo,Chicó,,2400.0,2400.0
22/6/2026,Bogotá,Acpm Corrientazo - Turbo,CO900477809,Acpm Corrientazo Plaza Claro - Turbo,Plaza Claro,,2400.0,2400.0
22/6/2026,Bogotá,Panquequeria - Turbo,CO900463851,Panquequeria Cl 109 - Turbo,Calle 109,,2400.0,2400.0
22/6/2026,Bogotá,House Of Salads - Turbo,CO900445669,House Of Salad Engativa - Turbo,Engativá,,2400.0,2400.0
22/6/2026,Bogotá,Burger Lane - Turbo,CO900442989,Burger Lane Andes - Turbo,Andes,,2400.0,2400.0
22/6/2026,Bogotá,Que Chicken By Robegrill - Turbo,CO900424251,Qué Chicken Usaquen - Turbo,Usaquén,,2400.0,2400.0
22/6/2026,Bogotá,Burger Lane - Turbo,CO900442992,Burger Lane Colina - Turbo,Colina,,2400.0,2400.0
22/6/2026,Bogotá,Numa Cocina Mediterranea - Turbo,CO900478984,Numa Cocina Mediterranea Plaza Claro - Turbo,Plaza Claro,,2400.0,2400.0
22/6/2026,Bogotá,Casa Arabe - Turbo,CO900477852,Casa Árabe Engativa - Turbo,Engativá,,2400.0,2400.0
22/6/2026,Bogotá,Cacerola - Turbo,CO900478088,Cacerola Plaza Claro - Turbo,Plaza Claro,,2400.0,2400.0
22/6/2026,Bogotá,Panquequeria - Turbo,CO900471323,Panquequeria Chico - Turbo,Chicó,,2400.0,2400.0
22/6/2026,Bogotá,Local Cocina Consciente - Turbo,CO900481554,Local - Cocina Consciente Villa Del Prado - Turbo,Villa del Prado,,2400.0,2400.0
22/6/2026,Bogotá,Get Smashed Burgers - Turbo,CO900476584,Get Smashed Burgers Cl 109 - Turbo,Calle 109,,2400.0,2400.0
22/6/2026,Bogotá,Dembow - Turbo,CO900478092,Dembow Plaza Claro - Turbo,Plaza Claro,,2400.0,2400.0
22/6/2026,Bogotá,Mañanero Diario - Turbo,CO900443499,Mañanero diario Engativá - Turbo,Engativá,,2400.0,2400.0
22/6/2026,Bogotá,Monteverde - Turbo,CO900450777,Monteverde Engativa - Turbo,Engativá,,2400.0,2400.0
22/6/2026,Bogotá,Get Smashed Burgers - Turbo,CO900473573,Get Smashed Burgers Kennedy - Turbo,Kennedy,,2400.0,2400.0
22/6/2026,Bogotá,Alba Vegetarian - Turbo,CO900477811,Alba Vegetarian Plaza Claro - Turbo,Plaza Claro,,2400.0,2400.0
22/6/2026,Bogotá,Casa Arabe - Turbo,CO900477853,Casa Árabe Plaza Claro - Turbo,Plaza Claro,,2400.0,2400.0
22/6/2026,Bogotá,Panquequeria - Turbo,CO900479096,Panquequeria Plaza Claro - Turbo,Plaza Claro,,2400.0,2400.0
22/6/2026,Bogotá,Get Smashed Burgers - Turbo,CO900442551,Get Smashed Burgers Engativa - Turbo,Engativá,,2400.0,2400.0
22/6/2026,Bogotá,Ñamgucheria Sandwiches - Turbo,CO900439231,Ñamguchería Engativá - Turbo,Engativá,,2400.0,2400.0
22/6/2026,Bogotá,The Breakfast Club - Turbo,CO900475285,The Breakfast Club Engativa - Turbo,Engativá,,2400.0,2400.0
22/6/2026,Bogotá,Cinnabon Foodology,CO900375567,Cinnabon Usaquén,Usaquén,,3000.0,3000.0
22/6/2026,Bogotá,Señor Burrito. - Turbo,CO900467420,Señor Burrito Engativa - Turbo,Engativá,,2400.0,2400.0
22/6/2026,Bogotá,Sanduches el Jefe - Turbo,CO900479125,Sandwich el Jefe Plaza Claro - Turbo,Plaza Claro,,2400.0,2400.0
22/6/2026,Bogotá,Local Cocina Consciente - Turbo,CO900477108,Local - Cocina Consciente Engativa - Turbo,Engativá,,2400.0,2400.0
22/6/2026,Bogotá,Vicio - Turbo,CO900473607,Vicio Engativá - Turbo,Engativá,,2400.0,2400.0
22/6/2026,Bogotá,Desayuno Mi Tierrita - Turbo,CO900478270,Desayuno Mi Tierrita Plaza Claro - Turbo,Plaza Claro,,2400.0,2400.0
22/6/2026,Bogotá,Brunch & Munch - Turbo,CO900477832,Brunch & Munch Plaza Claro - Turbo,Plaza Claro,,2400.0,2400.0
22/6/2026,Bogotá,la Panquequeria - Turbo,CO900482244,La Panquequería Usaquen - Turbo,Usaquén,,2400.0,2400.0
22/6/2026,Bogotá,Burger Lane - Turbo,CO900442991,Burger Lane Villa del Prado - Turbo,Villa del Prado,,2400.0,2400.0
22/6/2026,Bogotá,Foodology Court - Turbo,CO900478306,Foodology Plaza Claro - Turbo,Plaza Claro,,2400.0,2400.0
22/6/2026,Bogotá,Frost By Oreo - Turbo,CO900478308,Frost By Oreo Plaza Claro - Turbo,Plaza Claro,,2400.0,2400.0
22/6/2026,Bogotá,Burger Lane - Turbo,CO900442990,Burger Lane Chapinero - Turbo,Chapinero,,2400.0,2400.0
22/6/2026,Bogotá,Honest Food Fdl - Turbo,CO900472135,Honest Food Engativa - Turbo,Engativá,,2400.0,2400.0
22/6/2026,Bogotá,The Breakfast Club - Turbo,CO900477830,The Breakfast Club Plaza Claro - Turbo,Plaza Claro,,2400.0,2400.0
22/6/2026,Bogotá,Almuerzos D´la Casa - Turbo,CO900471205,Almuerzos D´la Casa - Engativa - Turbo,Engativá,,2400.0,2400.0
22/6/2026,Bogotá,Get Smashed Burgers - Turbo,CO900473574,Get Smashed Burgers Andes - Turbo,Andes,,2400.0,2400.0
22/6/2026,Bogotá,Pret Sandwich Bistro - Turbo,CO900442052,Pret Sandwich Bistro Engativa - Turbo,Engativá,,2400.0,2400.0
22/6/2026,Bogotá,Alba Vegetarian - Turbo,CO900443007,Alba Vegetarian - Engativa - Turbo,Engativá,,2400.0,2400.0
22/6/2026,Bogotá,House Of Salads - Turbo,CO900477632,House Of Salads Cl 109 - Turbo,Calle 109,,2400.0,2400.0
22/6/2026,Bogotá,Mr Beast Burger - Turbo,CO900476816,Mr Beast Engativá - Turbo,Engativá,,2400.0,2400.0
22/6/2026,Bogotá,Desayuno Mi Tierrita - Turbo,CO900465159,Desayuno Mi Tierrita Engativa - Turbo,Engativá,,2400.0,2400.0
22/6/2026,Bogotá,la Cuadra Desayunos Caseros - Turbo,CO900467496,La Cuadra Desayunos Caseros Engativa - Turbo,Engativá,,2400.0,2400.0
22/6/2026,Bogotá,La Cuadra - Turbo,CO900473138,la Cuadra - Engativa - Turbo,Engativá,,2400.0,2400.0
22/6/2026,Bogotá,Burger Lane - Turbo,CO900443000,Burger Lane Engativa - Turbo,Engativá,,2400.0,2400.0
22/6/2026,Bogotá,Local Cocina Consciente - Turbo,CO900481555,Local - Cocina Consciente Andes - Turbo,Andes,,2400.0,2400.0
22/6/2026,Bogotá,la Panquequeria - Turbo,CO900482243,La Panquequería Kennedy - Turbo,Kennedy,,2400.0,2400.0
22/6/2026,Bogotá,Get Smashed Burgers - Turbo,CO900442552,Get Smashed Burgers Colina - Turbo,Colina,,2400.0,2400.0
22/6/2026,Bogotá,la Panquequeria - Turbo,CO900482241,La Panquequería Calle 93 - Turbo,Parque 93 / Castellana,,2400.0,2400.0
22/6/2026,Bogotá,Avocalia Turbo,CO900472744,Avocalia Calle Engativa - Turbo,Engativá,,2400.0,2400.0
22/6/2026,Bogotá,Cacerola - Turbo,CO900472658,Cacerola - Engativa - Turbo,Engativá,,2400.0,2400.0
22/6/2026,Bogotá,Burger Lane - Turbo,CO900443001,Burger Lane - Salitre - Turbo,Otra,,2400.0,2400.0
22/6/2026,Bogotá,la Panquequeria - Turbo,CO900482239,La Panquequería Engativa - Turbo,Engativá,,2400.0,2400.0
22/6/2026,Bogotá,la Panquequeria - Turbo,CO900482237,La Panquequería Chicó - Turbo,Chicó,,2400.0,2400.0
22/6/2026,Bogotá,la Panquequeria - Turbo,CO900482238,La Panquequería Chapinero - Turbo,Chapinero,,2400.0,2400.0
22/6/2026,Bogotá,Cinnabon - Turbo,CO900428404,Cinnabon Prueba Chapinero - Turbo,Chapinero,,2400.0,2400.0
22/6/2026,Bogotá,la Cuadra Desayunos Caseros - Turbo,CO900478974,la Cuadra Desayunos Plaza Claro - Turbo,Plaza Claro,,2400.0,2400.0
22/6/2026,Bogotá,La Cuadra - Turbo,CO900464606,la Cuadra Plaza Claro - Turbo,Plaza Claro,,2400.0,2400.0
22/6/2026,Bogotá,Burger Lane - Turbo,CO900442995,Burger Lane Veraguas 2 - Turbo,Otra,,2400.0,2400.0
22/6/2026,Bogotá,Get Smashed Burgers - Turbo,CO900476585,Get Smashed Burgers Chico - Turbo,Chicó,,2400.0,2400.0
22/6/2026,Bogotá,Burrito Cantina - Turbo,CO900467516,Burrito Cantina Plaza Claro - Turbo,Plaza Claro,,2400.0,2400.0
22/6/2026,Bogotá,The Crunch Pizza - Turbo,CO900416181,The Crunch Usaquen - Turbo,Usaquén,,2400.0,2400.0
22/6/2026,Bogotá,Dembow - Turbo,CO900473648,Dembow - Engativa - Turbo,Engativá,,2400.0,2400.0
22/6/2026,Bogotá,Green House Fd - Turbo,CO900478311,Green House Plaza Claro - Turbo,Plaza Claro,,2400.0,2400.0
22/6/2026,Bogotá,Green House Fd - Turbo,CO900481560,Green House Andes - Turbo,Andes,,2400.0,2400.0
22/6/2026,Bogotá,Avocalia Turbo,CO900477834,Avocalia Plaza Claro - Turbo,Plaza Claro,,2400.0,2400.0
22/6/2026,Bogotá,Cinnabon - Turbo,CO900475097,Cinnabon Engativa - Turbo,Engativá,,2400.0,2400.0
22/6/2026,Bogotá,Burrito Cantina - Turbo,CO900467380,Burrito Cantina Engativá - Turbo,Engativá,,2400.0,2400.0
22/6/2026,Bogotá,Vicio - Turbo,CO900467514,Vicio Cl 109 - Turbo,Calle 109,,2400.0,2400.0
22/6/2026,Bogotá,Pret Sandwich Bistro - Turbo,CO900479198,Pret Sandwich Bistro Plaza Claro - Turbo,Plaza Claro,,2400.0,2400.0
22/6/2026,Bogotá,Burger Lane - Turbo,CO900442999,Burger Lane Usaquen - Turbo,Usaquén,,2400.0,2400.0
22/6/2026,Bogotá,Doritos Locos By Dorito - Turbo,CO900472103,Doritos Locos By Dorito Calle 93 - Turbo,Parque 93 / Castellana,,2400.0,2400.0
22/6/2026,Bogotá,Mañanero Diario - Turbo,CO900478978,Mañanero Diario Plaza Claro - Turbo,Plaza Claro,,2400.0,2400.0
22/6/2026,Bogotá,la Panquequeria - Turbo,CO900482242,La Panquequería Villa del Prado - Turbo,Villa del Prado,,2400.0,2400.0
22/6/2026,Bogotá,Brunch & Munch - Turbo,CO900472746,Brunch & Munch - Engativa - Turbo,Engativá,,2400.0,2400.0
22/6/2026,Bogotá,Mr Beast Burger - Turbo,CO900478983,Mr Beast Plaza Claro - Turbo,Plaza Claro,,2400.0,2400.0
22/6/2026,Bogotá,la Panquequeria - Turbo,CO900482232,La Panquequería Colina - Turbo,Colina,,2400.0,2400.0
22/6/2026,Bogotá,Burritos & Co - Turbo,CO900473555,Burritos & Co - Engativa - Turbo,Engativá,,2400.0,2400.0
22/6/2026,Bogotá,Bottaniko - Turbo,CO900443513,Bottaniko Engativa - Turbo,Engativá,,2400.0,2400.0
22/6/2026,Bogotá,Frost By Oreo - Turbo,CO900475352,Frost By Oreo Engativá - Turbo,Engativá,,2400.0,2400.0
22/6/2026,Bogotá,Ihop - Turbo,CO900431789,IHOP® Chicó - Turbo,Chicó,,2400.0,2400.0
22/6/2026,Bucaramanga,Vicio - Turbo,CO900426528,Vicio Bucaramanga - Turbo,Cabecera (Bga),,2400.0,2400.0
22/6/2026,Bucaramanga,Local Cocina Consciente - Turbo,CO900477109,Local - Cocina Consciente Cabecera - Turbo,Cabecera (Bga),,2400.0,2400.0
22/6/2026,Bucaramanga,Doritos Locos By Dorito - Turbo,CO900472106,Doritos Locos By Dorito Cabecera - Turbo,Cabecera (Bga),,2400.0,2400.0
22/6/2026,Bucaramanga,Ihop - Turbo,CO900426537,IHOP® Bucaramanga - Turbo,Cabecera (Bga),,2400.0,2400.0
22/6/2026,Bucaramanga,Desayunos Colombianos - Turbo,CO900480291,Desayunos Colombianos Cabecera - Turbo,Cabecera (Bga),,2400.0,2400.0
22/6/2026,Bucaramanga,Casa Arabe - Turbo,CO900477851,Casa Árabe Cabecera - Turbo,Cabecera (Bga),,2400.0,2400.0
22/6/2026,Bucaramanga,Avocalia Turbo,CO900428430,Avocalia - Bucaramanga - Turbo,Cabecera (Bga),,2400.0,2400.0
22/6/2026,Bucaramanga,la Panquequeria - Turbo,CO900482245,La Panquequería Cabecera - Turbo,Cabecera (Bga),,2400.0,2400.0
22/6/2026,Bucaramanga,Get Smashed Burgers - Turbo,CO900442550,Get Smashed Burgers Cabecera Bga - Turbo,Cabecera (Bga),,2400.0,2400.0
22/6/2026,Bucaramanga,Helados San Jerónimo - Turbo,CO900428418,Heladería San Jerónimo Bucaramanga - Turbo,Cabecera (Bga),,2400.0,2400.0
22/6/2026,Bucaramanga,La Cuadra - Turbo,CO900428403,La Cuadra  Bucaramanga - Turbo,Cabecera (Bga),,2400.0,2400.0
22/6/2026,Bucaramanga,Brunch & Munch - Turbo,CO900428485,Brunch And Munch - Bucaramanga - Turbo,Cabecera (Bga),,2400.0,2400.0
22/6/2026,Bucaramanga,Ihop - Turbo,CO900428427,IHOP Bucaramanga - Turbo,Cabecera (Bga),,2400.0,2400.0
22/6/2026,Bucaramanga,Sanduches el Jefe - Turbo,CO900428426,Sandwich El Jefe Bucaramanga - Turbo,Cabecera (Bga),,2400.0,2400.0
22/6/2026,Cali,Get Smashed Burgers - Turbo,CO900416435,Get Smash San Fernando - Turbo,San Fernando,,2400.0,2400.0
22/6/2026,Cali,Ihop - Turbo,CO900420700,Ihop San Fernando - Turbo,San Fernando,,3000.0,3000.0
22/6/2026,Cali,Doritos Locos By Dorito - Turbo,CO900472109,Doritos Locos By Dorito San Fernando - Turbo,San Fernando,,2400.0,2400.0
22/6/2026,Cali,Numa Cocina Mediterranea - Turbo,CO900463758,Cocina Mediterranea San Fernando - Turbo,San Fernando,,2400.0,2400.0
22/6/2026,Cali,The Crunch Pizza - Turbo,CO900416186,The Crunch San Fernando Cali - Turbo,San Fernando,,2400.0,2400.0
22/6/2026,Cali,Desayunos Colombianos - Turbo,CO900480290,Desayunos Colombianos San Fernando - Turbo,San Fernando,,2700.0,2700.0
22/6/2026,Cali,Desayunos Colombianos - Turbo,CO900480299,Desayunos Colombianos Santa Monica - Turbo,Santa Mónica,,1000,1000
22/6/2026,Cali,Get Smashed Burgers - Turbo,CO900416430,Get Smash Santa Monica - Turbo,Santa Mónica,,2400.0,2400.0
22/6/2026,Cali,Local Cocina Consciente - Turbo,CO900477100,Local - Cocina Consciente Santa Monica - Turbo,Santa Mónica,,2400.0,2400.0
22/6/2026,Cali,Numa Cocina Mediterranea - Turbo,CO900463759,Cocina Mediterranea Santa Monica - Turbo,Santa Mónica,,3000.0,3000.0
22/6/2026,Cali,Selvatiko. - Turbo,CO900475114,Selvatiko. Santa Monica - Turbo,Santa Mónica,,2700.0,2700.0
22/6/2026,Cali,The Crunch Pizza - Turbo,CO900416185,The Crunch Santa Monica - Turbo,Santa Mónica,,2400.0,2400.0
22/6/2026,Cali,Doritos Locos By Dorito - Turbo,CO900472100,Doritos Locos By Dorito Santa Monica - Turbo,Santa Mónica,,2400.0,2400.0
22/6/2026,Cali,Casa Arabe - Turbo,CO900477850,Casa Árabe Santa Monica - Turbo,Santa Mónica,,2400.0,2400.0
22/6/2026,Cali,Desayuno Mi Tierrita - Turbo,CO900473558,Desayunos Mi Tierrita - Ingenio - Turbo,Ingenio,,2400.0,2400.0
22/6/2026,Cali,Vicio - Turbo,CO900473606,Vicio Ingenio - Turbo,Ingenio,,2400.0,2400.0
22/6/2026,Cali,Doritos Locos By Dorito - Turbo,CO900473562,Doritos Locos By Dorito Ingenio - Turbo,Ingenio,,2400.0,2400.0
22/6/2026,Cali,Cacerola - Turbo,CO900472659,Cacerola - Ingenio - Turbo,Ingenio,,2400.0,2400.0
22/6/2026,Cali,Mañanero Diario - Turbo,CO900475198,Mañanero Ingenio - Turbo,Ingenio,,2400.0,2400.0
22/6/2026,Cali,Burger Lane - Turbo,CO900442998,Burger Lane Cali Norte - Turbo Calle 34 Norte 2Bn 33 358,Otra,,2400.0,2400.0
22/6/2026,Cali,Local Cocina Consciente - Turbo,CO900481556,Local - Cocina Consciente Ingenio - Turbo,Ingenio,,2400.0,2400.0
22/6/2026,Cali,la Panquequeria - Turbo,CO900482246,La Panquequería Ingenio Calle 83C - Turbo,Ingenio,,2400.0,2400.0
22/6/2026,Cali,la Panquequeria - Turbo,CO900482235,La Panquequería San Fernando - Turbo,San Fernando,,2400.0,2400.0
22/6/2026,Cali,Burger Lane - Turbo,CO900442993,Burger Lane San Fernando - Turbo,San Fernando,,2400.0,2400.0
22/6/2026,Cali,Green House Fd - Turbo,CO900481561,Green House Ingenio - Turbo,Ingenio,,2400.0,2400.0
22/6/2026,Cali,Señor Burrito. - Turbo,CO900465170,Señor Burrito Tienda Padre - Turbo,Otra,,2400.0,2400.0
22/6/2026,Cali,La Cuadra - Turbo,CO900473137,la Cuadra - Ingenio - Turbo,Ingenio,,2400.0,2400.0
22/6/2026,Cali,Get Smashed Burgers - Turbo,CO900473576,Get Smashed Burgers Ingenio - Turbo,Ingenio,,2400.0,2400.0
22/6/2026,Cali,la Panquequeria - Turbo,CO900482247,La Panquequería Santa Monica - Turbo,Santa Mónica,,2400.0,2400.0
22/6/2026,Cartagena,la Cuadra Desayunos Caseros - Turbo,CO900481966,La Cuadra Desayunos Caseros Cartagena - Turbo,Cartagena,,3000.0,3000.0
22/6/2026,Cartagena,Dembow - Turbo,CO900481376,Dembow - Cartagena - Turbo,Cartagena,,3000.0,3000.0
22/6/2026,Cartagena,Cacerola - Turbo,CO900481042,Cacerola - Cartagena - Turbo,Cartagena,,2400.0,2400.0
22/6/2026,Cartagena,Get Smashed Burgers - Turbo,CO900481818,Get Smashed Burgers Cartagena - Turbo,Cartagena,,3000.0,3000.0
22/6/2026,Cartagena,Local Cocina Consciente - Turbo,CO900481977,Local - Cocina Consciente Cartagena - Turbo,Cartagena,,3000.0,3000.0
22/6/2026,Cartagena,Sanduches el Jefe - Turbo,CO900483661,Sandwich el Jefe Cartagena - Turbo,Cartagena,,2400.0,2400.0
22/6/2026,Medellín,Casa Arabe - Turbo,CO900477845,Casa Árabe Manila - Turbo,Manila,,3000.0,3000.0
22/6/2026,Medellín,Desayunos Colombianos - Turbo,CO900480288,Desayunos Colombianos Manila - Turbo,Manila,,3000.0,3000.0
22/6/2026,Medellín,Numa Cocina Mediterranea - Turbo,CO900463756,Cocina Mediterranea Manila - Turbo,Manila,,3000.0,3000.0
22/6/2026,Medellín,Doritos Locos By Dorito - Turbo,CO900472108,Doritos Locos By Dorito Manila - Turbo,Manila,,3000.0,3000.0
22/6/2026,Medellín,Get Smashed Burgers - Turbo,CO900416437,Get Smash Manila - Turbo,Manila,,3000.0,3000.0
22/6/2026,Medellín,The Crunch Pizza - Turbo,CO900416183,The Crunch Manila - Turbo,Manila,,3000.0,3000.0
22/6/2026,Medellín,Ihop - Turbo,CO900420701,Ihop Manila - Turbo,Manila,,3000.0,3000.0
22/6/2026,Medellín,Get Smashed Burgers - Turbo,CO900416436,Get Smash Laureles - Turbo,Laureles,,2400.0,2400.0
22/6/2026,Medellín,Ihop - Turbo,CO900420699,Ihop Laureles - Turbo,Laureles,,2400.0,2400.0
22/6/2026,Medellín,The Crunch Pizza - Turbo,CO900416184,The Crunch Laureles - Turbo,Laureles,,2400.0,2400.0
22/6/2026,Medellín,Doritos Locos By Dorito - Turbo,CO900472101,Doritos Locos By Dorito Laureles - Turbo,Laureles,,2400.0,2400.0
22/6/2026,Medellín,Casa Arabe - Turbo,CO900477848,Casa Árabe Laureles - Turbo,Laureles,,2400.0,2400.0
22/6/2026,Medellín,Local Cocina Consciente - Turbo,CO900477099,Local - Cocina Consciente Laureles - Turbo,Laureles,,2400.0,2400.0
22/6/2026,Medellín,Desayunos Colombianos - Turbo,CO900480298,Desayunos Colombianos Laureles - Turbo,Laureles,,2400.0,2400.0
22/6/2026,Medellín,Alba Vegetarian - Turbo,CO900472648,Alba Vegetarian - Envigado Carrera 42 #40C 301 - Turbo,Envigado,,2400.0,2400.0
22/6/2026,Medellín,la Panquequeria - Turbo,CO900482234,La Panquequería Envigado - Turbo,Envigado,,2400.0,2400.0
22/6/2026,Medellín,Foodology Court - Turbo,CO900473568,Foodology Envigado - Turbo,Envigado,,2400.0,2400.0
22/6/2026,Medellín,Señor Burrito. - Turbo,CO900473588,Señor Burrito Envigado - Turbo,Envigado,,2400.0,2400.0
22/6/2026,Medellín,Numa Cocina Mediterranea - Turbo,CO900476059,Cocina Mediterranea Envigado - Turbo,Envigado,,2400.0,2400.0
22/6/2026,Medellín,Vicio - Turbo,CO900428425,Vicio Envigado - Turbo,Envigado,,2400.0,2400.0
22/6/2026,Medellín,Local Cocina Consciente - Turbo,CO900477098,Local - Cocina Consciente Envigado - Turbo,Envigado,,2400.0,2400.0
22/6/2026,Medellín,Doritos Locos By Dorito - Turbo,CO900473564,Doritos Locos By Dorito Envigado - Turbo,Envigado,,2400.0,2400.0
22/6/2026,Medellín,Cacerola - Turbo,CO900472657,Cacerola - Envigado - Turbo,Envigado,,2400.0,2400.0
22/6/2026,Medellín,Desayuno Mi Tierrita - Turbo,CO900473557,Desayuno Mi Tierrita Envigado - Turbo,Envigado,,2400.0,2400.0
22/6/2026,Medellín,Que Chicken By Robegrill - Turbo,CO900424250,Qué Chicken Manila - Turbo,Manila,,2400.0,2400.0
22/6/2026,Medellín,Mañanero Diario - Turbo,CO900475201,Mañanero Envigado - Turbo,Envigado,,2400.0,2400.0
22/6/2026,Medellín,Ñamgucheria Sandwiches - Turbo,CO900473583,Ñamguchería Envigado - Turbo,Envigado,,2400.0,2400.0
22/6/2026,Medellín,Almuerzos D´la Casa - Turbo,CO900483393,Almuerzos D´la Casa - Envigado - Turbo,Envigado,,2400.0,2400.0
22/6/2026,Medellín,Local Cocina Consciente - Turbo,CO900481557,Local - Cocina Consciente Manila - Turbo,Manila,,2400.0,2400.0
22/6/2026,Medellín,Bottaniko - Turbo,CO900472879,Bottaniko - Envigado - Turbo,Envigado,,2400.0,2400.0
22/6/2026,Medellín,Casa Arabe - Turbo,CO900477841,Casa Árabe Envigado - Turbo,Envigado,,2400.0,2400.0
22/6/2026,Medellín,Dembow - Turbo,CO900473652,Dembow - Envigado - Turbo Carrera 42 #40c Sur-29,Envigado,,2400.0,2400.0
22/6/2026,Medellín,la Cuadra Desayunos Caseros - Turbo,CO900473693,la Cuadra Desayunos Caseros Envigado - Turbo,Envigado,,2400.0,2400.0
22/6/2026,Medellín,Green House Fd - Turbo,CO900481563,Green House Manila - Turbo,Manila,,2400.0,2400.0
22/6/2026,Medellín,Honest Food Fdl - Turbo,CO900475460,Honest Food Envigado - Turbo,Envigado,,2400.0,2400.0
22/6/2026,Medellín,Selvatiko. - Turbo,CO900472669,Selvatiko. Envigado - Turbo,Envigado,,2400.0,2400.0
22/6/2026,Medellín,Mr Beast Burger - Turbo,CO900428939,Mr Beast Envigado - Turbo,Envigado,,2400.0,2400.0
22/6/2026,Medellín,Desayunos Colombianos - Turbo,CO900480287,Desayunos Colombianos Envigado - Turbo,Envigado,,2400.0,2400.0
22/6/2026,Medellín,Green House Fd - Turbo,CO900481562,Green House Envigado - Turbo,Envigado,,2400.0,2400.0
22/6/2026,Medellín,Desayunos de la Abuela - Turbo,CO900472678,Desayunos de la Abuela Envigado - Turbo,Envigado,,2400.0,2400.0
22/6/2026,Medellín,Burrito Cantina - Turbo,CO900473551,Burrito Cantina Envigado - Turbo,Envigado,,2400.0,2400.0
22/6/2026,Medellín,Cinnabon - Turbo,CO900475802,Cinnabon Envigado - Turbo,Envigado,,2400.0,2400.0
22/6/2026,Medellín,The Breakfast Club - Turbo,CO900475282,The Breakfast Club Envigado - Turbo,Envigado,,2400.0,2400.0
22/6/2026,Medellín,House Of Salads - Turbo,CO900476072,House Of Salads Envigado - Turbo,Envigado,,2400.0,2400.0
22/6/2026,Medellín,Pret Sandwich Bistro - Turbo,CO900472665,Pret Sandwich Bistro Envigado - Turbo,Envigado,,2400.0,2400.0
22/6/2026,Medellín,Monteverde - Turbo,CO900476068,Monteverde Envigado - Turbo,Envigado,,2400.0,2400.0
22/6/2026,Medellín,la Panquequeria - Turbo,CO900482240,La Panquequería Laureles - Turbo,Laureles,,2400.0,2400.0
22/6/2026,Medellín,la Panquequeria - Turbo,CO900482233,La Panquequería Manila - Turbo,Manila,,2400.0,2400.0
22/6/2026,Medellín,Get Smashed Burgers - Turbo,CO900473575,Get Smashed Burgers Envigado - Turbo,Envigado,,2400.0,2400.0
22/6/2026,Medellín,Acpm Corrientazo - Turbo,CO900473538,Acpm Corrientazo Envigado - Turbo,Envigado,,2400.0,2400.0
22/6/2026,Pereira,Burger Lane - Turbo,CO900442994,Burger Lane Pereira - Turbo,Otra,,1000,1000
